function	S01	S02	S03	S04	S05	S06	S07	S08	S09	S10
ko:K00001	13410.2	4670.41	7600.81	31912.08	14445.39	32676.889999999996	181326.24	17595.18	17193.12	30577.79
ko:K00002	5182.6	435.2	3312.0	1948.0	1240.1	971.6	2128.65	992.4000000000001	2105.0	7322.0
ko:K00003	57254.12000000001	17286.61	37676.5	39968.7	23959.989999999998	53094.869999999995	408222.57000000007	41808.0	36356.72	74713.33
ko:K00004	589.25	60.0	107.0	113.0	2520.0	191.56	2636.85	806.5	405.5	629.36
ko:K00005	10381.26	3949.6400000000003	2057.52	5248.99	4112.29	15397.48	208710.00000000003	21051.379999999997	6122.02	22160.390000000003
ko:K00007	0.29	3.0	0.0	0.0	0.0	0.0	7.0	0.0	137.0	1.43
ko:K00008	16872.21	4617.57	41459.36	11621.029999999999	3006.95	9291.04	30313.249999999996	7550.79	4521.39	9986.939999999999
ko:K00009	32036.3	3893.33	99963.73999999999	37325.229999999996	23996.710000000003	37021.67	92749.85	29093.050000000003	20713.31	37163.6
ko:K00010	4454.2	1218.0	2113.83	3137.33	382.34000000000003	1052.56	25617.75	1145.83	1253.67	5677.29
ko:K00011	85.0	3.0	0.0	0.0	0.0	0.0	7.0	1.5	5.0	0.0
ko:K00012	79270.88	11697.57	116964.5	65257.35	71826.77	59136.53999999999	200026.2	57886.72	36523.94	77099.70999999999
ko:K00013	64196.130000000005	14304.2	92771.95000000001	61976.55	41166.14	61981.3	272812.25	42557.92	37566.43000000001	77296.6
ko:K00014	81886.05	20005.28	99136.11	69773.72	52650.67999999999	72519.93000000001	327945.96	62115.65	42370.19	85456.23000000001
ko:K00015	4188.43	813.3	976.95	1237.4299999999998	3603.0	2297.79	14108.15	4676.4	1095.75	3719.0
ko:K00016	32850.04	9449.16	23181.13	35164.72	11986.02	44476.68000000001	393654.4	31056.159999999996	18199.68	41476.270000000004
ko:K00018	58052.32	12534.740000000002	86969.42000000001	55519.66	33524.21	58943.92999999999	247924.63	39255.490000000005	29404.090000000004	58648.130000000005
ko:K00019	3.0	3.0	0.0	39.0	2102.25	7.69	62.0	1.5	54.0	7.0
ko:K00020	5376.02	1953.01	1202.43	881.0	7690.090000000001	1837.1100000000001	15935.16	6006.299999999999	3668.0699999999997	11326.949999999999
ko:K00021	0.0	3.0	0.0	0.0	114.0	0.0	0.0	0.0	0.0	0.0
ko:K00023	9776.079999999998	1263.19	55887.9	3950.93	5795.450000000001	9899.439999999999	13072.59	6182.3	9653.49	21712.87
ko:K00024	57553.130000000005	6908.579999999999	70665.42	47433.45	58523.92999999999	51516.829999999994	165737.33000000002	55055.58	33144.72	66458.07
ko:K00027	70147.87	15734.550000000001	94105.09000000001	66054.33	44908.100000000006	76629.0	459138.0299999999	63879.89	38064.06	77709.48999999999
ko:K00029	32473.9	4257.29	68475.58	36103.68	31823.899999999998	32194.840000000004	91609.24	34874.600000000006	19180.2	38698.600000000006
ko:K00030	8249.5	4027.8	3458.2	3932.0	3408.7	20577.5	143202.5	6667.5	7365.5	16797.5
ko:K00031	55282.35	13220.449999999999	88404.92000000001	60028.47	36905.65	42284.94	137204.26	30285.8	27806.18	56875.09999999999
ko:K00032	394.72	193.70999999999998	143.0	63.0	3478.359999999999	11.57	1722.79	2286.71	732.42	1808.9999999999998
ko:K00033	25984.55	3693.88	3412.8500000000004	10412.98	27117.81	17314.21	50153.5	17394.43	10274.760000000002	21485.449999999997
ko:K00034	569.0	64.8	96.0	68.0	1040.2	104.68	1376.6	417.0	281.5	352.5
ko:K00035	0.0	0.0	0.0	0.0	0.0	0.0	7.0	0.0	0.0	0.0
ko:K00036	23693.8	2608.08	3287.6000000000004	10198.9	27399.68	17291.309999999998	47605.350000000006	16263.279999999999	10129.510000000002	20670.25
ko:K00038	17.0	2.8	0.0	0.0	654.2	5.0	65.5	20.0	3.0	17.0
ko:K00039	0.29	0.0	0.0	0.0	0.0	0.0	0.0	0.0	29.0	1.43
ko:K00040	24297.4	6968.18	51856.700000000004	13667.460000000001	12648.26	14517.310000000001	45465.329999999994	18473.97	20538.61	43783.09
ko:K00041	40217.18	8255.44	75670.81000000001	45596.329999999994	25698.19	37975.58	100085.03	25286.679999999997	28272.2	55169.37
ko:K00042	8794.06	3070.9100000000003	6600.360000000001	6587.82	5693.02	6760.68	23786.73	9483.52	6835.32	11977.25
ko:K00043	0.0	3.0	0.0	0.0	0.0	0.0	0.0	0.0	5.0	0.0
ko:K00045	3242.6000000000004	722.73	36801.97	827.5	5830.35	5911.26	4893.6	3298.84	8367.07	12177.33
ko:K00046	51115.96	10210.83	83128.68000000001	53890.99	25575.64	45546.44	127681.70000000001	31576.509999999995	29400.82	58690.61
ko:K00048	37482.33	8300.47	15267.13	51614.37	24735.630000000005	25329.15	90352.54000000001	20817.35	22081.86	43522.29
ko:K00050	0.29	0.0	0.0	0.0	0.0	0.0	0.0	4.0	29.0	1.43
ko:K00052	63764.94	14006.67	94077.79000000001	62213.22	41634.47	64238.59	266926.95	44506.8	37339.48	73697.79999999999
ko:K00053	63021.119999999995	13543.33	93974.04000000001	62402.97	40093.740000000005	64299.36	268931.37	44440.880000000005	37960.83	76611.3
ko:K00054	827.6	105.0	295.2	458.8	611.0	2145.0	30054.55	1593.25	1203.35	2634.25
ko:K00055	12.4	10.0	0.0	35.0	1644.45	45.4	78.6	89.0	34.0	93.2
ko:K00057	70775.0	14511.96	92350.64000000001	67195.95000000001	45985.57	60699.43000000001	363814.57	64074.73	37126.94	78563.14
ko:K00058	105612.87	25637.28	110704.86000000002	95496.01999999999	60376.619999999995	97535.29999999999	489730.93	75537.98	54104.2	103713.41
ko:K00059	167900.71000000002	35625.32000000001	200061.59	151363.7	101806.12	127554.84	669666.15	116841.35	96931.48000000001	214537.84
ko:K00060	6016.46	2054.16	1564.01	2998.3199999999997	5897.26	2414.64	13992.719999999998	6700.460000000001	2344.08	3651.2799999999997
ko:K00064	7792.28	1183.5900000000001	788.0	14627.43	3106.75	5077.74	12110.29	6139.599999999999	5480.6900000000005	13867.7
ko:K00065	7727.629999999999	1992.17	10348.16	10325.66	3385.06	7574.95	19065.03	6768.929999999999	7779.4800000000005	11282.98
ko:K00066	2926.0	41.0	0.0	5.0	1080.25	0.0	0.0	511.0	4.0	942.0
ko:K00067	100626.74	19715.34	100623.34000000001	79132.81	65323.2	62643.509999999995	236482.4	65054.17	56220.08	123060.27
ko:K00068	2747.7799999999997	1499.09	463.53000000000003	251.67	2781.5899999999997	152.47	4376.26	5314.09	1079.45	2442.85
ko:K00073	1999.33	350.21	416.11	926.33	1386.63	338.47	5679.92	2377.64	481.58000000000004	202.48
ko:K00074	31006.09	7401.7	23003.36	24725.910000000003	11872.36	14708.68	55251.03	13595.27	15607.91	36753.43
ko:K00075	78922.1	16839.13	96422.69	69189.39	45898.21000000001	88150.61000000002	621741.8400000001	76147.33	40471.270000000004	90050.59
ko:K00076	3181.83	946.71	725.46	8517.3	7558.929999999999	1814.17	5640.77	3116.24	2740.33	3405.32
ko:K00077	54716.630000000005	11687.46	21967.54	50120.19	33740.340000000004	33675.729999999996	122809.45	27068.219999999998	24044.58	52456.71
ko:K00082	1353.5	111.0	34.0	162.5	910.0	41.0	1150.5	1545.0	535.0	2453.0
ko:K00086	164.0	31.6	0.0	55.0	743.4	28.56	118.67	36.0	19.0	34.0
ko:K00087	9401.26	4159.28	3299.53	4468.33	7099.0	3480.33	12164.27	8671.39	2346.1499999999996	4802.07
ko:K00088	75732.37	16798.34	96235.39000000001	66919.2	51436.46	79638.24	480678.44999999995	71432.88	42421.26	89862.29000000001
ko:K00090	694.72	254.01	143.0	97.0	4025.5599999999995	11.57	1736.79	2289.71	741.42	1812.9999999999998
ko:K00091	10378.55	2716.03	57927.170000000006	1883.2599999999998	7722.159999999999	11016.669999999998	6218.1900000000005	3042.12	5826.139999999999	7422.619999999999
ko:K00094	386.43	193.70999999999998	133.86	50.0	1298.86	15.13	1582.0	2187.57	375.43	130.85
ko:K00096	7947.48	1631.9799999999998	7924.08	3680.6699999999996	7372.360000000001	3306.67	34645.86	6861.4800000000005	9664.82	23350.46
ko:K00097	31608.190000000002	4335.44	68262.52	36323.64	33860.44	33168.54	96228.23000000001	33518.439999999995	17371.300000000003	32776.82
ko:K00098	39.0	3.0	84.0	75.0	2.43	41.56	1607.03	172.43	144.0	211.0
ko:K00099	74023.3	16617.46	96027.09	66930.92000000001	47227.91	75886.94	439787.32	63979.85	39617.59	81547.67000000001
ko:K00100	3670.33	1203.0	310.0	908.6700000000001	222.89	216.0	2844.07	603.1999999999999	40.25	453.75
ko:K00101	1854.7199999999998	321.21	177.0	63.0	3936.359999999999	42.57	1758.79	2306.71	1261.42	4282.0
ko:K00102	1462.0	96.8	80.83	86.0	927.03	80.01	163.67000000000002	61.59	571.25	2494.75
ko:K00103	0.0	0.0	0.0	0.0	103.0	0.0	0.0	1.5	0.0	0.0
ko:K00104	9745.130000000001	1665.1399999999999	10175.86	3436.0	11064.169999999998	2628.49	9966.67	6512.51	5201.25	12517.2
ko:K00105	0.0	6.0	60.0	94.8	829.0	4.13	1834.6	214.0	683.0	396.0
ko:K00108	12.29	3.0	2.0	27.8	4739.0	0.0	52.1	91.5	176.0	0.0
ko:K00109	9.0	1.0	2.0	0.0	17.5	0.0	25.0	14.0	0.0	0.0
ko:K00111	33113.04	10448.29	17648.550000000003	11900.89	21873.02	31043.5	182646.0	30505.440000000002	23562.31	54245.82000000001
ko:K00112	1352.82	348.28999999999996	1614.5	695.67	2562.33	2308.17	9375.359999999999	3116.28	1125.4199999999998	2508.0
ko:K00113	1365.82	353.76	1623.83	675.0	2570.86	2297.17	9153.689999999999	3034.61	1102.42	2442.0
ko:K00114	3.0	0.0	0.0	5.0	1080.25	0.0	9.5	0.0	5.0	0.0
ko:K00116	395.01	193.70999999999998	143.0	92.6	4151.36	29.26	1865.19	2290.71	667.42	1810.4299999999998
ko:K00117	395.01	193.70999999999998	150.14000000000001	66.0	3483.359999999999	11.57	1860.58	2293.85	901.4100000000001	3488.5800000000004
ko:K00118	42.0	4.0	11.0	23.0	0.0	0.0	0.0	16.0	0.0	0.0
ko:K00121	478.72	236.04	192.0	254.0	3813.61	454.7	3365.02	2542.46	1236.77	3320.25
ko:K00122	0.0	0.0	0.0	7.8	0.0	0.0	7.0	0.0	0.0	0.0
ko:K00123	27701.21	7115.62	8416.949999999999	17376.87	20590.72	23933.789999999997	158802.61	26801.159999999996	15434.720000000001	44097.3
ko:K00124	7377.94	965.42	1719.6599999999999	405.0	4876.299999999999	380.98	5635.08	5681.59	4294.84	14428.0
ko:K00125	0.0	0.0	0.0	0.0	40.0	0.0	0.0	0.0	275.0	323.0
ko:K00126	1.0	3.0	0.0	0.0	97.0	0.0	9.5	0.0	0.0	0.0
ko:K00127	4396.4400000000005	690.22	1532.83	325.0	4594.169999999999	744.14	5462.08	5587.92	3169.84	10025.0
ko:K00128	24169.94	5828.700000000001	8870.2	11111.05	16030.45	13840.669999999998	46854.880000000005	14447.529999999999	9874.8	24580.09
ko:K00129	0.0	0.0	0.0	0.0	4.0	0.0	0.0	0.0	0.0	0.0
ko:K00130	419.71	137.67000000000002	147.05	366.47	3238.08	119.75999999999999	1285.48	278.65000000000003	773.99	1846.4000000000003
ko:K00131	3163.96	887.75	5027.110000000001	4734.5599999999995	1639.2300000000002	4944.96	32410.939999999995	2512.2799999999997	3267.9	4968.59
ko:K00132	2776.0	1437.3	558.4	437.0	1086.7	943.0	13056.65	2539.0	1125.0	2128.0
ko:K00133	77994.37999999999	16983.97	96530.79999999999	67391.28	50204.11	77823.51000000001	470587.73	68161.31	41396.36	86062.81
ko:K00134	82906.04999999999	18290.2	99160.17000000001	71884.08	54894.490000000005	79372.55000000002	481953.52	73506.34	43485.2	90220.82
ko:K00135	1249.23	503.41999999999996	371.81000000000006	443.5	5698.4	136.83	7938.8	6376.49	1774.43	5357.58
ko:K00137	386.72	193.70999999999998	141.0	53.0	1302.86	11.57	1719.79	2196.71	681.4200000000001	1808.9999999999998
ko:K00138	395.72	193.70999999999998	144.0	110.0	3598.359999999999	18.14	1925.79	2287.21	746.92	1818.4999999999998
ko:K00140	1628.85	496.65999999999997	829.3299999999999	111.83	4747.92	23.08	24321.25	550.1700000000001	832.0	4192.860000000001
ko:K00141	0.29	0.0	0.0	0.0	7.0	0.0	14.0	7.0	34.0	1.43
ko:K00145	66269.70999999999	13731.689999999999	93720.92	64585.380000000005	42513.36	66295.8	312473.42000000004	50703.37	39774.83	82947.6
ko:K00146	810.1099999999999	162.67000000000002	135.07999999999998	336.67	1880.7	422.96000000000004	1700.52	545.67	551.9	307.88
ko:K00147	67600.6	14849.33	89015.95	65186.42000000001	44385.899999999994	75546.26	430805.31999999995	57228.71000000001	38904.83	80556.93
ko:K00148	54.0	6.0	0.0	73.0	1087.25	0.0	35.4	1.5	9.0	0.0
ko:K00150	0.0	0.0	0.0	0.0	20.0	0.0	0.0	0.0	0.0	0.0
ko:K00151	810.1099999999999	162.67000000000002	135.07999999999998	302.67	1269.7	419.4	1686.52	540.67	523.9	307.88
ko:K00153	0.0	1.33	0.0	14.0	47.0	10.0	82.33	10.5	7.0	27.0
ko:K00154	6.0	0.0	2.0	5.0	1099.25	0.0	17.0	90.0	71.0	0.0
ko:K00156	4873.32	1381.17	1141.42	2219.5	12273.73	3708.1000000000004	13626.94	8465.92	3933.24	4654.7300000000005
ko:K00158	1153.2199999999998	524.37	295.67	295.47	5362.780000000001	769.0200000000001	7553.639999999999	4301.969999999999	2311.34	2543.08
ko:K00161	2707.6400000000003	685.95	2045.9399999999998	5882.79	6074.45	3733.37	34066.78	4609.42	2990.36	4440.58
ko:K00162	2176.97	567.49	328.27	868.13	5606.25	3315.7	34274.78	4073.59	2482.69	3528.58
ko:K00163	478.72	204.04	1165.5	171.67000000000002	2674.78	73.57000000000001	2974.96	2652.88	784.42	1903.0
ko:K00164	2430.7200000000003	634.87	1219.5	304.47	6081.780000000001	716.0300000000002	4583.889999999999	4309.72	2201.0899999999997	4362.33
ko:K00166	20.0	0.0	35.0	60.8	1838.25	14.13	938.6	8.0	7.0	6.0
ko:K00167	20.0	0.0	1.0	46.8	1809.25	10.13	255.1	9.5	10.5	15.5
ko:K00169	6482.139999999999	808.88	6546.549999999999	6335.23	667.73	3383.78	16236.84	2475.49	5249.120000000001	11544.150000000001
ko:K00170	6174.139999999999	796.88	6196.549999999999	6335.23	735.73	3383.78	15363.84	2515.99	5249.120000000001	11466.15
ko:K00171	3768.44	543.88	1017.45	2051.83	354.2	2295.17	14242.17	1645.25	659.42	1955.25
ko:K00172	6156.74	786.88	6196.549999999999	6319.23	672.53	3373.38	15368.24	2432.99	5227.72	11420.95
ko:K00174	72596.84000000001	11738.22	75804.59000000001	78724.23999999999	61462.05	87579.29999999999	441881.5	72952.29999999999	43402.19	79682.01000000001
ko:K00175	72434.5	11722.89	75804.59000000001	78704.08	61459.05	87502.79999999999	441822.5	72706.29999999999	43400.19	79619.01000000001
ko:K00176	42070.86	7584.27	70122.59000000001	40312.5	34285.55	52704.39	209855.2	36470.84	23110.629999999997	43673.7
ko:K00177	41756.53	7667.6900000000005	72855.09000000001	40165.5	33368.35	52018.659999999996	204894.77000000002	34458.5	23896.06	48724.17
ko:K00179	47764.96	9562.119999999999	14857.830000000002	47457.100000000006	30172.91	47296.55	224936.69	34917.649999999994	28473.1	51828.99
ko:K00180	47018.96	9491.619999999999	14806.580000000002	47463.770000000004	29708.91	47230.05	223593.94	34520.649999999994	28275.35	51712.99
ko:K00183	123.0	61.0	81.0	34.0	62.5	50.0	1094.0	729.5	30.0	130.0
ko:K00184	3620.43	839.79	444.86	222.0	4997.36	875.9000000000001	7065.83	6136.91	2607.1	3689.75
ko:K00185	1959.0	532.0799999999999	254.0	172.0	3592.5	818.33	4525.33	3173.84	1687.67	1058.33
ko:K00186	372.0	78.0	0.0	47.0	20.0	0.0	0.0	0.0	275.0	323.0
ko:K00187	660.0	62.0	88.0	0.0	312.0	83.0	812.0	290.0	524.0	626.0
ko:K00188	169.0	12.0	0.0	0.0	20.0	0.0	0.0	0.0	0.0	0.0
ko:K00194	4367.34	1464.51	473.14	540.16	2209.71	103.14	1694.75	438.64	233.36	829.0699999999999
ko:K00195	2.0	0.0	0.0	5.0	1080.25	0.0	0.0	0.0	0.0	0.0
ko:K00196	4952.01	995.56	794.61	1189.56	3370.7400000000002	17697.97	93561.36	3765.99	2608.8199999999997	5913.09
ko:K00197	4542.34	1464.51	613.14	540.16	2218.71	103.14	1713.75	443.64	239.36	926.0699999999999
ko:K00198	5889.84	1562.81	643.5899999999999	987.49	2392.11	299.04	4642.35	1322.1399999999999	361.51	1097.27
ko:K00200	1.0	0.0	0.0	0.0	20.0	0.0	2.5	0.0	0.0	0.0
ko:K00201	1.0	0.0	0.0	0.0	20.0	0.0	2.5	0.0	0.0	0.0
ko:K00202	1.0	0.0	0.0	0.0	20.0	0.0	2.5	0.0	0.0	0.0
ko:K00203	0.0	0.0	0.0	0.0	20.0	0.0	0.0	0.0	0.0	0.0
ko:K00204	0.0	0.0	0.0	0.0	20.0	0.0	0.0	0.0	0.0	0.0
ko:K00205	7.0	0.0	0.0	0.0	59.5	0.0	125.5	0.0	0.0	0.0
ko:K00207	0.0	0.0	0.0	0.0	0.0	17.17	5.17	1.67	0.0	0.0
ko:K00208	34911.85	4043.08	68684.08	36086.479999999996	33168.79	32122.4	90000.05000000002	33009.39	18380.78	37772.6
ko:K00209	2504.17	256.67	515.33	1781.67	1615.75	102.0	2566.34	473.17	424.0	1165.0
ko:K00210	22312.61	2307.84	66821.17000000001	33113.93	22274.800000000003	28586.760000000002	50652.11	17150.350000000002	8555.94	18660.47
ko:K00211	169.0	12.0	0.0	0.0	0.0	0.0	0.0	0.0	0.0	0.0
ko:K00215	72176.03	16450.8	95681.37000000001	66442.61	46551.130000000005	77530.77	473362.34	64589.68	40614.69	84153.06
ko:K00216	935.72	251.70999999999998	231.67	101.0	1689.86	94.57	2531.79	2572.71	965.4200000000001	2112.0
ko:K00217	19.0	2.8	0.0	5.0	1107.45	0.0	14.0	0.0	0.0	0.0
ko:K00219	1540.7199999999998	535.71	491.83000000000004	473.0	4114.69	748.21	7704.959999999999	3736.5499999999993	1789.42	6560.999999999999
ko:K00220	459.83	154.0	131.5	112.0	1297.25	120.0	895.0	240.0	113.0	974.0
ko:K00226	55305.240000000005	7233.66	71965.09	74709.08	54899.17	56167.04	243265.21999999997	53709.17	32855.48	65595.14
ko:K00227	0.0	0.0	0.0	0.0	0.0	0.0	0.0	0.0	15.0	0.0
ko:K00228	393.72	196.70999999999998	143.0	58.0	2495.11	11.57	1732.29	2286.71	737.42	1808.9999999999998
ko:K00230	1932.05	327.53999999999996	1250.33	278.67	1410.3600000000001	195.08000000000004	2279.63	2638.22	1348.42	4477.0
ko:K00231	828.0	131.07999999999998	371.41999999999996	116.8	2555.17	1484.6899999999998	6510.82	1379.67	43.25	58.5
ko:K00232	0.0	0.0	0.0	0.0	4.0	0.0	0.0	0.0	0.0	0.0
ko:K00239	53201.13	11669.150000000001	77131.19	41962.39	41953.83	39922.95	142359.24	43368.47	25495.840000000004	50737.0
ko:K00240	31801.6	4216.46	67869.59000000001	36050.23	35096.130000000005	32523.39	94840.15	33282.97	17559.780000000002	32456.8
ko:K00241	28391.85	3685.46	67556.34000000001	35847.48	32700.83	32152.39	90620.3	31941.22	16808.530000000002	31329.6
ko:K00242	393.72	196.70999999999998	143.0	72.0	2520.11	21.57	1770.29	2288.21	740.42	1808.9999999999998
ko:K00243	44488.600000000006	7571.37	83738.6	48125.37	31402.190000000002	50712.03	293649.72	45949.46	24753.199999999997	51747.03
ko:K00244	47010.07	7883.0599999999995	14662.58	9179.16	9200.85	11709.62	38446.8	18746.07	15107.71	40905.93
ko:K00245	2566.72	432.21	1295.6599999999999	279.0	1731.19	197.08	2790.96	2830.0499999999997	1474.42	4571.0
ko:K00246	2292.7200000000003	380.71	1248.83	193.0	1700.86	156.57	2614.79	2766.71	1470.42	4565.0
ko:K00247	386.72	193.70999999999998	1126.83	146.0	1298.86	42.57	1770.79	2456.71	686.4200000000001	1808.9999999999998
ko:K00248	30435.96	6464.619999999999	22612.32	23475.160000000003	12764.18	15189.84	53117.74	16240.55	12805.24	33648.43
ko:K00249	838.86	393.41999999999996	275.72	164.0	12697.219999999998	91.4	3511.0	4847.14	1024.8600000000001	270.84
ko:K00252	2.0	0.0	0.0	12.8	1320.25	0.0	39.25	104.75	47.0	7.75
ko:K00253	21.0	3.0	0.0	5.0	1183.25	0.0	9.5	5.0	24.0	6.0
ko:K00254	9018.8	2088.87	2347.08	27398.72	15325.410000000002	7765.48	75222.16	19732.059999999998	10894.69	20927.779999999995
ko:K00255	8.0	0.0	4.0	0.0	88.0	20.0	82.0	181.5	94.0	0.0
ko:K00256	0.0	0.0	0.0	0.0	3.0	0.0	21.0	0.0	5.0	0.0
ko:K00257	0.0	0.0	0.0	0.0	4.0	0.0	24.0	95.5	0.0	0.0
ko:K00259	31848.879999999997	3474.59	60144.670000000006	12552.029999999999	28804.350000000002	30485.299999999996	91092.91	24313.4	16293.69	30859.27
ko:K00260	5806.67	1022.47	9410.529999999999	5805.14	942.2	3268.25	10023.77	1952.8400000000001	3228.5	4154.5
ko:K00261	46120.53	13735.36	28790.93	34257.81	13745.52	62303.62000000001	451711.12	34421.54	21755.07	43230.43
ko:K00262	101809.03	20673.64	104658.02	105545.25	73608.3	118679.97	658192.99	96254.52	55459.240000000005	111207.62
ko:K00263	408.0	182.0	0.0	39.0	1706.25	4.13	55.5	13.5	769.0	3040.0
ko:K00265	55565.69	12729.59	82277.45000000001	59676.8	32448.370000000003	58579.61	235513.76	35868.520000000004	30601.08	59663.600000000006
ko:K00266	138315.15000000002	32652.63	253690.74	145880.71999999997	71488.28	111381.90000000001	358683.65	93506.45999999999	76019.73999999999	158187.53
ko:K00270	0.0	0.0	0.0	0.0	99.0	0.57	0.0	0.0	0.0	0.0
ko:K00271	0.0	0.0	0.0	0.0	25.0	10.0	38.0	1.5	0.0	0.0
ko:K00273	0.0	0.0	0.0	0.0	0.0	0.0	0.0	3.0	0.0	0.0
ko:K00274	2.0	0.0	35.0	39.0	1183.25	0.0	872.0	0.0	12.0	0.0
ko:K00275	15295.720000000001	1295.14	2063.83	7239.000000000001	19829.210000000003	8361.5	21848.120000000003	7553.35	7047.49	14542.73
ko:K00276	0.29	0.0	0.0	0.0	12.0	0.0	0.5	2.0	29.0	1.43
ko:K00278	49541.37	9516.029999999999	76281.17	52934.52	38595.78	56466.04	247366.44	41091.09	28333.33	55286.3
ko:K00281	29110.85	3803.58	3803.75	35842.68	33413.21	22310.93	81233.11	27645.05	17230.78	31837.6
ko:K00282	12479.150000000001	2673.79	3789.76	2576.3900000000003	6567.27	3097.3500000000004	12846.63	6326.42	1135.5500000000002	2463.15
ko:K00283	36115.049999999996	5929.29	6106.1	37869.81999999999	33847.880000000005	23465.0	90688.11	29328.629999999997	16991.46	33752.82
ko:K00284	54993.8	12139.66	84366.03	59581.92999999999	24165.73	40720.869999999995	132075.33000000002	30647.300000000003	27029.739999999998	60041.27
ko:K00285	2497.95	580.42	553.46	574.0	6698.790000000001	1943.27	32624.71	5838.099999999999	2891.2	7017.67
ko:K00286	73890.36	16964.8	90770.52	67169.88	49751.72	77669.06999999999	473033.70999999996	68078.70999999999	42727.96	88027.88
ko:K00287	58885.14000000001	10291.970000000001	86814.91	53511.12	41220.63999999999	54637.87000000001	335716.36	55914.2	29069.15	64221.02
ko:K00288	174.57999999999998	63.0	22.5	140.0	373.0	118.0	1834.0	277.0	257.0	529.0
ko:K00290	50831.81	10871.66	78601.0	54703.84	32307.569999999996	43251.09	141714.19	39771.97	29455.739999999998	53606.45
ko:K00293	7.0	0.0	20.0	38.0	16.0	33.0	134.0	12.0	0.0	0.0
ko:K00294	10546.98	1456.69	1045.0	4284.73	6419.25	8375.43	15029.09	4522.7	3428.29	11216.869999999999
ko:K00297	67284.07	15565.29	94970.17000000001	66184.32	45613.42999999999	68003.74	319444.23	52528.06	43108.46000000001	85400.99
ko:K00298	7.0	0.0	20.0	38.0	16.0	33.0	134.0	12.0	0.0	1.33
ko:K00299	394.72	196.70999999999998	178.0	70.8	4357.36	38.69	1812.79	2289.71	746.42	1828.9999999999998
ko:K00301	0.0	0.0	0.0	0.0	103.0	3.56	0.0	1.5	0.0	0.0
ko:K00302	81.8	3.55	2.67	264.0	1373.45	10957.0	150512.5	11477.5	4.0	15.0
ko:K00303	3210.6	846.55	5387.67	4619.0	1351.45	2960.56	6642.0	1533.5	3050.0	3909.0
ko:K00304	2.0	0.0	0.0	5.0	1080.25	0.0	7.0	0.0	4.0	0.0
ko:K00305	17.0	0.0	13.0	5.0	1258.25	3.0	66.0	3.0	17.0	0.0
ko:K00311	93.0	3.0	2.0	5.0	1196.25	0.0	29.0	91.5	85.0	0.0
ko:K00313	1513.7900000000002	615.03	876.8000000000001	285.33	4072.08	148.05	6886.61	6900.59	1349.03	2263.84
ko:K00316	2.0	0.0	0.0	5.0	1080.25	0.0	0.0	0.0	0.0	0.0
ko:K00317	0.0	0.0	0.0	0.0	0.0	0.0	7.0	0.0	0.0	0.0
ko:K00318	2206.5	333.5	617.0	595.3	2388.5	1617.25	8430.4	3538.5	0.0	6.0
ko:K00319	0.0	0.0	0.0	0.0	20.0	0.0	0.0	0.0	0.0	0.0
ko:K00320	0.0	0.0	0.0	0.0	20.0	0.0	0.0	3.0	0.0	0.0
ko:K00322	410.72	196.70999999999998	143.0	58.0	2432.11	21.57	1767.79	2293.21	737.42	1814.9999999999998
ko:K00324	6903.22	495.21	1266.33	379.5	6164.96	64.57	7099.49	5243.209999999999	1095.92	3618.4
ko:K00325	3635.97	344.46	1214.08	262.75	3729.4100000000003	53.57	4950.64	3865.9599999999996	902.67	2753.2000000000003
ko:K00329	17.0	3.0	6.0	307.0	110.0	42.0	291.6	140.5	78.5	148.5
ko:K00330	24527.35	2951.46	66536.09000000001	33916.35	30857.58	28908.33	51468.649999999994	20989.22	15023.78	27900.6
ko:K00331	25018.18	2993.46	66933.79000000001	33918.35	29833.33	29075.33	55532.649999999994	21414.22	15125.78	28156.6
ko:K00332	835.5	323.71	316.67	106.67	3698.87	605.9000000000001	3488.0	1743.0100000000002	927.67	190.32999999999998
ko:K00333	25131.46	2850.55	66878.79000000001	33907.35	27747.42	29146.760000000002	54621.86	19417.510000000002	14642.36	26650.6
ko:K00334	28809.64	7767.82	6472.59	9440.83	15996.54	40829.340000000004	247833.07	17380.7	11792.42	16596.05
ko:K00335	40345.979999999996	9002.71	8115.789999999999	14455.330000000002	20570.07	44483.87	260312.09999999998	22415.07	14381.82	26360.45
ko:K00336	41007.44	10590.23	18847.39	19961.489999999998	19376.54	31003.85	186585.99000000002	22705.04	17148.59	29282.05
ko:K00337	25819.18	3119.26	67021.79000000001	33965.35	30154.53	29158.33	55489.049999999996	21704.22	15649.78	28782.6
ko:K00338	26481.85	3293.96	66650.29000000001	33955.35	29825.33	28908.33	55903.149999999994	21167.72	15622.78	31964.6
ko:K00339	24682.35	2951.46	66816.09000000001	33911.35	29777.33	28908.33	51468.649999999994	20989.22	15023.78	27984.6
ko:K00340	24527.35	2951.46	66536.09000000001	33916.35	30857.58	28908.33	51468.649999999994	20989.22	15023.78	27900.6
ko:K00341	26410.35	3175.46	66895.09000000001	33931.15	30922.58	29075.33	54432.25	21522.22	15172.779999999999	28150.6
ko:K00342	27650.35	2995.26	66818.09000000001	33916.35	30896.78	28908.33	51478.649999999994	21590.22	15070.779999999999	28926.6
ko:K00343	27627.35	2992.46	66816.09000000001	33911.35	29777.33	28908.33	51468.649999999994	21500.22	15023.78	28926.6
ko:K00344	1017.76	282.71	366.39	173.6	9858.11	154.07	5279.03	3316.0999999999995	1342.41	3823.1500000000005
ko:K00346	27650.42	3199.5400000000004	68299.25	35763.68	27767.100000000006	31556.859999999997	84977.66	28225.5	15262.69	29397.7
ko:K00347	27836.08	3334.54	68438.25	35896.68	27799.100000000006	31717.859999999997	85921.66	28399.5	15386.69	29704.7
ko:K00348	27541.42	3188.5400000000004	68306.39	35766.68	27767.100000000006	31523.859999999997	85094.95000000001	28134.64	15460.679999999998	31077.28
ko:K00349	27541.42	3188.5400000000004	68299.25	35763.68	27767.100000000006	31523.859999999997	84957.66	28127.5	15262.69	29397.7
ko:K00350	27541.42	3188.5400000000004	68299.25	35763.68	27767.100000000006	31523.859999999997	84957.66	28127.5	15262.69	29399.13
ko:K00351	27650.42	3200.5400000000004	68299.25	35763.68	27767.100000000006	31556.859999999997	84977.16	28225.5	15262.69	29397.7
ko:K00354	123.0	17.0	77.0	35.67	536.0	12.13	85.0	34.67	33.0	140.0
ko:K00355	2036.29	345.5	1345.05	481.0	4824.58	2303.84	28011.94	1989.31	1036.3400000000001	3907.58
ko:K00356	17.0	3.0	6.0	307.0	110.0	42.0	291.6	140.5	78.5	148.5
ko:K00360	10.4	10.0	0.0	3.0	25.2	20.4	48.6	46.0	21.4	45.2
ko:K00362	465.41	228.20999999999998	145.0	429.13	4032.8100000000004	11023.59	152837.99	14113.21	979.82	1887.6299999999999
ko:K00363	389.72	196.70999999999998	141.0	113.8	3029.1100000000006	25.130000000000003	1802.89	2199.71	693.4200000000001	1808.9999999999998
ko:K00364	1887.02	324.71	415.68000000000006	340.33	1977.69	193.15	5790.16	2536.8	1983.42	4880.75
ko:K00365	0.0	0.0	0.0	0.0	29.0	10.0	38.0	1.5	0.0	0.0
ko:K00366	1675.5	438.36	1175.53	3363.33	1041.81	11928.78	155535.82	13793.060000000001	374.47	1281.1399999999999
ko:K00367	489.0	48.0	0.0	0.0	289.0	83.0	810.0	290.0	175.0	140.0
ko:K00368	489.0	49.33	1057.5	113.67	409.67	135.0	2859.67	616.1700000000001	208.0	234.0
ko:K00370	2724.9399999999996	561.75	435.92	260.8	4109.639999999999	219.64	5840.599999999999	4825.59	2000.5900000000001	6247.0
ko:K00371	2724.9399999999996	561.75	435.92	246.8	4109.639999999999	219.64	5840.599999999999	4825.59	1997.5900000000001	6247.0
ko:K00372	70.85	20.0	156.11	394.56	2029.0300000000002	11185.13	154859.47	11962.78	200.0	124.32
ko:K00373	2724.9399999999996	561.75	435.92	246.8	4109.639999999999	219.64	5840.599999999999	4788.59	1997.5900000000001	6247.0
ko:K00374	3493.94	684.75	523.92	293.8	4410.639999999999	302.64	6652.5999999999985	5120.59	2521.59	6879.0
ko:K00375	44181.31	12763.61	31795.03	35340.630000000005	18292.33	46576.74	358199.67000000004	34310.86	23863.019999999997	56095.990000000005
ko:K00376	3.0	0.0	0.0	5.0	1174.25	0.0	2.5	0.0	2.0	0.0
ko:K00380	1364.72	824.37	1069.0	303.8	9905.36	1214.7900000000002	4738.549999999999	5883.889999999999	2565.7599999999998	1821.6599999999999
ko:K00381	1049.72	521.04	1069.0	243.0	6955.360000000001	630.46	3268.2200000000003	4174.55	1636.09	1815.33
ko:K00382	53962.38	8196.38	10492.24	49537.19	47378.409999999996	32201.17	170211.06	43069.83	24091.0	52345.32000000001
ko:K00383	810.52	305.71	1398.43	560.0	2966.61	1917.57	31375.239999999998	3965.46	1914.37	4449.25
ko:K00384	118086.61	29964.49	115972.73999999999	91719.20999999999	63240.729999999996	108300.03000000001	644921.51	85979.45	61760.56	131640.44
ko:K00385	2248.2000000000003	238.73000000000002	2100.24	1708.3999999999999	236.5	1575.24	6928.22	1009.8199999999999	697.66	965.47
ko:K00387	0.0	0.0	0.0	0.0	0.0	0.0	0.0	1.5	0.0	0.0
ko:K00389	386.72	193.70999999999998	141.0	53.0	1871.86	35.129999999999995	1795.79	2198.21	681.4200000000001	1808.9999999999998
ko:K00390	10429.07	1721.61	65313.649999999994	15996.2	4768.51	11940.7	30345.29	5539.3099999999995	6295.219999999999	10433.7
ko:K00392	1506.0	425.86	34930.28	3063.0	1285.81	3417.84	4863.67	2277.56	348.72	1225.1399999999999
ko:K00394	6311.95	1289.9	7483.75	13425.999999999998	781.9	4488.0	12318.6	2359.2	4748.4	6145.1
ko:K00395	6506.95	1386.9	7535.25	13469.999999999998	701.9	4442.0	15762.6	2246.2	5298.4	10167.1
ko:K00399	0.0	0.0	0.0	0.0	20.0	0.0	0.0	0.0	0.0	0.0
ko:K00400	0.0	0.0	0.0	0.0	40.0	0.0	0.0	0.0	0.0	0.0
ko:K00401	0.0	0.0	0.0	0.0	20.0	0.0	0.0	0.0	0.0	0.0
ko:K00402	0.0	0.0	0.0	0.0	20.0	0.0	0.0	0.0	0.0	0.0
ko:K00404	9.0	3.0	0.0	20.0	4420.0	0.0	2.5	0.0	19.0	0.0
ko:K00405	5.0	3.0	0.0	10.0	2258.5	0.0	2.5	0.0	15.0	0.0
ko:K00406	19.0	3.0	40.0	86.0	2290.5	66.0	270.5	24.0	15.0	0.0
ko:K00407	5.0	3.0	0.0	10.0	2258.5	0.0	2.5	0.0	15.0	0.0
ko:K00411	4.0	3.0	0.0	5.0	1178.25	0.0	12.0	1.5	11.0	1.43
ko:K00412	236.0	69.0	40.0	81.0	1223.25	66.0	277.5	30.5	11.0	7.43
ko:K00413	3.0	3.0	0.0	5.0	1178.25	0.0	9.5	1.5	11.0	0.0
ko:K00423	0.0	0.0	0.0	0.0	0.0	0.0	0.0	83.0	32.0	0.0
ko:K00424	391.72	196.70999999999998	143.0	53.0	1411.86	11.57	1739.29	2286.71	733.42	1808.9999999999998
ko:K00425	30994.86	4148.42	68667.14000000001	36290.48	35668.700000000004	32407.6	93270.98000000001	35069.84	18773.440000000002	37913.68
ko:K00426	32699.86	4374.42	68721.0	38135.48	35923.270000000004	43364.6	243642.25999999998	46544.270000000004	18643.45	36347.53
ko:K00427	1184.1499999999999	569.42	276.86	103.0	2614.29	23.14	3311.36	4477.85	1847.8500000000001	4971.42
ko:K00428	13142.93	1590.54	2412.02	27453.5	12374.44	12076.74	33978.93	19021.08	2836.1000000000004	10144.75
ko:K00432	9346.93	1645.3	59473.96000000001	5619.43	10368.359999999999	15083.91	40229.990000000005	5691.02	7865.25	20346.62
ko:K00433	3071.12	471.0	4561.34	2158.0	3893.57	2547.69	28451.62	1705.85	3707.99	12986.58
ko:K00435	0.5	0.5	83.25	88.13	626.0	75.63	652.35	29.5	24.75	4.0
ko:K00436	19.0	3.0	0.0	0.0	39.0	0.0	2.5	6.5	0.0	6.0
ko:K00437	769.0	123.0	88.0	47.0	301.0	83.0	812.0	295.0	524.0	632.0
ko:K00440	0.0	0.0	0.0	0.0	20.0	0.0	0.0	0.0	0.0	0.0
ko:K00441	616.83	111.0	242.5	147.0	135.0	102.5	405.5	93.0	279.5	599.5
ko:K00442	35.0	2.8	0.0	0.0	49.2	0.0	0.0	5.0	0.0	6.0
ko:K00443	489.0	48.0	0.0	0.0	309.0	83.0	810.0	290.0	173.0	140.0
ko:K00446	2.0	0.0	0.0	0.0	300.0	0.0	5.0	0.0	29.0	0.0
ko:K00448	6.29	3.0	2.0	5.0	1106.25	0.0	14.0	12.5	53.0	1.43
ko:K00449	6.29	3.0	2.0	5.0	1106.25	0.0	10.0	12.5	53.0	1.43
ko:K00450	2.0	0.0	0.0	5.0	1378.68	0.0	12.43	11.93	0.0	1.43
ko:K00451	9.0	3.0	20.0	43.0	1218.25	43.57	179.0	13.5	9.0	0.0
ko:K00452	0.0	0.0	0.0	0.0	97.0	0.0	0.0	1.5	0.0	0.0
ko:K00453	2.0	0.0	0.0	5.0	1298.25	10.0	45.0	1.5	9.0	0.0
ko:K00455	3.29	0.0	0.0	5.0	1080.25	0.0	10.0	2.0	34.0	1.43
ko:K00456	0.0	0.0	0.0	34.0	99.0	0.0	0.0	0.0	0.0	0.0
ko:K00457	12.29	3.0	20.0	48.0	2302.5	43.57	195.5	17.5	175.0	1.43
ko:K00459	7050.22	592.8	358.15999999999997	365.8	5995.61	285.58	1854.44	1022.6800000000001	1700.0	6481.43
ko:K00462	0.0	0.0	0.0	0.0	99.0	0.0	0.0	0.0	0.0	0.0
ko:K00466	2.0	0.0	0.0	5.0	1084.25	0.0	0.0	0.0	4.0	0.0
ko:K00467	0.0	0.0	29.0	10.0	108.0	0.0	904.0	201.0	26.25	3.0
ko:K00471	0.0	0.0	0.0	0.0	0.0	0.0	7.0	0.0	0.0	0.0
ko:K00472	0.0	0.0	0.0	0.0	626.0	4.13	0.0	0.0	5.0	0.0
ko:K00476	0.0	0.0	0.0	0.0	94.0	0.0	7.0	0.0	0.0	0.0
ko:K00477	0.0	3.0	0.0	0.0	94.0	0.0	7.0	0.0	5.0	0.0
ko:K00479	3.0	0.0	0.0	5.0	1084.25	3.56	16.5	1.5	4.0	0.0
ko:K00480	3.29	3.0	0.0	5.0	1189.68	0.0	21.93	13.43	0.0	1.43
ko:K00481	7.29	3.0	2.0	5.0	1127.25	10.0	50.5	12.5	38.0	1.43
ko:K00483	1763.62	233.26	1563.2	3010.66	3683.4	1604.8000000000002	3908.5	1384.33	708.67	2112.4300000000003
ko:K00484	908.6199999999999	466.33	116.5	165.0	1100.25	704.33	2359.33	1777.3400000000001	984.67	157.76000000000002
ko:K00486	0.0	0.0	0.0	0.0	0.0	0.0	0.0	1.5	0.0	0.0
ko:K00491	327.2	47.400000000000006	99.0	1571.8	1704.2	11783.33	152994.4	12742.300000000001	67.0	115.0
ko:K00493	0.0	0.0	0.0	0.0	25.0	10.0	38.0	1.5	0.0	0.0
ko:K00496	4.0	0.0	0.0	10.0	2172.5	0.0	7.0	83.0	71.0	0.0
ko:K00499	0.0	3.0	0.0	0.0	97.0	0.0	7.0	0.0	10.0	0.0
ko:K00500	9.0	3.0	20.0	43.0	1096.25	33.0	141.0	12.0	9.0	0.0
ko:K00505	55.0	13.0	15.0	47.0	49.0	3.56	7.0	0.0	0.0	0.0
ko:K00507	21.0	3.0	42.0	81.0	1364.25	86.0	363.5	117.0	71.0	0.0
ko:K00508	399.43	193.70999999999998	155.86	93.0	2466.68	54.57	1751.57	2281.14	427.43	129.42
ko:K00518	18.0	0.0	0.0	0.0	30.0	10.0	38.0	6.5	0.0	6.0
ko:K00520	1350.9	107.0	41.0	115.75	1504.45	253.15	2301.4	561.25	795.9	3240.95
ko:K00521	109.0	12.0	0.0	0.0	0.0	33.0	20.0	98.0	0.0	0.0
ko:K00523	635.72	248.20999999999998	141.0	58.0	2573.11	11.57	1729.29	2198.21	690.4200000000001	1808.9999999999998
ko:K00525	49658.71	10560.68	82522.99	45419.31	43923.59	44952.09	187038.99	48266.37	34111.78999999999	68294.73
ko:K00526	11556.98	4307.83	6668.429999999999	6479.88	10172.079999999998	8267.32	59115.25	10083.89	10402.490000000002	24327.559999999998
ko:K00527	0.0	0.0	0.0	0.0	0.0	0.0	0.0	7.0	0.0	0.0
ko:K00528	53516.92	14386.91	28696.199999999997	32192.16	27138.6	21207.73	164236.38	40182.369999999995	30846.120000000003	68274.0
ko:K00529	1.0	0.0	0.0	0.0	175.0	30.0	149.0	96.0	85.0	0.0
ko:K00532	967.0	26.0	27.5	26.0	733.89	74.0	138.07	128.78	67.0	157.0
ko:K00533	17603.03	5066.22	9223.58	8798.5	3895.0200000000004	7461.56	25980.6	6613.15	7363.299999999999	16400.3
ko:K00534	1961.0	194.0	122.0	47.0	338.0	114.0	844.0	310.0	1059.0	3079.0
ko:K00537	31504.4	10838.349999999999	18274.83	22929.8	23783.94	34225.009999999995	233597.13999999998	31011.479999999996	17712.76	46932.07
ko:K00542	0.0	0.0	0.0	0.0	21.0	10.0	38.0	0.0	0.0	0.0
ko:K00547	12102.300000000001	2026.0100000000002	11832.720000000001	18580.3	3084.16	9181.86	43146.64	6547.15	7016.2699999999995	12728.580000000002
ko:K00548	95044.6	23830.96	108873.09000000001	88875.83	50981.53	94639.29999999999	467173.72	68741.09	57102.009999999995	112538.23999999999
ko:K00549	17467.010000000002	2081.62	45946.880000000005	18753.64	22450.06	21169.16	94349.88	14680.85	10563.5	19243.059999999998
ko:K00554	77529.99	16810.46	96647.29999999999	67344.95000000001	48202.600000000006	77841.94	469405.34	66073.17	40784.94	85176.14
ko:K00555	0.0	0.0	0.0	0.0	20.0	0.0	0.0	0.0	0.0	0.0
ko:K00556	7026.07	1538.24	769.9200000000001	3073.92	9762.93	3002.67	43551.21	15008.529999999999	8187.67	15689.199999999999
ko:K00557	3997.72	478.71	1570.83	651.0	3687.1100000000006	1967.6999999999998	31671.04	4460.96	1865.77	4523.25
ko:K00558	95638.43	24092.410000000003	158741.14	129851.43	48948.740000000005	92480.16	360926.3	73721.25	64080.700000000004	134037.24
ko:K00560	61493.51	9739.18	24218.03	64097.66	43765.36	41688.009999999995	324906.74	56477.61	27159.770000000004	68400.9
ko:K00561	2078.35	331.48	34525.880000000005	836.41	4687.599999999999	4606.85	6554.1	3267.0	2456.4	3376.0
ko:K00563	20019.85	6527.62	10016.69	18148.16	10831.99	27097.070000000003	188403.94999999998	16442.53	11276.17	27139.83
ko:K00564	4583.65	1374.76	1896.35	833.22	7880.860000000001	2052.27	37973.88	7085.419999999998	2826.44	7133.450000000001
ko:K00566	124477.81999999999	23340.089999999997	104348.79999999999	137555.81	85118.9	115771.65	551266.47	86130.02	63720.399999999994	131231.47999999998
ko:K00567	91844.98000000001	16683.71	89994.83	71211.20000000001	70083.51000000001	90136.63999999998	499813.12999999995	85451.56	52734.21	111521.37
ko:K00568	5274.22	1039.21	771.5	1274.0	8524.36	1861.07	14917.59	7416.709999999999	6353.42	14764.0
ko:K00569	9.0	3.0	20.0	43.0	1190.25	33.0	134.0	12.0	19.0	0.0
ko:K00570	0.0	0.0	0.0	0.0	0.0	0.0	0.0	1.5	0.0	0.0
ko:K00571	59178.21	12309.07	19990.710000000003	57648.18	31967.18	27736.36	124785.12	30166.77	22739.3	47353.409999999996
ko:K00573	1453.7199999999998	343.46	249.0	148.0	4048.359999999999	157.57	2809.29	2515.21	1221.42	2441.0
ko:K00574	2232.6200000000003	543.69	627.8399999999999	421.08	3536.2200000000003	576.03	5982.23	3745.7699999999995	1338.18	3354.02
ko:K00575	14948.949999999999	1782.67	17624.34	11368.66	8129.51	6163.87	25525.54	6291.33	12931.48	24948.190000000002
ko:K00577	0.0	0.0	0.0	0.0	20.0	0.0	0.0	0.0	0.0	0.0
ko:K00578	0.0	0.0	0.0	0.0	20.0	0.0	0.0	0.0	0.0	0.0
ko:K00579	0.0	0.0	0.0	0.0	20.0	0.0	0.0	0.0	0.0	0.0
ko:K00580	0.0	0.0	0.0	0.0	20.0	0.0	0.0	0.0	0.0	0.0
ko:K00581	0.0	0.0	0.0	0.0	20.0	0.0	0.0	0.0	0.0	0.0
ko:K00582	0.0	0.0	0.0	0.0	20.0	0.0	0.0	0.0	0.0	0.0
ko:K00583	0.0	0.0	0.0	0.0	20.0	0.0	0.0	0.0	0.0	0.0
ko:K00584	6.0	0.75	0.0	0.0	42.0	0.0	27.5	5.5	0.0	0.0
ko:K00588	29226.93	3462.54	67666.02	36161.479999999996	29582.100000000006	33460.99	115051.10999999999	29345.25	16287.04	32013.52
ko:K00590	6890.08	1814.6599999999999	73017.0	3968.66	3633.0	8902.07	21182.0	7457.990000000001	6771.15	13218.95
ko:K00594	0.0	0.0	0.0	0.0	99.0	0.0	0.0	1.5	0.0	0.0
ko:K00595	42497.61	9014.880000000001	19296.870000000003	24262.42	23227.85	37698.92	239305.25	31357.5	22355.530000000002	52068.64
ko:K00596	0.0	0.0	0.0	0.0	21.0	10.0	64.0	1.5	6.0	7.0
ko:K00598	1398.07	724.04	175.86	260.75	2782.68	613.6500000000001	3823.3999999999996	4072.4799999999996	1488.35	719.1800000000001
ko:K00600	74076.12	15122.87	96180.66	66967.79000000001	46474.090000000004	76552.87	462135.11000000004	63383.69	39042.31	79908.94
ko:K00602	89138.92000000001	17849.39	164254.26	98160.15	62033.99	104081.78	507356.43	75521.7	50342.63	104920.19
ko:K00603	28327.98	4156.719999999999	3829.84	12296.93	23632.56	18433.42	70453.49	18138.64	15519.05	30451.34
ko:K00604	79997.84	16963.46	97281.29999999999	68067.95000000001	48592.8	78086.34000000001	471537.94	66519.67	41522.94	86709.34
ko:K00605	37951.149999999994	6286.12	5986.42	37535.82	37660.48	23765.53	88658.74	30649.47	17792.33	33564.75
ko:K00606	34935.47	4564.13	72101.37000000001	46872.82	34678.770000000004	34021.89	108347.22	33592.869999999995	20079.18	40719.7
ko:K00608	709.0	534.66	129.5	398.67	281.66999999999996	77.67	1082.0	724.67	25.0	116.0
ko:K00609	78573.74	17184.3	103920.43	73327.72	47345.740000000005	83125.6	477149.49999999994	68837.93	45665.17	88345.42000000001
ko:K00610	51979.38	10985.470000000001	88439.29000000001	52427.76	31086.170000000002	41650.17	128775.49	33786.53	23333.41	49371.02
ko:K00611	59301.78	16837.95	34937.65	38247.0	25623.969999999998	40679.35	259379.96000000002	32694.3	33778.490000000005	76317.63
ko:K00612	489.0	315.33	2.5	63.0	2182.5	584.33	1464.33	1629.3400000000001	897.67	6.33
ko:K00613	26.0	14.0	58.0	34.0	39.0	10.0	469.0	252.0	6.0	54.0
ko:K00615	142437.93	37204.86	129354.67000000001	100129.06	69702.72	159839.37	1060677.16	110175.28	73715.51	170480.82
ko:K00616	49110.11	11559.25	19631.97	27992.98	35565.58	38362.27	283575.67999999993	44307.41	38661.71	84314.2
ko:K00619	2049.0	438.05	2908.0	47.0	782.2	166.0	2758.5	723.0	1486.0	3874.0
ko:K00620	37439.69	10575.619999999999	25481.08	27979.71	12236.66	34254.53	203844.22	19325.82	19900.97	47323.33
ko:K00624	0.0	0.0	0.0	0.0	21.0	10.0	38.0	0.0	0.0	0.0
ko:K00625	76100.2	13288.380000000001	97684.32999999999	61292.200000000004	51121.649999999994	53318.22	171686.01	41093.66	34562.24	70782.2
ko:K00626	28225.48	6860.709999999999	20256.69	17082.73	19712.03	12967.33	86362.20999999999	18605.010000000002	16375.630000000001	42393.34
ko:K00627	6127.35	1619.42	4110.11	6377.41	12647.240000000002	5367.700000000001	88687.09999999999	10878.960000000001	4582.5199999999995	9529.64
ko:K00631	392.72	193.70999999999998	1128.83	151.0	2423.11	52.57	1811.79	2546.71	737.42	1808.9999999999998
ko:K00632	1746.02	451.21999999999997	363.14000000000004	262.8	8756.35	954.84	6797.3	4880.49	2004.8300000000002	6314.01
ko:K00633	19395.53	3337.76	5506.89	8436.310000000001	15422.12	12184.92	60516.36000000001	20396.089999999997	14075.98	34587.119999999995
ko:K00634	30092.87	6357.3099999999995	16396.58	40687.44	25290.089999999997	22695.690000000002	91994.38	21615.929999999997	22499.85	48643.74
ko:K00635	4.0	0.0	2.0	0.0	44.0	10.0	41.0	90.0	47.0	0.0
ko:K00638	117.0	12.0	0.0	64.0	4341.0	33.0	180.0	183.0	116.0	854.0
ko:K00639	71215.70999999999	10537.960000000001	82345.34	77580.64	69281.61	72928.51	348521.11	81689.97	38296.16	71987.89
ko:K00640	79601.82999999999	16765.45	137840.34	66387.08	46969.93000000001	76364.87999999999	300806.94	52966.87	36584.39000000001	78951.59
ko:K00641	3598.1	811.66	1305.5	1065.4699999999998	8601.42	1492.4	8521.6	6160.01	6044.67	9127.33
ko:K00645	66755.35	13383.93	93720.44	66046.3	39468.14	60278.94	341057.42	61181.34	39493.79	78307.22
ko:K00646	1299.0	76.0	34.0	34.0	143.0	31.0	39.0	20.0	540.0	2453.0
ko:K00647	36621.33	4379.28	169119.5	21680.29	20246.04	28142.72	27866.020000000004	13549.59	30760.88	76124.69
ko:K00648	96768.41	14952.73	95930.82999999999	72441.8	60879.59	69356.86	374617.49	73010.34	47541.91	109744.47
ko:K00650	169.0	12.0	0.0	0.0	0.0	0.0	0.0	0.0	0.0	0.0
ko:K00651	57347.61	12593.66	93037.49	61289.08	34207.68	62433.78999999999	275034.58999999997	38407.79	29283.910000000003	65361.770000000004
ko:K00652	56760.64	8719.93	72964.45	69116.79000000001	51092.17	60733.71000000001	254911.34999999998	53486.630000000005	22832.65	41181.29
ko:K00655	105548.69	24057.059999999998	121565.52000000002	82710.47	55726.14	88372.69	512379.4	78396.95999999999	54556.33	113281.74
ko:K00656	72838.66	17144.809999999998	93365.72000000002	62204.96	46353.119999999995	68172.54000000001	341814.79000000004	55147.240000000005	47244.89	91222.85
ko:K00657	34133.47	6024.93	67555.62	36207.009999999995	32644.79	33145.55	94436.60999999999	34385.05	18497.68	34270.53
ko:K00658	11163.720000000001	1460.4700000000003	3029.5	6527.97	10792.38	3800.63	14367.690000000002	8559.52	4755.49	13991.730000000001
ko:K00661	103330.95000000001	15598.95	33990.939999999995	108269.25	70698.82	80447.83	392328.95	78865.48000000001	50701.11	121545.07
ko:K00662	2798.0	835.0	5198.5	5525.0	93.0	3951.56	8094.0	1312.5	3283.0	3183.0
ko:K00663	231.0	142.0	105.0	95.0	1212.25	56.57	1739.0	41.0	0.0	8.43
ko:K00666	25897.33	3940.3599999999997	2665.86	33111.1	31936.99	19367.71	46419.55	16699.29	10425.44	21271.39
ko:K00672	1.0	0.0	0.0	0.0	40.0	0.0	2.5	0.0	0.0	0.0
ko:K00673	390.72	193.70999999999998	141.0	63.0	3459.359999999999	11.57	1733.79	2196.71	733.42	1808.9999999999998
ko:K00674	8121.639999999999	1669.6999999999998	3241.6899999999996	6129.38	11713.380000000001	5540.869999999999	77552.63	17365.11	11710.39	26738.949999999997
ko:K00675	856.0600000000001	377.04	146.0	440.96	3033.1100000000006	39.63	3059.64	2315.21	1545.4199999999998	4969.0
ko:K00677	58623.479999999996	6596.419999999999	138641.75	70748.19	53219.04	71209.53	281752.45999999996	56630.99	26840.22	54527.87
ko:K00680	0.0	0.0	0.0	7.8	0.0	3.56	20.6	0.0	0.0	0.0
ko:K00681	4598.01	741.21	1057.5	1819.8	6712.439999999999	1176.01	4511.0599999999995	3128.55	2509.92	6528.43
ko:K00683	5588.1	1040.2	654.0	2769.5	6946.1	2840.1000000000004	37129.4	11641.399999999998	6855.0	12469.0
ko:K00684	16957.5	1802.03	59343.67	15855.43	18203.26	17498.309999999998	24512.58	8783.85	8418.38	16734.2
ko:K00686	264.83	38.0	1.5	34.0	626.0	4.13	16.0	0.0	0.0	0.0
ko:K00687	736.8	279.0	445.6	551.8	504.0	1967.0	29944.449999999997	1419.75	1234.85	2765.75
ko:K00688	104833.58	25780.989999999998	113602.67	84419.35	55310.5	98211.48	486938.45000000007	70823.92	59243.380000000005	124783.84000000001
ko:K00689	1019.0	10.0	75.60000000000001	779.0	2796.8	4448.0	131936.4	2419.4	3170.0	10985.0
ko:K00690	3151.42	352.0	3428.46	971.42	1353.3400000000001	750.6400000000001	9470.34	1323.83	871.6	4323.02
ko:K00691	45771.06999999999	5261.469999999999	68303.56000000001	43177.11	41948.88	41213.08	108297.28	33030.270000000004	21419.340000000004	43685.21
ko:K00692	498.6	135.0	167.0	331.0	488.0	2206.12	25690.0	1161.0	653.6	2940.0
ko:K00693	21824.03	2125.34	66653.42000000001	32906.18	19741.75	28652.760000000002	47936.76	16217.100000000002	8305.69	16958.27
ko:K00694	2211.62	460.41999999999996	578.1	550.56	3166.1	309.33	31278.42	5120.6	2554.8399999999997	8403.319999999998
ko:K00696	18.0	0.0	0.0	0.0	9.0	0.0	0.0	5.0	0.0	6.0
ko:K00697	392.72	203.70999999999998	176.0	53.0	1362.86	36.57	2750.29	2311.21	689.4200000000001	1825.9999999999998
ko:K00700	97025.93	23630.33	109940.07000000002	87871.09	52824.58	78583.83	366596.19	64800.850000000006	52964.770000000004	108066.62
ko:K00701	0.0	0.0	0.0	0.0	4.0	0.0	0.0	36.0	0.0	19.0
ko:K00702	22130.36	6121.08	75258.75	13516.17	3873.8199999999997	19491.08	44196.77	7875.95	14318.73	28623.85
ko:K00703	74672.1	15961.73	95237.10000000002	65898.39	43119.65	67351.5	317464.02	51309.2	38410.07	78564.33
ko:K00705	107098.0	26447.510000000002	113254.51000000001	91964.13	54655.149999999994	97736.43999999999	497850.7	70887.85999999999	56001.81999999999	122064.67
ko:K00712	1391.4	505.73	428.6	806.2	971.4	4449.33	56715.329999999994	4085.14	2441.67	4605.33
ko:K00713	388.43	195.70999999999998	133.86	50.0	1299.43	11.57	1600.57	2179.14	375.43	129.42
ko:K00720	4511.0	861.5	165.5	2077.0	4697.0	2428.5	34906.5	9881.0	6769.0	12292.0
ko:K00721	45933.619999999995	10468.93	82290.23000000001	53103.01	30532.629999999997	43031.65	141024.68	36457.81	29091.7	54622.29
ko:K00725	405.0	182.0	0.0	0.0	0.0	0.0	0.0	12.0	759.0	3033.0
ko:K00728	12969.83	4651.68	6613.17	6531.0	2697.0	3222.7199999999993	26545.33	2344.67	6214.0	17441.5
ko:K00737	247.0	0.0	40.0	126.0	37.0	47.0	4412.0	323.0	830.0	1634.0
ko:K00745	5.0	1.0	0.0	0.0	17.5	0.0	88.0	152.0	0.0	0.0
ko:K00748	35924.05	4337.58	71857.33	37850.01	32651.79	43302.770000000004	240131.69999999998	44418.39	18426.530000000002	38386.6
ko:K00752	338.0	24.0	0.0	0.0	21.0	10.0	38.0	0.0	0.0	0.0
ko:K00754	8093.710000000001	1207.6999999999998	503.86	3544.23	3912.5799999999995	7859.28	33694.71	4147.19	4165.72	13277.039999999999
ko:K00756	23987.020000000004	6753.160000000001	17710.02	15974.39	5349.49	13270.829999999998	73587.57	11874.64	16879.49	30731.039999999997
ko:K00757	45800.84	9113.630000000001	75930.54000000001	43385.130000000005	32582.229999999996	47262.17	259697.28999999998	49845.43	20465.93	43972.229999999996
ko:K00758	22004.92	5013.360000000001	17204.66	15153.7	5301.99	11147.77	43740.36	12538.869999999999	16216.81	29739.57
ko:K00759	65112.51	14080.18	92843.0	61228.22	33635.75	71462.64	411447.24	46500.36	29492.620000000003	62974.86
ko:K00760	73055.85	16596.47	96641.67000000001	67660.98	48000.7	77839.06999999999	473820.09	66117.59	40483.55	82632.52
ko:K00761	73546.16	16526.13	96502.29999999999	66150.95	45395.600000000006	77148.61000000002	459817.51000000007	63851.33	39495.270000000004	83276.81
ko:K00762	94361.58	21902.37	107064.63	77001.08	50443.45	83615.52	516228.81000000006	72863.48	49272.34	103005.26000000001
ko:K00763	53444.53	13626.289999999999	28411.15	60601.07	33774.1	55184.509999999995	387236.55	44555.33	29060.98	60367.94
ko:K00764	135979.29	26122.23	236609.09000000003	155065.25	96341.56000000001	142228.06	646568.43	115418.18999999999	71015.47	148721.66
ko:K00765	64077.130000000005	14146.199999999999	92299.32	62055.55	41017.31	80707.29	364778.0800000001	43660.08	37865.43000000001	78998.6
ko:K00766	36746.79	6998.33	77102.83	50746.81	26014.71	36622.17999999999	108436.86	25617.940000000002	22676.589999999997	44175.020000000004
ko:K00767	48267.72	9299.5	77075.25	55318.85	37113.31	56437.78999999999	241772.02000000002	40374.17	27640.33	51065.3
ko:K00768	49252.7	11776.1	19673.519999999997	46334.08	30250.730000000003	49319.84999999999	403593.27999999997	53397.189999999995	23574.97	50352.32
ko:K00769	3880.3199999999997	289.71	1214.83	146.0	1600.86	125.57	2582.79	3262.71	937.4200000000001	2243.0
ko:K00772	9447.42	2278.23	4211.52	2814.33	4638.67	14308.77	186915.08999999997	16504.64	4094.92	12020.65
ko:K00773	77546.66	16798.46	96693.79999999999	67391.95000000001	48353.600000000006	77831.94	469273.34	66056.67	40780.94	85149.14
ko:K00782	10849.810000000001	2774.63	60033.77999999999	29336.93	13307.480000000001	22670.15	58397.15	19235.98	12671.869999999999	20067.690000000002
ko:K00783	77762.73	16909.8	96679.70999999999	67337.45000000001	48012.92999999999	77492.94	468581.34	66122.67	40476.94	84150.14
ko:K00784	66670.31	12657.43	122893.0	85972.94	36102.11	52705.96000000001	209915.47000000003	47114.67	33768.1	74603.34
ko:K00785	0.0	0.0	59.83	0.0	0.0	0.0	0.0	0.0	0.0	0.0
ko:K00786	9865.02	3800.13	10271.48	9523.26	2429.4300000000003	9455.01	66161.22	9959.14	9792.05	17765.5
ko:K00788	106643.14	16656.85	229053.34	118798.98	68937.89	104942.19999999998	374922.39999999997	73383.89	48190.95	96435.42
ko:K00789	95358.5	25618.850000000002	100683.34	73650.72	52042.32	82924.65	512155.27	71791.31	49144.369999999995	105138.52
ko:K00790	107712.02	25645.840000000004	112793.0	90968.4	58778.68	108254.11	673007.92	82910.84	60177.34999999999	121101.40999999999
ko:K00791	102665.95000000001	19775.010000000002	163498.22000000003	100764.13	69133.62	106933.3	518389.83	82560.0	49090.630000000005	102138.41
ko:K00793	48750.72	6819.360000000001	82850.28	50881.64	36239.090000000004	52490.97	264610.83999999997	51644.59	27838.83	50295.399999999994
ko:K00794	48761.22	6824.360000000001	82857.28	50895.64	36246.590000000004	52490.97	264858.83999999997	51570.09	27861.83	50298.399999999994
ko:K00795	6011.05	657.21	1425.1599999999999	400.0	2867.94	317.08	3549.46	3560.05	1865.4199999999998	5986.0
ko:K00796	43657.33	7272.5599999999995	81316.07999999999	43743.630000000005	36089.15	65559.94	399427.33	51305.82	26871.140000000003	54718.21000000001
ko:K00797	25972.260000000002	7279.6	15217.67	21604.829999999998	10438.23	12935.529999999999	77844.11	12748.16	18842.510000000002	37742.92
ko:K00798	31652.019999999997	3976.7699999999995	13215.14	38319.01	29681.440000000002	34086.3	245238.16999999998	39697.07	16487.8	33389.770000000004
ko:K00799	4700.46	839.8399999999999	581.1400000000001	250.0	13827.619999999999	56.28	7155.879999999999	9679.91	3466.67	9859.01
ko:K00800	76141.63	17139.46	96922.09	66041.22	49131.91	68729.5	346168.67	56919.100000000006	41509.04	86592.42000000001
ko:K00801	485.0	312.33	0.0	53.0	3479.0	587.89	1464.33	1627.8400000000001	893.67	6.33
ko:K00802	0.0	0.0	0.0	0.0	0.0	0.0	0.0	1.5	0.0	0.0
ko:K00803	471.93	193.70999999999998	135.86	69.0	2404.11	21.57	1696.0	2223.07	457.43	177.85
ko:K00805	53307.16	16215.37	27898.85	25570.08	16769.010000000002	36237.5	235596.72999999998	24140.89	25599.17	47202.92
ko:K00806	77875.39000000001	16865.52	96826.31000000001	67635.62	48377.77	78417.98000000001	473270.18000000005	66805.26000000001	41152.100000000006	86075.41
ko:K00808	87.0	0.0	0.0	5.0	1080.25	0.0	0.0	0.0	0.0	0.0
ko:K00809	275.6	63.7	53.5	682.5	1452.1	160.60000000000002	1265.9	1626.3999999999999	46.0	140.0
ko:K00812	77334.17	12574.14	142002.97	86987.15	62294.549999999996	67039.88	195772.45	57205.83	35097.73	70560.17
ko:K00813	3020.72	485.21	1405.6599999999999	327.0	3161.94	160.08	2652.96	2542.5499999999997	1230.42	4268.0
ko:K00817	70990.26000000001	16219.77	101346.81	63342.22	47989.979999999996	65283.729999999996	297392.09	48492.15	41822.530000000006	87420.95
ko:K00819	5031.4800000000005	1299.69	900.0	2091.5299999999997	4997.25	3640.3099999999995	10516.59	4203.2	2960.29	4236.87
ko:K00820	73293.49	17300.309999999998	90756.44	68035.70000000001	41394.5	77194.5	465399.76	57657.15	41249.630000000005	86504.13
ko:K00821	78870.87999999999	17081.79	96581.26000000001	77499.85	52466.3	69051.44	362567.47000000003	67636.34	48126.92	99862.35
ko:K00822	4.0	3.0	0.0	10.0	2254.5	0.0	7.0	0.0	9.0	0.0
ko:K00823	4610.32	1051.71	6423.5	5076.8	1863.86	3314.38	8451.39	4161.21	3768.42	4947.999999999999
ko:K00824	3203.9100000000003	609.76	3086.25	2124.45	1179.6	11399.029999999999	151550.45	12100.0	935.15	3849.2
ko:K00826	69752.64	14993.92	92944.22	64933.05	46910.119999999995	66899.96	321411.5	53240.9	40348.58	81427.85
ko:K00830	7837.2300000000005	506.26000000000005	661.74	3460.36	3045.2599999999998	852.3000000000001	5120.6	1093.9399999999998	915.76	8194.1
ko:K00831	71578.7	16107.900000000001	95378.7	66566.59000000001	43697.61	76670.47	459400.67	62853.090000000004	36042.41	82012.27
ko:K00832	5894.94	1115.8999999999999	3518.59	2461.33	6018.629999999999	11332.279999999999	158061.83	16597.56	2997.95	9720.07
ko:K00833	29664.49	4688.76	5893.8	43159.869999999995	28394.559999999998	33071.259999999995	209075.78	36304.12	11942.93	25127.5
ko:K00835	889.72	506.03999999999996	141.0	106.0	4160.860000000001	599.46	3177.12	3828.05	1575.0900000000001	1821.33
ko:K00836	308.96	130.67000000000002	81.58	36.17	1263.25	31.560000000000002	646.17	128.17000000000002	192.0	15.43
ko:K00839	2.58	0.0	7.140000000000001	42.0	1706.25	3.56	152.79	9.14	338.99	1681.0100000000002
ko:K00840	860.44	390.41999999999996	328.83000000000004	197.0	3679.7999999999997	62.150000000000006	3453.7499999999995	4416.26	1410.8400000000001	3617.9999999999995
ko:K00841	973.83	174.65999999999997	1201.65	3058.02	1340.8899999999999	2562.8	32042.889999999996	2009.58	1526.02	3376.14
ko:K00842	655.5	131.82999999999998	148.5	250.42000000000002	429.79999999999995	252.59	1310.27	482.34000000000003	323.75	939.2
ko:K00844	2176.0	528.35	359.00000000000006	1143.0	2839.0999999999995	1526.6	1430.5	639.3000000000001	2057.9	2695.4
ko:K00845	171735.88	35018.97	111282.1	155799.94	133870.87	140801.91999999998	658485.82	137909.28000000003	106205.05	220747.78999999998
ko:K00846	388.72	193.70999999999998	141.0	58.0	2379.11	11.57	1719.29	2192.71	573.4200000000001	1808.9999999999998
ko:K00847	115358.13	19878.6	192963.24	80573.59	85929.65	101894.12000000001	374297.87	83276.64	57581.50000000001	124787.22
ko:K00848	54532.81	13170.259999999998	75493.16	56858.68	29111.719999999998	34736.0	128424.46000000002	29575.92	29116.47	60097.54
ko:K00849	72607.36	16080.09	95210.17000000001	65423.979999999996	44486.93000000001	68702.52	327176.23	54190.43	42225.020000000004	81797.23000000001
ko:K00850	76089.69	18210.61	93452.44	98131.67	49483.13	84858.49	475596.06000000006	65105.67999999999	44585.600000000006	81824.22
ko:K00851	574.26	258.71	267.25	280.55	4791.91	93.69999999999999	5260.74	3124.4599999999996	888.6700000000001	2564.63
ko:K00852	60485.97	15422.68	23907.84	29271.04	32993.83	48069.62999999999	383733.04000000004	56389.73	30988.340000000004	73814.38
ko:K00853	3214.29	641.0400000000001	322.0	842.46	5146.06	403.03	5682.09	4132.709999999999	5748.820000000001	10794.199999999999
ko:K00854	57633.93	13423.46	78053.37000000001	53636.25	36181.92	69276.84	316415.96	34637.31	28382.53	60195.91
ko:K00855	1174.4399999999998	529.42	537.0	207.0	2610.72	143.14	4312.58	4468.92	1399.8400000000001	3742.9999999999995
ko:K00856	4125.5	272.5	180.82999999999998	145.0	446.83	133.51	904.67	932.8399999999999	529.0	1593.0
ko:K00857	49626.100000000006	10574.81	76491.97	45472.54	33459.74	39929.94	145412.16999999998	38958.380000000005	24309.32	49547.81
ko:K00858	74559.66	16758.39	96647.94	67372.95000000001	48405.810000000005	77847.71	469548.84	65650.31	40785.3	84240.20999999999
ko:K00859	73292.53	16508.61	152445.03000000003	64074.82	45958.22	86483.83	452682.08	66166.6	40913.82	86920.69
ko:K00860	20766.5	2281.8	8889.0	33341.93	21530.36	18552.879999999997	44495.48	15400.310000000001	9200.11	19484.27
ko:K00862	5.29	1.0	0.0	0.0	17.5	0.0	44.0	14.0	35.0	8.43
ko:K00863	7813.29	439.16	680.81	2674.6400000000003	1808.27	1648.3300000000002	10412.039999999999	4234.16	879.99	8756.33
ko:K00864	49721.2	15115.78	26778.260000000002	23619.620000000003	21007.78	36504.729999999996	213271.21000000002	28908.6	25938.56	56362.94
ko:K00865	42364.28999999999	8825.06	72924.85	42851.19	31057.010000000002	31176.61	119362.17	27997.329999999998	18639.15	39092.399999999994
ko:K00867	802.52	297.03999999999996	1414.1	586.6700000000001	2425.5299999999997	1922.57	31896.309999999998	3916.13	1883.27	4519.75
ko:K00868	64617.33	14782.41	85112.48000000001	58847.41	37480.07000000001	62342.29	294269.66000000003	36644.15	33683.75	69793.95999999999
ko:K00869	591.8	117.0	271.6	431.8	524.0	1908.0	29374.949999999997	1374.25	1173.35	2646.25
ko:K00872	19309.11	5318.59	11178.68	10382.05	13267.669999999998	19635.2	243334.83000000002	27108.66	19753.6	39351.2
ko:K00873	78675.22	17343.67	100215.64000000001	68472.95000000001	49552.16	70232.5	332387.6	61976.35	44019.44	90284.39
ko:K00874	81683.62	21178.22	159586.33000000002	94835.55	38900.56999999999	93122.84000000001	298037.45	48646.93	48838.84	100190.3
ko:K00875	0.29	0.0	0.0	0.0	0.0	0.0	0.0	0.0	29.0	1.43
ko:K00876	115454.65	25312.89	171002.46	104517.73999999999	69623.58	113766.25000000001	540480.0499999999	94693.9	60849.47	123090.8
ko:K00878	28952.940000000002	8622.939999999999	17190.5	16275.04	11309.130000000001	24131.11	218239.5	29556.86	17601.25	36762.9
ko:K00879	32590.32	4821.25	60199.25	45858.009999999995	28845.28	27415.63	69564.35	20605.120000000003	17077.95	32195.12
ko:K00880	774.91	349.71	208.0	102.0	1417.56	285.47	2298.39	2389.21	842.32	2463.56
ko:K00881	411.22	198.70999999999998	135.86	70.0	1306.93	46.07	1581.57	2472.14	409.93	243.35
ko:K00882	33369.18	10535.52	24956.510000000002	25471.35	9765.78	16207.4	110513.89	20013.65	22955.510000000002	49954.92
ko:K00883	658.01	258.71	141.0	53.0	1398.86	11.57	1726.79	2192.71	828.4200000000001	1811.86
ko:K00884	386.72	193.70999999999998	1126.83	146.0	1298.86	42.57	1770.79	2456.71	686.4200000000001	1808.9999999999998
ko:K00885	386.72	193.70999999999998	1126.83	146.0	1298.86	42.57	1770.29	2456.71	686.4200000000001	1808.9999999999998
ko:K00886	5612.049999999999	123.46	341.59000000000003	2497.49	2038.24	260.0	3768.69	1062.99	2748.65	10545.6
ko:K00887	33151.31	7186.12	4625.84	43486.95	24161.6	39604.6	191164.36	20435.19	14552.25	33192.69
ko:K00891	79673.13	17117.04	99665.79000000001	75157.05	44474.240000000005	77611.08	478375.04	66928.34	40751.76	85725.07
ko:K00892	390.72	193.70999999999998	143.0	53.0	1317.86	11.57	1722.79	2286.71	728.42	1808.9999999999998
ko:K00895	27799.03	3194.67	67518.09000000001	35303.35	26340.920000000002	31652.260000000002	85969.43000000001	28123.77	15156.69	29614.27
ko:K00897	2255.66	679.01	39.0	28.0	1140.92	27.0	1037.58	75.08	691.25	425.75
ko:K00899	631.36	95.33	370.14	256.65999999999997	659.2	546.53	682.46	659.47	399.39000000000004	2275.11
ko:K00901	35858.630000000005	7692.33	6170.5	43848.95	27072.04	39806.67999999999	197496.81999999998	23669.239999999998	16682.67	41856.020000000004
ko:K00903	0.0	0.0	0.0	34.0	626.0	4.13	15.0	0.0	0.0	0.0
ko:K00906	388.72	193.70999999999998	141.0	58.0	2473.11	11.57	1726.79	2196.71	690.4200000000001	1808.9999999999998
ko:K00912	35513.45	4155.58	69072.33	37850.01	32651.79	43302.770000000004	240993.69999999998	44406.39	17606.530000000002	35109.6
ko:K00917	2653.8	677.33	476.6	626.8	1159.0	349.0	11995.43	1297.0	2280.1	9465.5
ko:K00918	0.0	0.0	0.0	0.0	9.0	0.0	28.0	61.75	9.25	864.75
ko:K00919	74135.86	16642.46	96315.2	66998.95000000001	47273.8	75966.94	440366.59	64156.52	39645.19	81612.56
ko:K00925	75255.22	16803.34	96533.64000000001	65698.95000000001	46266.95	66551.17	329603.96	56475.909999999996	42213.19	94114.31
ko:K00926	27765.14	8617.359999999999	18607.45	18345.09	12978.41	10996.83	58254.9	19847.89	12770.25	29437.87
ko:K00927	80179.31	17568.14	96792.63	67444.95000000001	48295.270000000004	78198.94	470821.84	66286.17	40846.94	84516.14
ko:K00928	114061.51999999999	25706.0	105656.39	94725.76	78456.01000000001	118572.8	646693.78	89542.94	58400.36	122665.06
ko:K00929	31553.050000000003	6019.23	16647.45	40308.93	25109.42	23065.02	96873.38	21267.76	22192.35	47733.74
ko:K00930	67492.04	13958.189999999999	93983.75	64713.380000000005	42750.36	66659.8	314329.42000000004	51032.37	39831.83	83106.6
ko:K00931	67600.6	14849.33	89015.95	65220.42000000001	44385.899999999994	75546.26	430856.56999999995	57247.46000000001	38912.83	80564.68
ko:K00932	779.1500000000001	387.41999999999996	284.0	111.0	3696.97	23.14	3442.58	4475.42	1222.8400000000001	3615.14
ko:K00933	1.33	1.0	1.5	1.67	0.0	0.0	1.0	3.67	0.0	0.0
ko:K00934	1.33	1.0	1.5	1.67	0.0	0.0	1.0	3.67	0.0	0.0
ko:K00936	1879.59	283.16	225.37	2106.91	1551.4699999999998	11226.0	154438.27	12462.92	258.0	976.2
ko:K00937	63231.509999999995	15759.79	62520.58	86091.01000000001	37717.51	55680.98	284950.66	52403.78999999999	35841.92	75013.12
ko:K00938	584.8	114.0	251.6	393.8	476.0	1875.0	29240.949999999997	1362.25	1173.35	2646.25
ko:K00939	76366.66	16886.79	96602.79999999999	67425.95000000001	48264.600000000006	78558.27	471008.67000000004	67719.51000000001	41680.61	86055.47
ko:K00940	19256.0	2924.51	7031.58	31267.730000000003	13256.449999999999	25969.22	208981.22	28465.690000000002	9422.53	24218.35
ko:K00941	100682.86	18049.71	154727.51	139095.16	70636.74	116037.94	474002.44000000006	84863.88	58686.47	123248.20999999999
ko:K00942	91745.85	20563.94	109715.3	77076.11	50521.700000000004	85175.84000000001	497803.46	70983.12	48307.990000000005	101229.69
ko:K00943	39084.759999999995	10067.37	15043.71	20168.28	25156.48	39983.340000000004	387445.06	42412.22	24618.53	51200.32000000001
ko:K00945	96128.17000000001	22901.7	112685.5	93869.19	51706.57	103097.51	628532.11	75166.87	49281.41	101833.49
ko:K00946	37371.35	5051.41	69265.0	40191.18	38556.96	45752.84	277259.37	55370.56	24726.530000000002	47010.600000000006
ko:K00947	18.0	0.0	0.0	0.0	9.0	0.0	0.0	5.0	0.0	6.0
ko:K00948	82990.65	19723.79	103671.04999999999	70263.86	51202.49	82206.34000000001	518602.36000000004	71258.2	45965.69	99068.97
ko:K00949	58998.09	13714.14	51345.8	54925.2	33332.39	57156.34999999999	271259.06	34662.21000000001	31150.6	66567.31
ko:K00950	67031.69	9889.9	141800.0	76901.81	57312.649999999994	94410.69999999998	447315.08999999997	67715.92	34673.08	71270.98
ko:K00951	105332.01	19984.18	164543.22000000003	103335.43	75054.76	110726.04	580301.56	96118.54000000001	56215.38	118428.08
ko:K00952	0.0	0.0	0.0	0.0	20.0	0.0	0.0	0.0	0.0	0.0
ko:K00954	74145.1	16685.46	96295.69	67303.39	47700.71000000001	77761.94	468943.67000000004	65259.17	40780.94	84981.92000000001
ko:K00955	27074.23	3227.9900000000002	50168.24999999999	48899.93	22746.4	25577.18	54884.19	15310.8	12664.09	23526.37
ko:K00956	24596.449999999997	3338.7	50683.24999999999	45889.93	21221.260000000002	25382.75	55778.979999999996	17667.010000000002	12949.510000000002	23908.370000000003
ko:K00957	27594.949999999997	3742.0299999999997	84947.25	47520.93	24434.260000000002	29106.079999999998	60217.81	19730.350000000002	14293.18	24981.7
ko:K00958	723.33	352.0	237.5	317.0	1936.25	180.13	1808.6	198.0	339.0	485.0
ko:K00960	6.0	0.0	2.0	12.8	1725.25	4.13	38.6	90.0	36.0	0.0
ko:K00962	77503.66	16798.46	96636.79999999999	67307.95000000001	48191.600000000006	77841.94	469322.34	66058.17	40777.94	85173.14
ko:K00963	21914.17	4634.75	11083.52	12825.39	17678.16	24036.85	188012.21	19249.309999999998	13950.27	29624.989999999998
ko:K00965	33213.55	10184.470000000001	23041.3	25054.08	14313.199999999999	31158.89	224780.68999999997	21947.48	23163.59	52692.01
ko:K00966	5118.25	1492.39	689.75	417.0	6486.36	17975.620000000003	102439.91	4547.68	1833.1699999999998	2031.08
ko:K00968	16794.1	1382.03	1402.5	7155.3	17631.1	9032.93	28147.130000000005	8022.739999999999	4279.67	10875.33
ko:K00969	90992.37	20282.34	111332.03	91673.89000000001	55436.11	102640.04	621755.61	78090.38	49557.18	96134.12
ko:K00970	72994.1	15575.98	94893.65000000001	64712.92	44555.65	67086.51000000001	284981.33999999997	52282.82	38071.6	75105.94
ko:K00971	47856.54000000001	10265.580000000002	248715.86	81465.76999999999	43604.48	69377.60999999999	151230.47	44235.310000000005	35129.56	65213.14
ko:K00972	5911.370000000001	1078.07	10979.58	8038.169999999999	330.4	4724.0	13390.27	1707.8700000000001	5169.4	11539.6
ko:K00973	73866.95999999999	17419.77	91623.41	66714.68	53626.39	52807.67	200954.5	55202.08	44459.1	91497.15
ko:K00974	80219.06	16779.88	97119.79999999999	67515.28	45292.8	77565.01000000001	469547.11000000004	66952.66	40564.670000000006	87212.01
ko:K00975	95285.15	30030.0	59235.43	62562.32	31928.93	72466.70999999999	482208.81	48759.31	51960.79	116009.84000000001
ko:K00978	10401.45	2463.02	8313.8	16481.29	4343.65	6810.780000000001	17141.239999999998	3359.7	11468.79	19603.67
ko:K00979	42519.55	6946.58	73260.33	41370.01	34017.79	45536.77	257834.69999999998	46364.39	22992.530000000002	48571.6
ko:K00980	21072.77	1866.7	4242.17	8491.64	16379.57	10753.43	29540.21	7129.139999999999	4990.0	14910.33
ko:K00981	79244.45999999999	16945.76	97982.6	67743.35	50106.71	78195.02	469877.23	66656.98000000001	43574.33	92005.12
ko:K00982	1991.4699999999998	360.53999999999996	1286.58	361.42	3921.71	156.07999999999998	5582.08	3537.4699999999993	1533.6699999999998	5259.4
ko:K00983	1923.5300000000002	802.99	287.33000000000004	1135.4299999999998	2605.3999999999996	1944.5799999999997	2500.29	748.8	2900.29	4336.87
ko:K00984	2230.66	697.01	30.0	3.0	140.67000000000002	64.57000000000001	199.32999999999998	61.83	92.0	125.0
ko:K00986	28876.78	3892.44	37636.93	32152.03	34067.61	25930.89	55608.86	15284.04	22502.29	35410.47
ko:K00988	2.0	0.0	0.0	0.0	0.0	0.0	5.0	0.0	0.0	0.0
ko:K00989	10226.45	2310.68	4023.75	4904.97	8411.27	3165.35	16982.63	8719.56	6278.620000000001	13498.49
ko:K00990	2009.4699999999998	359.21	1249.9099999999999	340.75	3810.2400000000002	135.08	3960.8100000000004	3336.7999999999993	1416.67	4996.200000000001
ko:K00991	64905.15000000001	13821.1	160367.37	71082.05	46473.34	75966.68	314029.08999999997	57453.119999999995	33288.45	71826.61
ko:K00992	1552.0	127.5	82.83	91.0	1244.08	71.51	51.67	135.84	593.0	2453.0
ko:K00995	67639.02	16509.45	32732.440000000002	39858.69	41639.13	46843.92	277424.65	33791.21	33525.64	68700.75
ko:K00996	52069.28	9673.26	69957.57	51756.93	31299.82	36674.22	83697.04000000001	22335.68	33221.37	73451.59
ko:K00997	30416.009999999995	7108.860000000001	12330.32	11243.880000000001	12464.24	36975.25	328751.00999999995	28795.98	17665.93	39093.3
ko:K00998	386.72	193.70999999999998	1126.83	146.0	1298.86	42.57	1770.79	2456.71	690.4200000000001	1808.9999999999998
ko:K00999	22.25	24.33	42.92	46.67	1014.47	24.25	2595.02	607.9200000000001	116.0	269.2
ko:K01000	84966.70000000001	18402.46	100647.69000000002	70108.95000000001	49425.350000000006	80491.94	475221.38	69849.81	44195.26	91272.97
ko:K01001	0.0	0.0	0.0	0.0	20.0	0.0	0.0	0.0	0.0	0.0
ko:K01002	3985.7200000000003	2479.71	934.0	404.0	1382.86	729.5699999999999	8910.039999999999	3247.46	1113.67	3827.75
ko:K01003	2.0	0.0	0.0	5.0	1080.25	15.0	0.0	118.0	4.0	39.0
ko:K01004	231.0	143.32999999999998	106.67	101.67	1090.92	57.0	1064.67	130.67000000000002	27.0	87.0
ko:K01006	73344.82999999999	15924.07	93028.29000000001	67110.51000000001	43438.759999999995	64866.59	285296.51	49941.73	37051.31	73835.98
ko:K01007	39220.05	11290.93	29453.260000000002	32817.57	9345.34	28504.44	235293.13999999998	28901.25	24177.96	47795.43000000001
ko:K01008	21190.590000000004	6249.24	9323.89	8970.49	8920.29	7061.45	32562.659999999996	13593.47	6569.08	16812.62
ko:K01011	4527.9400000000005	810.8499999999999	683.22	400.0	7546.210000000001	431.32	6209.1	5308.07	2725.8499999999995	8746.77
ko:K01012	63129.00000000001	10897.78	24886.079999999998	81373.23000000001	36624.829999999994	66023.94	396847.62	53910.729999999996	29540.89	55858.76000000001
ko:K01014	210.0	66.0	20.0	38.0	16.0	33.0	134.0	12.0	0.0	0.0
ko:K01016	7.0	0.0	20.0	38.0	16.0	33.0	134.0	12.0	2.0	0.0
ko:K01023	7993.460000000001	1409.6999999999998	1859.1100000000001	7046.179999999999	4399.3099999999995	6810.32	11390.21	4993.039999999999	4784.22	9889.24
ko:K01025	7.0	0.0	20.0	38.0	16.0	33.0	134.0	12.0	2.0	0.0
ko:K01026	2224.26	875.88	1696.72	3385.46	3097.2200000000003	2073.45	6783.77	6551.21	1661.3300000000002	2992.67
ko:K01027	2053.49	354.4	348.0	1056.0	2296.2	826.7600000000001	2045.8	604.8	91.0	1.43
ko:K01028	4722.5	347.6	1151.6	2555.8	3291.75	2263.79	6213.7	974.2	575.0	1502.5
ko:K01029	1100.03	355.30999999999995	238.86	301.0	3403.51	846.6999999999998	4150.5	2729.5699999999997	766.9300000000001	1324.42
ko:K01031	1035.8899999999999	180.2	195.0	566.0	1458.6	444.6000000000001	1165.4	362.9	125.0	1.43
ko:K01032	1028.8899999999999	180.2	175.0	528.0	1557.6	421.6000000000001	1069.4	350.9	96.0	1.43
ko:K01034	3275.2899999999995	1280.17	705.5899999999999	1231.67	3911.5299999999997	1817.9699999999998	6848.65	4181.39	1789.43	5587.17
ko:K01035	3255.69	1280.17	665.5899999999999	1155.67	3879.5299999999997	1751.9699999999998	6580.65	4157.39	1784.43	5587.17
ko:K01039	2394.0	335.75	966.67	990.0	1400.25	608.0	2115.5	584.5	433.0	1396.0
ko:K01040	2394.0	335.75	966.67	990.0	1400.25	608.0	2115.5	583.0	433.0	1396.0
ko:K01042	5964.51	2274.69	2687.78	1901.67	4600.65	1945.24	17242.11	5981.34	3312.42	11098.6
ko:K01046	5102.24	1233.83	7327.5	12362.93	2764.95	4826.76	18857.42	3574.0	4928.07	6449.95
ko:K01048	4193.67	1434.17	1745.8899999999999	874.22	5193.89	647.34	13322.01	4130.469999999999	1134.43	3617.87
ko:K01049	0.0	0.0	0.0	7.8	0.0	0.0	0.0	0.0	0.0	0.0
ko:K01051	95773.92000000001	11551.96	188631.67	103734.05	69380.11	88706.4	171253.21000000002	36987.71	53309.2	115540.35
ko:K01053	13485.9	1196.5	1627.5	4326.5	12964.7	6165.9	18391.6	8047.5	5439.4	7003.629999999999
ko:K01055	1401.85	117.93	4081.95	1743.56	2482.49	646.64	2655.57	587.92	3105.3599999999997	9337.390000000001
ko:K01056	77398.26000000001	16835.66	96823.79999999999	67816.95000000001	48526.200000000004	77732.54000000001	468782.74	66092.56999999999	40784.94	85176.14
ko:K01057	24381.379999999997	2786.87	3437.75	10243.429999999998	24641.070000000003	17374.03	45172.76	13823.42	9138.69	18740.47
ko:K01058	3864.3199999999997	810.6599999999999	1026.0	1890.25	7336.209999999999	3494.92	15647.74	10490.11	1211.42	2048.25
ko:K01060	1028.8400000000001	318.33	213.67000000000002	193.0	196.0	299.0	11596.83	541.8299999999999	1950.75	8832.5
ko:K01061	936.44	399.41999999999996	449.86	140.0	4153.969999999999	43.14	3408.29	4386.78	1227.85	1939.85
ko:K01066	2044.85	587.21	321.5	356.0	5101.99	797.9300000000001	4407.27	4078.89	1352.47	3030.3500000000004
ko:K01067	21831.03	2118.34	66679.42000000001	56764.17999999999	19757.75	30691.760000000002	50410.76	17638.100000000002	8305.69	16958.27
ko:K01069	5417.84	712.7499999999999	1773.1	1562.27	6554.890000000001	2000.27	34735.2	6894.84	2872.1899999999996	7188.25
ko:K01070	26265.25	2957.55	2177.25	23412.18	27493.86	18798.0	52927.380000000005	21325.809999999998	14232.710000000001	27799.27
ko:K01071	65363.509999999995	13457.970000000001	88636.61000000002	55389.229999999996	35213.32	46489.21	174150.12	44361.09	31483.809999999998	63396.35
ko:K01073	1277.1299999999999	79.0	72.1	146.0	1298.25	129.56	476.1	274.5	675.5	2579.5
ko:K01075	668.72	245.20999999999998	189.83	167.0	2517.94	67.08000000000001	1734.9599999999998	2429.05	742.42	1848.0
ko:K01077	57646.75	6972.34	20192.78	48093.340000000004	53113.579999999994	49941.65	221781.66	46440.770000000004	32989.18	67898.76000000001
ko:K01079	28708.5	3430.38	4498.0	35739.1	29746.63	24260.0	116523.25	32284.980000000003	17690.210000000003	37109.42
ko:K01081	53034.59	6039.799999999999	123117.8	71405.86	50544.83	54971.66	177861.63	46500.119999999995	25990.0	51751.26
ko:K01082	24354.6	3135.8	9769.83	35279.43	26950.660000000003	21168.85	80670.28	27259.21	15859.11	31199.27
ko:K01083	21.0	0.0	20.0	119.0	70.0	33.0	134.0	13.5	0.0	0.0
ko:K01085	882.1500000000001	404.41999999999996	1323.69	196.0	2600.29	251.14	3611.36	4688.849999999999	1061.8500000000001	1938.4199999999998
ko:K01086	1.0	0.0	0.0	0.0	0.0	0.0	2.5	0.0	0.0	0.0
ko:K01087	478.72	196.70999999999998	196.0	91.0	1357.86	54.57	2756.79	2207.71	686.4200000000001	1808.9999999999998
ko:K01089	27016.43	3434.25	67881.17000000001	34534.93	29157.26	29842.429999999997	79596.8	23683.96	14320.36	28741.47
ko:K01090	2191.72	684.01	244.58	298.56	1913.2400000000002	410.69	1919.8899999999999	473.4	323.99	2134.47
ko:K01091	171204.78999999998	40102.17999999999	134073.38	148446.64	98769.22	161234.0	907426.05	128476.61	91675.93	184011.38
ko:K01092	40266.39	5858.460000000001	5405.66	36654.229999999996	35178.3	24865.47	116412.06	29791.86	19633.18	42310.54
ko:K01093	2436.7200000000003	389.71	255.86	97.0	1634.43	125.57	2420.5699999999997	2489.14	1463.4299999999998	3209.8500000000004
ko:K01095	21730.32	1340.1100000000001	60876.08	7398.330000000001	18154.739999999998	17566.64	27058.18	8267.35	7236.57	18561.4
ko:K01096	1237.97	573.71	1489.83	581.0	1963.86	1965.57	29125.79	3627.71	1150.42	3826.0
ko:K01101	3721.8499999999995	1597.7099999999998	35349.6	1079.8	7083.69	22068.030000000002	133576.07	7288.300000000001	5086.77	6510.25
ko:K01104	145144.56	34844.82	129248.19	119672.37000000001	88866.90000000001	132365.07	745220.03	108275.88	70649.69	144438.81
ko:K01113	4801.0	783.0	750.5	11796.8	8439.75	4856.62	14740.4	7500.0	5040.0	8881.0
ko:K01114	162.5	13.73	13.14	328.8	2647.91	22.64	342.1	106.64	97.36	106.07
ko:K01117	0.0	0.0	0.0	7.8	0.0	0.0	20.6	0.0	0.0	0.0
ko:K01118	3571.61	744.3	3689.7499999999995	4724.02	7761.1	2582.25	11984.130000000001	5988.46	1838.45	5144.46
ko:K01119	35048.16	5658.41	79962.23000000001	41762.3	25913.910000000003	40565.17	102575.75	26590.02	15069.73	32389.570000000003
ko:K01120	26.0	3.0	33.0	38.0	194.0	33.0	136.5	15.0	0.0	0.0
ko:K01126	127006.38999999998	18862.13	140713.82	78506.32999999999	99184.56999999999	135873.68	653552.4700000001	89310.5	87724.44	175694.87999999998
ko:K01128	485.0	312.33	0.0	53.0	0.0	584.33	1457.33	1626.3400000000001	893.67	6.33
ko:K01129	70434.09	17214.88	128602.12999999999	53852.76000000001	39861.850000000006	75480.22	409821.32	52680.29	33173.21	69446.35
ko:K01130	44770.56	4394.88	47102.880000000005	68284.68	50917.530000000006	34738.86	71869.16	28486.58	26683.19	53826.42
ko:K01133	2020.93	633.3100000000001	785.36	1192.0	4979.71	2701.67	8997.8	5262.87	2466.8300000000004	2824.25
ko:K01134	485.0	312.33	0.0	53.0	2853.0	584.33	1457.33	1626.3400000000001	893.67	6.33
ko:K01138	6736.990000000001	604.04	3321.17	3783.56	4807.64	1287.4700000000003	4129.57	4133.6900000000005	3691.1000000000004	13666.5
ko:K01139	31415.93	3792.08	69435.33	36260.1	32585.84	31739.780000000002	91094.64000000001	31534.14	16624.36	34625.47
ko:K01141	1848.7199999999998	321.21	1207.6599999999999	237.0	2426.94	114.08000000000001	1809.9599999999998	2499.5499999999997	1230.42	4262.0
ko:K01142	71463.07	15906.400000000001	90090.55	60235.57000000001	44177.32	72497.87	423342.50000000006	56067.01	32956.94	78467.89
ko:K01144	28471.129999999997	3204.5400000000004	101183.41999999998	35657.68	27489.850000000006	34117.86	85372.16	27918.0	15120.69	29390.27
ko:K01146	386.72	193.70999999999998	141.0	53.0	1298.86	11.57	1719.79	2196.71	681.4200000000001	1808.9999999999998
ko:K01147	2870.72	456.21	1295.6599999999999	279.0	1744.69	197.08	2631.46	2794.5499999999997	1750.4199999999998	4894.0
ko:K01150	1183.7199999999998	302.21	275.83000000000004	144.0	2672.94	135.08	2541.46	2509.55	1484.42	3575.0
ko:K01151	65835.09	14908.46	29351.39	32766.439999999995	41620.21000000001	30355.68	181563.22999999998	44299.990000000005	38428.090000000004	79001.69
ko:K01152	4.0	3.72	32.56	16.0	8.84	6.56	290.0	104.56	1.44	24.28
ko:K01153	115775.67000000001	29462.340000000004	338125.14	115092.98999999999	66525.9	123817.61000000002	558708.75	97858.74	66367.38	137192.91999999998
ko:K01154	128676.64	28304.1	497594.01	197264.22999999998	91723.91999999998	170322.22	696902.9099999999	123003.57999999999	98945.16	180982.48
ko:K01155	20970.93	2303.67	8418.75	33549.68	22942.95	19921.66	42931.22	14188.94	9702.36	17338.8
ko:K01156	15456.9	4117.9800000000005	8935.91	14942.29	4911.280000000001	15420.98	54021.1	18284.940000000002	7488.330000000001	17261.07
ko:K01158	0.0	0.0	35.0	0.0	0.0	0.0	0.0	0.0	0.0	0.0
ko:K01159	62344.69	12631.06	82632.01	56933.26	44384.920000000006	69155.91	410444.62999999995	59108.62	32037.64	66155.12
ko:K01160	474.43	193.70999999999998	133.86	50.0	1296.43	11.57	1576.57	2179.14	375.43	129.42
ko:K01161	0.0	0.0	985.83	93.0	0.0	31.0	51.0	260.0	5.0	0.0
ko:K01163	52766.63	10009.22	20875.48	54481.0	33692.72	58397.380000000005	385654.43	50699.2	25873.880000000005	52029.61
ko:K01166	390.72	193.70999999999998	1128.83	146.0	1317.86	42.57	1780.79	2546.71	737.42	1808.9999999999998
ko:K01167	246.0	54.5	0.0	0.0	18.0	0.0	865.0	0.0	5.0	0.0
ko:K01169	386.72	193.70999999999998	141.0	53.0	1298.86	11.57	1726.79	2196.71	681.4200000000001	1808.9999999999998
ko:K01170	0.0	0.0	0.0	0.0	20.0	0.0	0.0	0.0	0.0	0.0
ko:K01173	50490.68	5156.09	128535.74000000002	69512.93	49516.00000000001	55939.34	161104.13	54144.3	28703.290000000005	56231.1
ko:K01174	2660.33	407.6	564.28	287.63	1846.8999999999999	229.76999999999998	2408.54	583.21	617.86	758.4599999999999
ko:K01175	386.72	193.70999999999998	1126.83	146.0	1298.86	42.57	1770.79	2541.21	718.4200000000001	1808.9999999999998
ko:K01176	57700.07	15853.3	369484.76	84292.36	30923.739999999998	87393.48000000001	273568.73	34675.909999999996	33865.18	83113.0
ko:K01178	2472.2799999999997	1119.5900000000001	527.0	2154.43	3141.75	7038.179999999999	7874.290000000001	1268.6	4937.6900000000005	6913.2699999999995
ko:K01179	136468.7	14130.619999999999	35479.369999999995	97547.44	84084.76999999999	90901.94	436681.64	47797.899999999994	81103.5	179546.95
ko:K01181	42471.56	4132.49	102965.39000000001	29629.030000000002	12299.740000000002	29858.260000000002	84620.83	14313.25	19176.82	52130.67
ko:K01182	25015.82	9674.93	70055.33	8150.98	7985.71	15877.740000000002	89078.47	17300.409999999996	12220.03	31144.699999999997
ko:K01183	31985.489999999998	4577.23	35906.15	11168.43	22973.36	15378.02	29873.78	9399.68	12253.13	30366.920000000002
ko:K01184	0.29	0.0	7.140000000000001	3.0	0.0	0.0	137.29	11.14	197.99	1679.5800000000002
ko:K01185	38546.20999999999	4860.639999999999	72689.04000000001	77395.93	39063.48	51033.2	128845.67	37023.94	20167.38	42945.2
ko:K01186	36161.11	5394.839999999999	21539.940000000002	37358.1	35605.82	45050.1	168131.95	29282.33	18389.550000000003	26494.989999999998
ko:K01187	215666.76	32443.500000000004	165619.40000000002	230847.33	168159.06	154518.35	529267.44	126930.66	125002.41	265178.07
ko:K01190	311284.76	52418.83	356629.87000000005	355743.47000000003	250445.01	272598.66000000003	980946.2200000001	229059.35	182978.16999999998	358919.33
ko:K01191	35336.659999999996	5956.610000000001	7818.2	12731.300000000001	21028.57	41990.9	270453.39999999997	12124.330000000002	18128.85	47612.2
ko:K01192	30289.690000000002	5070.199999999999	8795.2	36139.38	30690.42	18749.379999999997	94089.82	16327.230000000001	20160.489999999998	40038.32
ko:K01193	43668.42999999999	13074.76	17894.18	23229.37	12695.65	17049.58	133338.96	21083.11	17792.6	53136.17999999999
ko:K01194	3730.44	860.92	659.14	1032.0	8214.4	944.64	9470.3	8663.489999999998	6481.83	14317.150000000001
ko:K01195	34578.56	6460.81	15624.23	17973.95	5349.870000000001	12709.150000000001	46597.38	16674.53	16470.58	39140.2
ko:K01197	16600.58	2930.25	16356.600000000002	33625.43	25355.050000000003	44562.64	77614.55	22991.68	8472.08	8801.93
ko:K01198	54863.92	7620.24	143195.14	68231.53	22848.64	44081.64	106110.38	22775.83	32716.489999999998	85414.55
ko:K01200	46892.39	8991.87	75477.06	67220.4	35505.91	39614.44	153472.84999999998	27924.7	28819.89	55042.090000000004
ko:K01201	55199.5	5551.26	117460.84	34143.36	39216.3	41716.44	101824.93	30236.780000000002	24725.63	61347.740000000005
ko:K01205	27454.08	3212.8199999999997	36677.9	30431.93	26036.75	28507.510000000002	50165.020000000004	18634.04	15025.360000000002	31016.399999999998
ko:K01206	119666.35	22398.06	157285.21000000002	178707.52	111055.45999999999	171766.09	481112.11	82004.65999999999	75584.16	142954.15000000002
ko:K01207	38584.81	8666.369999999999	20924.309999999998	21611.31	19071.629999999997	10961.22	66181.53	16960.73	19901.38	46032.590000000004
ko:K01208	58184.98	19530.86	37645.44	43620.43	15680.849999999999	42622.01000000001	248464.17	28440.420000000002	39657.369999999995	87061.92
ko:K01209	109479.70000000001	16650.74	260056.69	121375.61	56831.81	114849.21	378162.23	50054.53	51000.22	133119.36000000002
ko:K01210	287.0	174.0	113.5	187.75	2325.1	17.25	6642.7	1235.5	842.25	4852.4
ko:K01212	3570.25	121.75	163.75	786.25	2701.0	1381.31	29938.0	3352.5	384.6	1855.0
ko:K01213	2778.0	818.0	5187.5	5565.0	93.0	4088.0	8026.0	1570.0	3278.0	3243.0
ko:K01214	19955.35	5624.16	15669.259999999998	10955.83	7690.92	8501.62	50869.9	12726.369999999999	10552.02	25551.5
ko:K01215	3549.2	2196.33	2164.34	486.8	624.61	2598.64	33021.15	3265.69	1970.21	4253.82
ko:K01216	81.0	0.0	20.0	85.0	89.0	33.0	134.0	12.0	0.0	0.0
ko:K01218	46882.090000000004	2743.3	12451.57	41365.619999999995	33007.77	25356.29	58726.42999999999	12490.220000000001	22417.8	56797.600000000006
ko:K01219	483.0	77.0	35712.67	69.0	72.0	4772.83	1083.67	307.0	21.0	28.0
ko:K01220	57.4	16.0	100.0	110.8	4.2	72.4	3361.7	191.5	761.25	675.7
ko:K01222	10520.82	2605.64	2610.8599999999997	2504.05	3596.08	19497.720000000005	117554.97999999998	8708.52	4548.09	11820.880000000001
ko:K01223	27665.65	8890.53	16998.16	13108.84	11529.130000000001	18775.629999999997	181294.55	27701.36	19727.07	53188.81
ko:K01224	26160.41	2855.8500000000004	63834.33000000001	22834.519999999997	14299.67	22772.379999999997	45804.39	7685.72	9176.85	30661.48
ko:K01226	2728.68	2209.71	4480.110000000001	2038.36	3623.09	3267.1000000000004	32587.579999999994	5575.24	3322.4200000000005	12206.84
ko:K01227	6784.95	1715.75	3001.62	6949.42	2196.32	3365.5	49396.39	2687.71	2650.87	4302.5
ko:K01232	151.63	23.33	163.14	174.16	63.89	261.5	915.3599999999999	747.92	475.99	2154.58
ko:K01233	14.0	0.5	0.0	81.0	49.0	1.5	335.0	6.5	0.0	0.0
ko:K01235	19756.44	2247.6000000000004	58743.00000000001	19262.43	14932.42	20990.010000000002	31723.96	10022.43	8626.69	17851.27
ko:K01236	2166.66	665.01	183.00000000000003	12.0	1433.92	37.0	1092.83	50.83	15.0	31.0
ko:K01239	6424.5	2243.1000000000004	1291.68	930.35	7462.17	928.8500000000001	16416.949999999997	7633.36	2255.26	8149.0199999999995
ko:K01241	23331.85	2494.75	8626.75	33484.18	23365.960000000006	20077.1	48973.780000000006	18520.71	8995.11	18767.27
ko:K01243	74033.04000000001	13607.24	92385.97	66483.29000000001	50370.11	67334.63	286989.38	40252.99	36567.92	78329.76
ko:K01246	27484.380000000005	4906.700000000001	4431.77	11066.39	27410.15	17211.98	94027.31	19291.4	11730.380000000001	25711.399999999998
ko:K01247	4020.89	675.04	5869.0	210.65999999999997	3515.1100000000006	1018.71	3918.46	3277.29	2753.67	8628.08
ko:K01250	1432.9699999999998	653.96	877.6700000000001	649.25	5397.66	1164.63	4866.74	4185.709999999999	1156.67	3301.2000000000003
ko:K01251	21204.14	4168.139999999999	4710.700000000001	8623.75	18431.8	18706.35	204259.63	32303.32	13885.74	28563.74
ko:K01252	390.72	193.70999999999998	141.0	111.0	3566.359999999999	11.57	1726.79	2198.21	684.4200000000001	1808.9999999999998
ko:K01253	0.0	0.0	0.0	0.0	0.0	25.0	0.0	30.0	0.0	24.0
ko:K01255	6532.32	642.71	4508.83	491.47	3669.5	636.37	10893.73	4019.33	3774.92	11005.93
ko:K01256	7329.85	1754.56	2500.25	2929.0199999999995	9805.83	10460.259999999998	50183.89	9346.59	5473.8099999999995	12007.82
ko:K01258	67841.08	17482.5	96477.43000000001	54539.15	40443.04	59569.98	343483.76	61842.11	39087.99	85572.48999999999
ko:K01259	4229.2300000000005	438.5	2157.52	605.9200000000001	3653.5499999999997	2462.0699999999997	12509.79	3226.84	265.5	2708.81
ko:K01261	415.8	102.0	242.6	400.8	1097.0	1879.1299999999999	29250.949999999997	1349.25	1166.35	2623.25
ko:K01262	129113.84	24478.700000000004	166799.32	121823.79	92972.72	122746.63	581713.52	98018.34	63775.78	131405.7
ko:K01263	0.0	0.0	0.0	41.8	626.0	4.13	35.6	7.0	0.0	0.0
ko:K01265	105521.1	21427.83	169453.33000000002	107376.77	71262.39	108505.55	545546.49	83816.61	54763.64	113974.47999999998
ko:K01266	8234.4	1732.0	3873.2	2944.0	2928.45	3325.4	10999.6	5059.5	3692.9	6479.2
ko:K01267	30152.11	9209.15	20641.81	20578.67	7425.79	22859.38	207713.68999999997	23295.05	15611.56	35270.29
ko:K01269	415.8	102.0	242.6	400.8	1119.0	1879.1299999999999	29250.949999999997	1349.25	1166.35	2623.25
ko:K01270	78733.05	13384.6	162150.66	95726.91	59070.92	79772.5	248330.37000000002	70071.57	46907.479999999996	89247.93000000001
ko:K01271	41698.5	8819.369999999999	6776.71	23903.229999999996	35086.05	23227.26	183631.56	24549.28	21873.74	46207.54
ko:K01273	33024.94	10265.96	82593.83	46123.71	17780.300000000003	47686.16	176162.93	28708.82	18253.79	38012.31
ko:K01274	7780.960000000001	2409.18	66507.77	27897.86	6431.9	23693.09	60693.3	14001.75	6954.43	11090.49
ko:K01277	28429.730000000003	3342.7400000000002	67452.42000000001	36139.68	27788.45	31871.46	85743.56	28061.899999999998	15120.69	29390.27
ko:K01278	51087.53999999999	6523.82	135102.34	80656.29	49744.15	64341.049999999996	143467.76	47528.549999999996	26456.92	51313.61
ko:K01281	559.0	146.0	344.0	444.0	510.0	1940.0	30217.25	1455.75	1167.85	2819.75
ko:K01284	60566.36	7735.48	229457.84000000003	73388.29	58141.81	73222.47	175342.8	58101.91	34384.09	67306.41
ko:K01286	67330.41	15288.560000000001	39257.46	52960.05	22780.85	65184.149999999994	440085.13	37794.840000000004	28764.699999999997	71628.34
ko:K01295	14600.0	3025.5	7172.66	3022.0	3374.91	1569.0800000000004	4218.84	2001.18	4984.0	18071.0
ko:K01297	32654.03	3207.9900000000002	2422.0299999999997	9630.140000000001	25460.92	11138.2	39063.020000000004	13822.2	11920.679999999998	28906.309999999998
ko:K01299	11443.849999999999	4189.66	5025.12	4227.63	3229.45	3603.9700000000003	29210.530000000002	3692.39	5607.79	16517.2
ko:K01303	96.0	5.0	73.0	107.0	667.0	264.13	427.0	107.0	118.0	195.0
ko:K01304	2159.2	1200.4299999999998	828.95	967.26	2350.09	528.22	8488.84	1742.6399999999999	639.76	2250.62
ko:K01305	12587.599999999999	2086.59	3645.84	2619.16	2510.15	1570.6	10388.960000000001	3952.99	3787.8199999999997	19490.769999999997
ko:K01308	12009.220000000001	2984.77	3707.54	10080.7	7729.54	17917.600000000002	113155.87999999999	4245.71	3979.26	5565.67
ko:K01317	3.0	0.0	5.0	0.0	0.0	0.0	57.0	24.0	0.0	0.0
ko:K01318	45.0	10.0	0.0	7.8	4.5	0.0	20.6	0.0	0.0	0.0
ko:K01322	13916.539999999999	1283.35	1723.75	5736.750000000001	8906.1	5015.85	42065.0	15016.800000000001	9398.4	22062.83
ko:K01337	10194.5	886.5	1230.0	3229.0	4350.75	3264.0	15187.6	7317.5	510.0	6949.0
ko:K01338	91214.59	20644.84	106298.6	77555.66	47458.90000000001	97146.47	617934.16	81064.83	44010.82	87213.21
ko:K01342	34.0	3.73	13.14	345.0	134.41	23.78	280.5	105.14	67.36	106.07
ko:K01347	638.7700000000001	337.03999999999996	426.86	372.16	1403.86	65.07	2606.5	2361.57	421.43	433.41999999999996
ko:K01354	448.47	233.03999999999996	202.92000000000002	220.42000000000002	3635.0800000000004	66.57000000000001	4186.8099999999995	3043.6299999999997	848.6700000000001	2604.2000000000003
ko:K01356	58476.87	14961.96	35443.29	51678.01	21430.03	51186.97	383698.6	43139.64	28156.46	58378.270000000004
ko:K01358	119861.13	29483.18	127582.55	109293.5	63170.95	113857.41	685320.26	90503.59	65684.15	137531.44
ko:K01361	4091.5	1497.47	34840.51	1222.69	2365.52	4068.41	8260.58	2803.6899999999996	571.5	522.5
ko:K01364	0.0	0.0	0.0	0.0	4.0	0.0	0.0	0.0	0.0	0.0
ko:K01365	17.0	2.8	0.0	0.0	20.2	0.0	0.0	0.0	0.0	0.0
ko:K01371	17.0	2.8	0.0	0.0	20.2	0.0	0.0	0.0	0.0	0.0
ko:K01372	52095.69	6831.349999999999	194262.13	96318.85	53543.82	76455.68000000001	179925.0	50814.46	29991.420000000002	57839.159999999996
ko:K01387	740.0	443.33	52.0	53.0	12.0	584.33	1625.33	1643.5900000000001	940.92	199.07999999999998
ko:K01389	52.75	39.33	76.92	124.42	1239.9699999999998	22.0	3211.02	840.9200000000001	167.25	822.2
ko:K01390	0.0	0.0	22.0	10.0	0.0	0.0	599.0	43.0	0.0	0.0
ko:K01392	85.0	0.0	0.0	0.0	0.0	0.0	0.0	83.0	47.0	0.0
ko:K01399	2.0	0.0	0.0	5.0	1080.25	0.0	0.0	0.0	0.0	0.0
ko:K01400	7.0	0.0	20.0	113.8	741.0	36.56	155.1	12.0	0.0	0.0
ko:K01401	0.0	0.0	0.0	41.8	0.0	0.0	20.6	0.0	0.0	0.0
ko:K01406	3464.35	130.75	132.75	581.25	3257.25	1442.75	4365.0	2935.5	48.0	304.0
ko:K01407	386.72	193.70999999999998	141.0	53.0	1298.86	11.57	1719.79	2196.71	681.4200000000001	1808.9999999999998
ko:K01409	105505.28	24720.79	108657.73999999999	84844.91	57496.59	115732.37000000001	811620.2	91730.31	53111.729999999996	114259.95999999999
ko:K01414	30448.35	4125.41	68523.08	36008.68	34909.79	32808.6	89663.28	33798.729999999996	18187.45	33664.93
ko:K01415	11342.2	1625.78	58654.84	27522.17	10869.07	17810.68	61893.38999999999	23183.32	6937.25	13114.2
ko:K01416	0.0	0.0	0.0	0.0	0.0	0.0	0.0	1.5	0.0	0.0
ko:K01419	11642.849999999999	2585.11	1868.63	2253.13	6045.139999999999	11241.359999999999	156255.65	15644.71	3555.42	3052.0
ko:K01420	32304.96	8994.47	17894.29	20706.79	12515.86	28843.08	173151.91	17789.620000000003	13499.97	34811.45
ko:K01421	40354.380000000005	10092.49	39090.53	37094.71	12570.13	40450.18	230088.54000000004	25677.16	26085.940000000002	56755.979999999996
ko:K01424	92442.23999999999	17261.15	89023.85	70757.11	64339.89	75713.20999999999	389430.82	70066.2	49818.549999999996	113847.69
ko:K01425	37740.759999999995	5395.24	4135.42	16071.109999999997	35884.17	27471.78	92676.70000000001	31186.08	21879.53	44039.29
ko:K01426	1698.08	278.8	271.2	476.0	8218.15	2238.6	29576.8	2557.0	1412.4999999999998	2991.63
ko:K01428	4102.04	1374.9299999999998	762.03	568.8	3247.21	2399.7	31532.14	2288.2799999999997	1399.3500000000001	4639.9
ko:K01429	3677.04	1374.9299999999998	749.03	568.8	3243.21	2399.7	31532.14	2288.2799999999997	1399.3500000000001	4639.9
ko:K01430	4084.29	1374.9299999999998	746.28	386.8	3209.46	2399.7	31491.39	2279.7799999999997	964.35	4540.65
ko:K01431	4585.87	1875.0700000000002	5843.83	13302.169999999998	129.4	4255.57	11385.27	1597.37	3820.4	5476.6
ko:K01432	169.0	15.0	0.0	0.0	121.0	10.0	38.0	0.0	5.0	0.0
ko:K01433	16971.0	1870.6299999999999	2223.5	8426.599999999999	19861.780000000002	9105.31	24675.75	7868.4800000000005	9076.109999999999	18854.27
ko:K01434	14.0	3.0	20.0	53.0	3976.75	33.0	136.5	14.0	13.0	0.0
ko:K01436	12569.3	2110.01	2683.59	9797.23	9762.67	17464.39	234669.96000000002	26784.64	12530.67	23173.440000000002
ko:K01438	29939.84	3536.3	67960.08	35578.68	30781.370000000003	32135.339999999997	87581.85	31329.15	16710.31	34491.8
ko:K01439	39224.67	9585.64	11536.15	17474.34	17886.13	14458.36	146304.18	23422.690000000002	20445.31	47264.270000000004
ko:K01442	55440.05	12372.95	29466.879999999997	64361.55	35605.4	44333.42	177555.64	41336.58	37594.56	72759.01000000001
ko:K01443	64104.130000000005	16217.86	34643.990000000005	76003.97	41281.41	60691.990000000005	260581.95	38238.69	35842.01	70210.47
ko:K01444	247.4	153.93	133.14	141.0	30.41	155.04000000000002	1131.0	284.14	129.76	115.70000000000002
ko:K01447	107319.06	12805.8	138027.53	80629.33	72348.53	70851.82	178015.84	43767.759999999995	38395.18	104575.4
ko:K01448	160396.19	37165.399999999994	180099.74000000002	149662.57	93231.57	152027.88999999998	869629.1200000001	112605.70000000001	82799.22	165441.91999999998
ko:K01449	32319.93	8253.02	18953.85	37866.439999999995	13811.61	25722.7	174612.3	13750.970000000001	16674.05	33858.17
ko:K01450	458.0	284.0	210.0	180.0	16.0	92.0	1686.0	76.0	0.0	0.0
ko:K01451	1603.01	278.71	214.69000000000003	141.0	2521.5099999999998	64.41	1645.57	2227.31	1096.43	2585.2799999999997
ko:K01452	320.29	148.0	107.0	95.0	1303.25	46.0	860.5	128.0	198.0	1.43
ko:K01455	2.0	3.0	0.0	5.0	1178.25	0.0	7.0	9.0	0.0	12.0
ko:K01457	410.81000000000006	196.70999999999998	253.6	140.4	3583.359999999999	25.33	1794.6899999999998	2334.61	923.8199999999999	1830.6299999999999
ko:K01458	2926.0	44.0	0.0	5.0	1365.25	0.0	14.0	511.0	117.0	942.0
ko:K01459	0.0	0.0	0.0	0.0	94.0	0.0	0.0	0.0	0.0	0.0
ko:K01460	515.87	195.10999999999999	1209.18	368.8	1338.0099999999998	207.57	2667.3399999999997	2508.0099999999998	1013.4200000000001	1908.2499999999998
ko:K01461	0.29	3.0	0.0	0.0	188.0	0.0	7.0	4.0	117.0	1.43
ko:K01462	114527.65	26988.289999999997	113939.42000000001	92639.31	65988.72	95427.72	589016.15	88451.99	64396.79	140706.89
ko:K01463	2.5	7.0	0.0	34.0	659.0	14.13	53.0	0.0	0.0	0.0
ko:K01464	12109.72	4078.6099999999997	4288.450000000001	7507.32	7905.34	4060.74	15081.939999999999	9387.5	2967.3	5713.03
ko:K01465	76209.67	18385.22	99697.74	71644.55	52985.44	81909.06	477309.04999999993	70110.51	45519.399999999994	90720.03
ko:K01466	1043.23	553.21	216.94000000000003	301.5	4431.96	274.37	4983.67	4746.5599999999995	796.8299999999999	850.0500000000001
ko:K01467	2262.43	365.71	671.86	392.0	3010.68	1991.57	30671.82	3577.39	2173.78	5209.67
ko:K01468	28239.269999999997	4139.719999999999	3836.9800000000005	12346.73	25468.240000000005	18451.11	71589.31	18204.71	15881.04	32136.920000000002
ko:K01469	526.25	50.8	0.0	0.0	419.2	83.0	817.0	299.5	173.0	146.0
ko:K01470	18641.670000000002	1977.5900000000001	1223.3400000000001	7965.429999999999	15518.350000000002	9463.45	21919.629999999997	4516.77	10131.79	23998.2
ko:K01473	42.59	7.13	0.0	6.16	779.2	13.5	1014.5	93.0	0.0	0.0
ko:K01474	365.59000000000003	70.33	127.67	30.16	869.0	139.5	1274.5	233.5	29.0	230.0
ko:K01476	9883.6	835.7	947.5999999999999	2788.3	4223.79	2229.29	11423.27	4341.58	2292.2	9267.43
ko:K01477	4.0	0.0	0.0	5.0	1112.25	10.0	57.0	84.5	56.0	0.0
ko:K01478	7498.870000000001	2441.45	3127.8199999999997	4955.8	5560.66	2219.58	23638.97	4557.53	3237.02	15655.97
ko:K01479	556.7	213.70999999999998	218.74	196.8	6361.29	86.7	3550.21	2333.2799999999997	1149.41	3702.4400000000005
ko:K01480	38702.84	9829.07	16537.12	16652.17	20566.620000000003	16078.36	90775.04000000001	28581.18	24356.31	39365.76
ko:K01482	38.29	7.0	80.2	77.0	1122.75	38.0	385.5	161.5	54.0	26.43
ko:K01483	436.43	214.70999999999998	133.86	55.0	2567.68	51.57	1601.07	2416.14	480.43	222.85
ko:K01484	388.72	193.70999999999998	141.0	58.0	2379.11	11.57	1726.79	2196.71	729.42	1808.9999999999998
ko:K01485	8312.119999999999	1266.55	1366.6100000000001	7681.92	6181.2300000000005	711.71	31414.050000000003	7063.389999999999	2498.6000000000004	6172.11
ko:K01486	23264.71	5444.969999999999	12842.240000000002	16928.62	11939.2	7315.91	38550.399999999994	17116.39	7431.18	16626.82
ko:K01487	30875.070000000003	8065.32	69632.75	36742.3	18271.039999999997	27245.87	56780.649999999994	24436.29	11499.09	27808.16
ko:K01488	10136.58	2167.4700000000003	7031.76	7412.26	6610.29	7297.12	50825.86	8907.53	6672.049999999999	15079.150000000001
ko:K01489	107802.95000000001	26323.850000000002	118442.45000000001	86027.86	52455.16	81364.34	388762.01	68527.26	57006.689999999995	112762.3
ko:K01491	78189.66	16982.190000000002	97250.94	67714.95000000001	48266.01	78146.58	470693.84	66315.81	40855.3	85245.20999999999
ko:K01493	75262.39	16336.42	95404.45	65201.53	44178.520000000004	66859.37000000001	314414.83	51384.54	39934.270000000004	82555.94
ko:K01494	2670.2	557.54	1258.25	2174.42	4214.280000000001	11324.97	155265.41	15237.63	1124.07	3038.4
ko:K01495	45441.729999999996	7646.23	83532.32999999999	48381.490000000005	35699.4	69016.67	410299.65	51087.31	28115.22	58027.880000000005
ko:K01496	34482.85	10158.95	20179.83	23337.37	14169.43	31049.870000000003	216111.8	19420.71	21010.32	48388.33
ko:K01497	624.05	338.71	1235.33	255.0	3036.1100000000006	92.13	2627.29	2586.21	742.42	1808.9999999999998
ko:K01498	561.7199999999999	205.70999999999998	178.0	92.0	2398.11	11.57	1722.79	2286.71	732.42	1808.9999999999998
ko:K01499	17.4	10.75	0.0	3.0	26.2	10.4	21.6	51.5	21.4	45.2
ko:K01501	1672.0700000000002	177.32999999999998	302.0	230.65999999999997	2534.7	715.0699999999999	665.94	817.5	955.3999999999999	3216.5299999999997
ko:K01502	101.0	26.0	13.0	0.0	191.0	0.0	0.0	3.0	0.0	0.0
ko:K01505	252.0	54.5	2.0	18.0	1215.25	116.0	76.0	165.0	71.5	43.0
ko:K01507	23613.85	5924.5599999999995	14100.84	16735.25	12817.49	24265.06	150819.63	13263.28	10953.970000000001	27791.83
ko:K01512	22808.46	6446.44	10048.68	7551.209999999999	6710.6	9449.78	74007.76	13295.189999999999	11389.900000000001	29178.300000000003
ko:K01515	66186.17	15920.57	112864.47	64722.14	43004.47	77848.12	482296.94999999995	60652.46	51824.05	104919.32
ko:K01518	0.0	0.0	0.0	0.0	0.0	0.0	0.0	1.5	0.0	0.0
ko:K01520	68508.1	14811.570000000002	96352.38	65380.920000000006	40701.83	75006.34	432300.17000000004	53580.62	33028.41	71689.02
ko:K01521	386.72	196.70999999999998	141.0	53.0	1298.86	11.57	1719.79	2196.71	681.4200000000001	1808.9999999999998
ko:K01523	7392.33	2059.5	2106.25	9115.25	6206.799999999999	4198.0	74618.25	5908.75	4836.6	17109.45
ko:K01524	41569.66	9119.189999999999	54666.49	39947.619999999995	26065.96	55301.91	520049.3300000001	60154.159999999996	20819.97	45885.53999999999
ko:K01525	1938.7199999999998	321.21	1209.6599999999999	271.0	3169.9400000000005	118.21000000000001	1837.4599999999998	2591.0499999999997	1277.4199999999998	4262.0
ko:K01531	4382.34	930.91	3922.1700000000005	26072.67	6809.7	9403.0	64769.88	7301.24	6052.67	15942.58
ko:K01533	77619.48999999999	16109.01	94060.84000000001	66158.51000000001	53798.32	78937.33	426935.27999999997	55277.380000000005	38467.17999999999	77164.34
ko:K01534	85566.06	21221.47	102447.91	47353.64	41246.84	77774.64000000001	461053.91000000003	55761.049999999996	41602.05	91896.18
ko:K01535	376.0	96.0	140.0	255.0	471.0	1831.0	25483.0	1090.0	379.0	1954.0
ko:K01537	59642.060000000005	13493.83	173903.5	57681.97	47461.369999999995	72305.6	328627.69000000006	51607.58	34585.0	74397.94
ko:K01539	15.0	0.0	13.0	0.0	178.0	0.0	0.0	3.0	0.0	0.0
ko:K01541	0.8	0.0	24.6	20.0	0.0	6.0	971.1	47.5	53.5	46.5
ko:K01545	2.0	0.0	0.0	5.0	1080.25	0.0	0.0	0.0	4.0	0.0
ko:K01546	26911.35	3681.83	2428.58	24046.81	26227.57	20354.67	57838.55	24429.14	12959.93	26787.05
ko:K01547	26193.35	3635.83	2428.58	23752.81	26227.57	20387.67	57732.55	24585.14	11780.93	24066.05
ko:K01548	26911.35	3680.83	2427.58	24038.48	26220.239999999998	20353.34	57764.55	24429.14	12954.93	26787.05
ko:K01551	1318.83	329.5	67.5	350.0	869.0	132.57	289.75	274.5	12.0	876.0
ko:K01555	9.0	3.0	20.0	43.0	1197.25	33.0	141.0	13.5	24.0	0.0
ko:K01556	2.0	0.0	0.0	5.0	1804.25	0.57	7.0	1.5	14.0	0.0
ko:K01560	25202.25	8349.64	51701.91	15287.119999999999	15684.56	13024.86	111418.17	19210.78	13033.029999999999	33230.75
ko:K01561	251.0	52.5	0.0	0.0	111.5	0.0	32.0	15.5	9.0	0.0
ko:K01563	1578.0	127.5	98.83	120.0	331.83	75.07000000000001	103.17	74.84	540.0	2459.0
ko:K01567	16083.59	5038.99	12281.58	7521.23	8145.76	21959.55	155739.34	9699.01	7239.74	19684.04
ko:K01568	0.29	0.0	7.140000000000001	3.0	2.43	0.0	143.22	17.57	305.99	1679.5800000000002
ko:K01569	0.0	0.0	0.0	34.0	0.0	0.0	7.0	0.0	5.6	11.0
ko:K01571	51961.39	13638.5	28667.37	31354.91	24006.86	37121.72	237107.84000000003	35492.17	27211.93	49817.729999999996
ko:K01572	111620.42	23243.190000000002	93440.72	108938.76999999999	67926.8	109347.38	647654.22	86689.13999999998	53889.950000000004	109350.87
ko:K01573	18573.96	1915.2900000000002	2656.83	32950.93	17939.85	18448.78	44049.490000000005	13798.5	8321.69	17013.13
ko:K01574	2.0	0.0	0.0	5.0	1080.25	0.0	26.0	1.5	5.0	0.0
ko:K01575	2176.79	347.0	336.0	480.35	751.5	1880.31	29562.35	1748.25	1200.1	3139.75
ko:K01576	189.0	17.0	31.0	70.0	1098.25	314.0	367.0	161.5	11.0	91.0
ko:K01577	122.0	0.0	0.0	0.0	0.0	0.0	0.0	10.0	0.0	0.0
ko:K01578	1.0	0.0	0.0	0.0	94.0	0.0	2.5	0.0	0.0	0.0
ko:K01579	37018.97	4874.03	72377.42	48691.82	33643.119999999995	45026.39	256598.13999999998	44758.369999999995	20324.93	40961.7
ko:K01580	28769.09	3853.79	2477.4700000000003	11968.35	32113.709999999995	20232.059999999998	78697.95999999999	28298.62	16773.22	29705.44
ko:K01581	4945.98	1114.42	4357.41	2245.33	4639.799999999999	11232.28	155326.49999999997	16406.760000000002	3481.84	12645.57
ko:K01582	18101.09	5035.110000000001	7506.719999999999	7307.33	9060.11	22707.57	125490.31	10551.8	9191.99	16478.33
ko:K01583	16975.08	4771.400000000001	6409.75	6844.33	5339.28	22478.160000000003	112818.16	8111.0	8101.33	12575.75
ko:K01584	2126.94	463.41999999999996	2050.5	209.0	4926.05	2218.81	4909.25	4783.59	1917.8400000000001	6117.0
ko:K01585	91700.39000000001	22072.2	105026.06	84612.17	45811.67	85642.73	464214.73000000004	67525.26	53348.91	98235.89000000001
ko:K01586	78108.34	17343.6	101670.98000000001	73662.87	49083.020000000004	86745.09	483234.74	66930.34	45136.229999999996	90123.19
ko:K01587	270.33	153.0	106.5	94.0	8.0	46.0	844.0	40.0	0.0	0.0
ko:K01588	71115.64	15960.4	94935.09	66221.72	45309.64	77498.27	466812.67000000004	64337.1	40691.94	83985.92000000001
ko:K01589	7453.33	1380.84	1771.79	3036.7799999999997	9901.000000000002	4671.71	70319.59999999999	15030.72	9609.419999999998	20260.34
ko:K01590	1880.7800000000002	823.99	178.0	1040.4299999999998	2685.1499999999996	6365.579999999999	6615.790000000001	762.7999999999998	2896.29	4253.87
ko:K01591	73426.61	17112.12	95951.45	67113.37	49172.57	77777.61000000002	471570.08999999997	66531.09	40915.19	84934.34
ko:K01593	476.0	71.0	119.0	69.0	49.0	6.0	230.0	48.0	16.0	9.0
ko:K01595	1163.47	443.71	1477.08	672.75	4430.41	2050.13	37295.56	4799.209999999999	2629.0200000000004	9236.45
ko:K01596	7145.83	2309.66	2483.17	1866.67	7603.17	19806.83	137511.5	6811.51	3523.17	7165.83
ko:K01597	924.92	300.10999999999996	481.2	525.6	1823.2600000000002	2084.5699999999997	31953.539999999997	3620.76	1775.77	4455.25
ko:K01598	32016.129999999997	10235.810000000001	16757.38	22914.19	10720.670000000002	15242.16	93412.7	16424.2	17266.66	27450.67
ko:K01599	12326.8	2954.7300000000005	3158.18	2772.23	11257.56	4020.0899999999997	50426.57	8332.02	9965.26	15008.869999999999
ko:K01601	1710.5	229.5	146.25	1894.33	374.0	11053.5	151136.25	11593.5	63.75	159.0
ko:K01602	1.0	0.0	0.0	0.0	0.0	0.0	2.5	1.5	0.0	0.0
ko:K01607	37411.48	6863.039999999999	65796.22	40767.67	32538.709999999995	36686.55	111968.14	33960.16	23616.78	55460.119999999995
ko:K01608	474.43	196.70999999999998	133.86	55.0	2380.68	11.57	1590.07	2208.14	413.43	130.85
ko:K01609	37222.32	7412.53	82165.75	50596.06	26309.550000000003	37695.04	105166.71	25395.489999999998	23526.26	41453.479999999996
ko:K01610	59837.04	13162.75	89478.94	61647.3	36442.520000000004	43489.6	140635.68	42468.22	31575.870000000003	66231.82
ko:K01611	7118.960000000001	1251.49	4059.2	4188.219999999999	6474.5	12503.91	160543.78	14622.130000000001	5464.280000000001	10236.21
ko:K01612	0.29	0.0	7.140000000000001	51.0	2.43	28.56	162.22	47.57	168.99	1703.5800000000002
ko:K01613	44781.92	6338.700000000001	74317.01	40284.479999999996	34508.73	45076.3	253566.58999999997	45976.39	20251.68	40714.3
ko:K01615	9823.33	2110.8	18180.17	8491.32	1355.2	45052.0	606821.0	46872.0	5634.0	21507.0
ko:K01616	0.0	1.33	36.67	20.67	45.67	21.0	1139.67	103.17	30.0	94.0
ko:K01617	20.29	2.8	0.0	5.0	1651.45	10.0	41.0	3.5	33.0	1.43
ko:K01619	67842.73999999999	15329.390000000003	93667.93000000001	55313.93	38371.380000000005	64052.84	262744.97000000003	50413.81	34982.28	69987.69
ko:K01620	54208.67	12404.27	22887.57	45807.87	31146.739999999998	30864.729999999996	92808.12	27544.26	26641.980000000003	61044.44
ko:K01621	5857.55	1223.6599999999999	2647.85	4844.42	2976.9700000000003	2563.67	14521.95	3373.42	2243.25	8577.2
ko:K01622	0.0	0.0	0.0	0.0	20.0	0.0	0.0	0.0	0.0	0.0
ko:K01623	26.4	11.0	44.0	347.47	32.2	107.4	1081.2	239.67	186.4	312.2
ko:K01624	93684.09	22143.14	100092.1	69277.44	52306.57000000001	98004.73999999999	604834.39	75766.63	45251.13	100105.31
ko:K01625	51218.020000000004	12520.769999999999	81123.42	49784.159999999996	31953.719999999998	42889.64	142057.41999999998	32416.1	27949.009999999995	55622.01
ko:K01626	25070.07	6425.12	19787.120000000003	11910.7	18496.41	12007.58	120220.23999999999	18299.300000000003	15512.59	40821.95
ko:K01627	36409.45	4383.58	71552.33	37842.01	32949.79	43385.770000000004	240918.69999999998	44688.39	18599.530000000002	38526.6
ko:K01628	18007.69	4945.1900000000005	11603.47	18220.89	12016.710000000001	24244.65	155091.15	16116.45	11430.759999999998	26311.32
ko:K01629	32357.190000000002	7526.14	65559.27	38133.6	19614.15	26781.649999999998	60203.83	14908.310000000001	15868.510000000002	31425.47
ko:K01630	1190.72	319.71	229.0	112.0	1689.86	118.57	2551.79	2509.71	1235.4199999999998	2435.0
ko:K01631	802.01	268.21	141.0	53.0	1432.86	34.57	1726.79	2325.71	812.4200000000001	1828.86
ko:K01633	33904.909999999996	4775.3	69676.43999999999	38622.37	31181.880000000005	61632.57	375652.1399999999	45238.55	17915.960000000003	41916.659999999996
ko:K01634	27391.629999999997	3146.0400000000004	2142.75	11799.68	26638.350000000006	19619.59	73853.49	22098.5	15119.69	29390.27
ko:K01635	291.8	154.0	235.6	244.8	15.43	112.0	6296.129999999999	212.93	1490.45	1144.93
ko:K01637	882.72	244.70999999999998	143.0	58.0	3411.1100000000006	98.69999999999999	2564.29	2579.71	915.4200000000001	1949.0
ko:K01638	865.1500000000001	390.41999999999996	276.86	108.0	4442.54	37.27	3368.86	4470.35	1112.85	1938.4199999999998
ko:K01639	29825.800000000003	6566.96	16620.0	23462.9	27332.680000000004	24467.379999999997	98087.0	22144.32	23117.91	38166.0
ko:K01640	935.34	322.46000000000004	20.0	150.32	2276.45	860.69	759.84	931.66	1142.0	4241.66
ko:K01641	415.8	99.0	238.6	404.8	508.0	1875.0	29200.949999999997	1362.25	1167.35	2626.25
ko:K01643	3804.11	1375.21	523.85	449.33	1507.06	980.4699999999999	3986.74	3370.21	1609.17	4760.629999999999
ko:K01644	5479.110000000001	1872.21	609.85	505.33	3419.3100000000004	930.47	5742.24	3646.21	3271.17	10663.63
ko:K01646	3017.42	651.21	1601.85	468.33	1507.06	813.47	3359.74	3172.21	2275.17	7167.63
ko:K01647	74558.23999999999	21077.26	98289.16	78941.87	39573.94	90506.17000000001	421680.72	47491.130000000005	43668.21	89475.95999999999
ko:K01649	69969.79	16419.25	95086.62	62613.880000000005	45699.229999999996	66673.68	288771.91000000003	51000.61	43774.09	77401.45
ko:K01652	91870.02	20512.840000000004	118839.48	87085.51999999999	58019.96	76988.67	356702.37	62019.19	57006.95	121727.04999999999
ko:K01653	73801.62	17024.0	101165.20000000001	62399.56	41643.899999999994	65985.26000000001	288171.83	49031.630000000005	43956.729999999996	92607.95000000001
ko:K01654	18732.309999999998	4195.44	12508.83	11850.43	14979.0	9523.58	39246.89	6544.0	15492.689999999999	36265.47
ko:K01657	37334.94	7420.89	77295.22	51359.56	31421.059999999998	37303.92	117906.94	28380.78	23755.54	45227.619999999995
ko:K01658	35272.71000000001	7127.09	74023.05	49771.61	30714.440000000002	37234.73	106252.84	27299.1	19939.29	34907.17
ko:K01659	19036.21	2234.3	60169.030000000006	32586.43	21151.86	26125.58	38946.26	13165.17	8815.12	17227.69
ko:K01661	11615.95	2539.41	67559.17000000001	27866.980000000003	14236.88	23563.559999999998	37053.97	18339.39	7124.53	11306.599999999999
ko:K01662	91586.06	18944.82	162977.05	94420.05	63446.1	94826.05	332442.29000000004	60733.39	51746.53	97684.91
ko:K01663	671.3	335.71	306.33000000000004	260.0	2428.94	153.41000000000003	2639.79	2459.88	794.42	1971.9999999999998
ko:K01664	20617.09	2622.44	60670.23000000001	33236.81	23638.380000000005	27444.35	53527.240000000005	18574.15	9383.72	20025.54
ko:K01665	22004.1	2945.8100000000004	65718.14000000001	33723.729999999996	22549.260000000002	27254.45	71850.28	15065.47	11159.39	21745.67
ko:K01666	14310.109999999999	4021.87	13098.68	20788.97	2529.85	8102.5599999999995	33259.72	3724.4700000000003	12485.0	27879.68
ko:K01667	23857.82	3395.1699999999996	2587.2	12614.5	21818.56	11389.27	60205.06000000001	19291.11	13742.17	25886.25
ko:K01668	247.0	22.0	106.5	77.0	41.0	280.0	366.0	315.0	118.0	269.0
ko:K01669	504.72	207.04	176.0	133.47	2560.78	51.46	1987.39	2333.38	748.42	1826.9999999999998
ko:K01671	386.43	193.70999999999998	141.0	53.0	1298.86	11.57	1719.29	2192.71	544.4200000000001	1808.9999999999998
ko:K01673	22675.38	3663.6800000000003	47587.11	38122.5	26104.52	28523.12	80910.73999999999	16987.57	15238.210000000001	26476.4
ko:K01674	377.0	102.0	1145.83	371.0	570.0	1862.0	25826.0	1357.0	416.0	1958.43
ko:K01676	30925.190000000002	4360.59	68037.25	36091.68	34035.780000000006	32382.97	91525.17000000001	34340.53	18071.2	35782.03
ko:K01677	37697.47	11483.1	24474.28	24807.489999999998	9928.970000000001	30293.560000000005	187713.85	17220.9	21104.03	41536.8
ko:K01678	43026.67	12951.3	29973.21	29656.289999999997	12231.8	33488.200000000004	195587.84999999998	19130.370000000003	23846.83	44826.2
ko:K01679	8840.38	1761.21	3164.75	5148.13	8029.33	13513.71	159077.70999999996	15804.779999999999	1884.34	6840.33
ko:K01681	60083.68	14997.46	90491.31000000001	61360.47	41009.41	61100.409999999996	262955.52999999997	38283.87	31409.510000000002	61520.65
ko:K01682	411.72	193.70999999999998	143.0	58.0	2505.11	11.57	1732.29	2291.71	739.42	1816.4299999999998
ko:K01683	1191.77	236.93	78.0	489.65999999999997	247.70000000000002	1611.1	961.0699999999999	2552.83	898.1	3172.63
ko:K01684	1727.2600000000002	461.66999999999996	219.0	430.32	1580.1599999999999	6083.83	7229.929999999999	5020.870000000001	1393.12	4202.759999999999
ko:K01685	34572.880000000005	7783.74	74354.05	44908.829999999994	21931.82	37399.78	97601.95	23471.25	22418.489999999998	46719.450000000004
ko:K01686	61769.24	12346.15	77029.15	66621.69	43728.22	55785.810000000005	159513.96000000002	35436.99	35439.04	71081.98999999999
ko:K01687	79276.9	18178.67	103593.89000000001	70274.28	41530.20999999999	73555.43	312678.39	53909.61	45038.76	88395.84
ko:K01689	89408.62	17677.29	94295.28000000001	77368.31	56228.8	82865.17	466963.31000000006	71501.23999999999	46204.41	98293.77
ko:K01690	388.72	196.70999999999998	141.0	58.0	2383.11	11.57	1726.79	2196.71	690.4200000000001	1808.9999999999998
ko:K01692	3957.56	236.52999999999997	188.0	556.66	9042.1	889.1700000000001	2564.0699999999997	1563.73	231.0	650.76
ko:K01693	62985.8	13830.2	92042.45000000001	61823.55	40350.14	61828.3	252431.25000000003	42295.92	37475.43000000001	77146.6
ko:K01695	38601.79	7574.710000000001	77965.03	53509.81	29322.800000000003	37525.95	111528.69	27845.06	23560.26	44657.350000000006
ko:K01696	43787.09	7996.91	86308.80000000002	53824.21	30802.970000000005	37752.04	117393.42000000001	28504.62	25392.309999999998	48271.75
ko:K01697	581.2099999999999	356.67	151.72	266.42	2518.0499999999997	623.5	3399.8100000000004	1266.06	651.24	3610.2799999999993
ko:K01698	16156.66	3152.68	44382.42	17172.96	8243.66	19028.68	176929.88	19257.230000000003	10506.85	15789.4
ko:K01699	478.72	207.51	189.86	94.33	1338.06	223.57	2120.25	2288.57	567.4300000000001	449.84999999999997
ko:K01703	75267.98000000001	16678.55	103444.81999999999	68431.38	41692.63	68459.54000000001	276468.52	47980.21	42455.979999999996	86395.29999999999
ko:K01704	72101.98000000001	15846.099999999999	95306.81999999999	63286.380000000005	41160.83	65087.53999999999	270515.02	46101.31	39577.58	83090.09999999999
ko:K01706	893.44	420.41999999999996	288.0	217.0	2815.72	592.14	3715.58	4759.42	1727.8400000000001	5000.0
ko:K01707	15222.28	2099.59	9337.5	17173.43	20479.25	18001.68	39352.090000000004	11421.1	12815.69	18886.27
ko:K01708	17698.5	1905.8	59093.170000000006	32016.43	17100.61	27175.64	44203.55	14480.310000000001	9370.11	20066.7
ko:K01709	14942.280000000002	5101.74	12952.8	20437.129999999997	5260.85	9278.279999999999	30015.239999999998	5683.700000000001	16218.79	33455.67
ko:K01710	75391.6	19158.08	98112.90000000001	68066.85	51118.8	70556.63	317905.31000000006	57703.11	51021.950000000004	111169.95
ko:K01711	72132.48	7213.700000000001	110575.51999999999	55846.17	61420.810000000005	52068.03999999999	118859.47	30575.25	29689.469999999998	71371.23999999999
ko:K01712	28244.870000000003	4139.719999999999	3836.9800000000005	12346.73	25447.240000000005	18437.55	71482.31	18204.71	15881.04	32136.920000000002
ko:K01713	3335.29	397.5	2951.0	5.0	1274.25	62.0	78.0	75.0	1872.0	7940.43
ko:K01714	96593.68	21351.0	108443.49	96034.56	79736.18	101198.59000000001	525374.63	87036.19	60637.729999999996	116837.4
ko:K01715	26299.72	6398.28	17443.809999999998	15908.5	7858.09	10249.24	51925.64	15117.44	11528.5	27841.37
ko:K01716	388.72	193.70999999999998	1126.83	151.0	2379.11	42.57	1770.79	2458.21	690.4200000000001	1808.9999999999998
ko:K01719	31869.35	4245.58	73401.92000000001	40365.15	30485.629999999997	34513.119999999995	94354.72	31755.88	19208.110000000004	36538.27
ko:K01720	388.43	193.70999999999998	133.86	89.0	2596.11	21.57	1634.0	2187.07	389.43	129.42
ko:K01721	0.0	0.0	0.0	0.0	4.0	0.0	7.0	0.0	0.0	0.0
ko:K01724	28.0	3.0	0.0	5.0	1224.25	10.0	47.5	17.0	9.0	0.0
ko:K01725	2.0	3.0	0.0	5.0	1178.25	0.0	7.0	0.0	9.0	0.0
ko:K01727	119.8	61.0	58.1	168.8	213.0	646.0	2157.92	697.75	502.0	1201.75
ko:K01728	3339.0	854.0	5562.0	5819.0	345.0	5954.0	14672.0	1649.0	3358.0	3773.0
ko:K01729	5596.0	96.0	1646.17	2155.0	2165.5	2155.83	324.67	260.0	520.0	6961.0
ko:K01730	1715.8600000000001	770.99	180.0	1040.4299999999998	1679.1499999999999	1664.5799999999997	2230.79	393.30000000000007	3072.29	4243.73
ko:K01731	0.29	0.0	0.0	0.0	0.0	0.0	0.0	4.0	29.0	1.43
ko:K01732	292.0	16.0	564.0	292.0	0.0	12.0	345.0	0.0	120.0	912.0
ko:K01733	78585.73000000001	18166.87	91152.05	69280.54999999999	45209.0	76787.18	440833.81	58638.56	39551.479999999996	85461.72
ko:K01734	77961.82	18685.37	33767.45	46895.04	41906.56	57744.84	289769.79000000004	49980.07	43144.7	85685.69
ko:K01735	73794.7	16235.79	96278.09	67279.72	50408.91	78033.27	472178.5	66432.94	41549.11	87338.75
ko:K01736	74391.3	16728.46	96259.09	65408.72	47439.91	66556.83	317872.0	53822.93	40600.44	83904.42000000001
ko:K01737	41044.79	6387.67	47809.579999999994	50172.65	34341.46	49709.39	278624.47	44105.89	25726.13	45247.6
ko:K01738	101506.04000000001	19319.850000000002	111693.35	82399.01	65274.479999999996	79711.83	329873.9	54678.030000000006	49144.64	103670.27
ko:K01739	9007.82	2184.7000000000003	4897.43	11601.94	5192.16	3155.53	37545.979999999996	6158.95	3113.84	7506.58
ko:K01740	112962.33	24377.85	212187.97	130622.56	71072.76	127983.42000000001	507618.43	75239.26	64785.74999999999	126905.85
ko:K01744	27376.83	4778.13	62324.25	19803.85	17742.66	22623.03	62460.89000000001	19855.29	18854.510000000002	48465.47
ko:K01745	43829.55	5723.91	4377.88	16298.66	32208.94	20757.43	76480.40000000001	20215.01	27642.530000000002	63625.79
ko:K01746	4101.0	475.0	1378.2	1561.0	294.0	652.0	5285.0	925.0	335.0	1016.0
ko:K01749	18111.62	4795.75	15354.02	20156.6	7691.76	20442.58	190202.77999999997	22438.28	13956.0	21594.85
ko:K01750	2373.8	413.8	653.54	445.0	1865.45	505.0	5722.1	887.75	583.75	739.25
ko:K01751	7463.790000000001	2517.37	4961.92	4196.66	3405.7599999999998	3390.54	11557.64	7026.459999999999	4870.889999999999	17449.65
ko:K01752	100040.09000000001	25488.78	113046.96000000002	75387.81	53845.399999999994	85892.03	586219.69	93655.44	53623.09	118536.56
ko:K01753	1315.9099999999999	470.71	401.2	344.0	3325.8100000000004	420.03	5904.389999999999	3152.96	894.5699999999999	2279.88
ko:K01754	37412.44	11230.82	84372.01	40884.44	21076.86	31871.889999999996	144770.68	32404.519999999997	25680.96	54200.340000000004
ko:K01755	75652.29999999999	15418.730000000001	88290.45000000001	66541.05	45672.33	77218.37	462615.26	63945.11	43010.229999999996	97746.80000000002
ko:K01756	94592.04999999999	23272.83	102632.75	84135.44	57380.340000000004	101797.17	629766.1699999999	75402.36000000002	51293.66	104454.34
ko:K01758	627.62	201.0	310.47	332.0	1557.08	185.84	2825.79	330.81	470.99000000000007	2297.01
ko:K01759	74315.82	12063.150000000001	60306.61	54109.100000000006	59081.30000000001	62504.549999999996	343287.07999999996	64794.39	33939.63	70344.54000000001
ko:K01760	9640.06	2003.5400000000002	5322.43	1742.5800000000002	6239.71	1501.54	10922.14	4749.429999999999	2499.3100000000004	8461.86
ko:K01761	2077.15	268.15999999999997	1739.5	10860.91	1633.03	1164.41	2415.6	1507.0	706.8199999999999	1878.2000000000003
ko:K01766	775.44	387.41999999999996	1267.83	204.0	3677.97	54.14	3490.58	4653.42	1386.8400000000001	3617.9999999999995
ko:K01768	32110.87	5414.27	126857.59999999999	37954.979999999996	23525.0	38337.37	88023.37	18774.98	13109.69	29448.27
ko:K01770	73610.03	16807.96	96235.59	67020.92000000001	46528.91	75932.94	440631.32	64017.85	39611.59	81537.67000000001
ko:K01771	9820.0	872.0	2773.0	3857.8	12975.0	6279.0	41227.0	3005.0	3821.0	7201.0
ko:K01772	2366.22	448.61999999999995	1620.25	730.4700000000001	3731.2800000000007	2101.71	32995.649999999994	4375.389999999999	2490.52	7095.5
ko:K01775	105264.35999999999	25230.42	111830.99	78546.88	61201.47	86089.68	530233.66	85871.28	57789.14	119966.74000000002
ko:K01776	91057.54	17471.15	97564.84000000001	74660.57999999999	62482.31	85564.86	489195.93999999994	71940.83	44211.869999999995	94547.59
ko:K01777	649.8	57.75	70.83	124.0	317.83	143.84	1257.0	399.16999999999996	237.5	199.5
ko:K01778	73208.08	16287.39	95806.01999999999	58993.94	42724.439999999995	76767.65	425418.03	61887.450000000004	39900.93	79268.23000000001
ko:K01779	14887.81	5206.01	8598.119999999999	5382.67	5141.32	21611.639999999996	115963.32999999999	7606.29	8276.26	26826.15
ko:K01781	122.29	8.0	253.14	146.0	16.0	112.0	196.29	21.64	197.99	1683.8700000000001
ko:K01782	785.44	387.41999999999996	286.0	116.0	5157.22	53.14	3559.58	4577.92	1469.84	3617.9999999999995
ko:K01783	79634.79999999999	18024.29	96795.15	74931.61	49124.850000000006	78073.07	471229.19	67217.17	41519.44	86141.39
ko:K01784	132362.08000000002	23219.74	141105.59	122853.75	96782.79000000001	117639.37	628371.56	99841.19	65528.520000000004	147749.96000000002
ko:K01785	117073.68	21020.11	153306.16	116181.41	91728.01	105644.57999999999	421645.85	88665.43000000001	68445.86	140986.16
ko:K01787	27040.33	3429.47	10217.650000000001	34884.68	29185.65	21973.16	47724.22	17036.74	17937.96	31596.0
ko:K01788	13919.66	4072.37	9006.77	6230.47	3657.01	5858.37	66588.56	9834.169999999998	9555.550000000001	21983.729999999996
ko:K01790	114552.15000000001	19926.480000000003	105983.38	86147.75	52101.67	58407.03999999999	205743.91000000003	56151.88	57333.15	152341.16
ko:K01791	99189.57	16353.310000000001	80561.88	48810.920000000006	81454.7	95645.42	431982.0	58370.52	44951.17	103591.16
ko:K01792	1131.8000000000002	541.3699999999999	1157.0	310.42	7803.58	719.6500000000001	5532.889999999999	4708.219999999999	1861.34	2795.96
ko:K01795	1463.5	256.5	331.5	580.5	2117.75	571.5	3619.0	2258.5	4.0	9.0
ko:K01796	18.0	0.0	0.0	0.0	80.0	30.0	121.0	8.0	0.0	6.0
ko:K01799	0.0	3.0	0.0	0.0	101.0	70.0	7.0	385.5	4.0	142.43
ko:K01800	5.0	3.0	0.0	10.0	2353.93	0.0	21.93	10.43	24.0	1.43
ko:K01801	5.0	3.0	0.0	10.0	2353.93	0.0	21.93	10.43	24.0	1.43
ko:K01802	112684.59999999999	13418.3	155474.73	110638.19	105805.61	118098.1	425494.42000000004	90925.45999999999	52679.29	110565.7
ko:K01803	120967.87	29509.84	121586.91999999998	98404.42	61902.509999999995	122330.78	817682.5800000001	98281.55	61510.049999999996	126489.18
ko:K01804	29854.29	6710.46	68905.82	37575.71	21141.28	25189.37	99054.1	21125.38	17041.91	40337.020000000004
ko:K01805	23302.800000000003	2459.63	2491.17	33061.18	21264.56	15260.05	46063.009999999995	18195.56	9778.160000000002	20217.12
ko:K01807	19666.77	1423.7099999999998	4170.110000000001	7734.05	19273.54	8630.64	53352.95999999999	11275.95	7326.22	19798.449999999997
ko:K01808	79836.67	18034.14	96459.79000000001	75465.23000000001	43877.12	76733.73000000001	444065.97000000003	65974.32	39200.369999999995	81264.19
ko:K01809	54546.35999999999	13584.25	84609.27	55693.44	36733.22	66172.45	336108.15	44828.479999999996	36510.83	73160.76000000001
ko:K01810	77875.66	16930.71	97203.79999999999	65635.95000000001	47716.600000000006	67321.94	318837.84	54583.17	40983.94	85299.14
ko:K01811	94900.81	12339.15	76556.45999999999	87736.76999999999	59814.479999999996	81006.13	217053.43	41280.97	43764.34	112072.29
ko:K01812	47706.49	11909.83	134312.46000000002	47191.829999999994	31259.33	48830.51000000001	135239.03	33615.57	25360.52	49689.05
ko:K01813	32645.309999999998	5281.4	64575.25000000001	36259.009999999995	23547.64	22207.559999999998	61573.89	17416.31	13136.010000000002	24018.97
ko:K01814	61358.46	12567.529999999999	91742.12	61968.22	41169.060000000005	63031.3	270772.42000000004	41900.840000000004	37497.18000000001	77612.85
ko:K01815	47437.149999999994	8095.4	131646.04	50925.759999999995	36082.729999999996	58669.689999999995	113997.34	27021.64	29246.93	53417.51000000001
ko:K01816	3168.2300000000005	667.2	734.53	584.3199999999999	5211.43	2068.74	9318.369999999999	6248.469999999999	625.1	631.8499999999999
ko:K01817	60488.649999999994	10258.84	149378.99	89450.91	48537.22	70274.51000000001	189222.14	42141.729999999996	35855.03	66244.22
ko:K01818	22177.440000000002	4229.23	6910.410000000001	27127.1	23271.22	17813.35	75873.46	12369.630000000001	15239.940000000002	28292.070000000003
ko:K01819	468.29	246.0	291.14	294.6	42.43	99.0	13282.970000000001	832.8199999999999	2963.69	11900.83
ko:K01820	0.0	0.0	0.0	20.67	2.67	3.33	29.67	28.17	0.0	12.0
ko:K01821	4809.219999999999	838.26	3539.68	2427.13	4431.88	13239.199999999999	183171.56	15456.029999999999	3796.02	10576.75
ko:K01822	1.0	3.0	0.0	0.0	3.0	0.0	2.5	0.0	0.0	0.0
ko:K01823	2096.95	860.7199999999999	3424.8	684.4699999999999	3882.92	2071.27	38032.03	5973.84	3743.1899999999996	13632.82
ko:K01825	392.72	193.70999999999998	143.0	58.0	2398.11	11.57	1722.79	2286.71	732.42	1808.9999999999998
ko:K01826	8.29	3.0	2.0	10.0	2375.5	0.0	10.5	92.0	90.0	1.43
ko:K01829	883.0	466.33	105.0	143.0	3482.0	634.46	2315.33	1664.3400000000001	893.67	6.33
ko:K01834	36053.4	5478.8099999999995	4652.8099999999995	23196.329999999998	35657.25	23718.999999999996	128575.28	29757.829999999998	23744.75	52196.380000000005
ko:K01835	92697.43000000001	24829.77	97521.23999999999	79532.81	48487.25	88932.56	467325.06999999995	61286.740000000005	50027.64	106811.94
ko:K01838	15102.18	4951.65	9164.55	4863.4	4282.17	3606.9700000000003	24063.14	6316.65	5293.17	14311.419999999998
ko:K01839	33867.18	9874.27	23350.55	15582.68	8605.58	13894.9	84866.09	17245.480000000003	19023.66	38409.54
ko:K01840	85829.87	22844.11	100209.59	73376.20000000001	43311.590000000004	79991.54	465672.30000000005	65666.33	46391.12	96843.94
ko:K01841	18971.760000000002	1502.71	2861.33	7123.5	15244.77	8930.16	25625.200000000004	6538.73	3553.0	10348.0
ko:K01843	25912.260000000002	4313.71	2145.0299999999997	10674.099999999999	24444.079999999998	16191.209999999997	43933.780000000006	18376.53	14396.260000000002	28889.22
ko:K01844	3904.26	1683.86	273.53	860.6700000000001	1701.27	859.2700000000001	1459.4	1271.07	305.5	1046.0
ko:K01845	17883.66	3881.48	45097.42	17122.760000000002	11267.859999999999	35908.369999999995	284569.48	20886.98	10655.6	17308.65
ko:K01846	507.0	28.0	21.0	20.0	21.0	0.0	155.0	115.0	0.0	1.43
ko:K01847	62849.69000000001	8261.5	10564.86	77162.02	62518.759999999995	79660.54999999999	626203.14	95650.75	33996.65	65049.05
ko:K01848	2629.53	615.26	3100.11	1944.33	1702.06	11060.07	152800.25	13730.57	1168.18	3182.85
ko:K01849	2648.1	603.55	2966.25	1894.33	382.2	11038.5	151180.25	11555.5	1551.75	6085.0
ko:K01851	775.44	387.41999999999996	282.0	158.0	3677.97	23.14	3446.58	4393.42	1362.8400000000001	3617.9999999999995
ko:K01852	18.5	0.0	0.0	0.0	0.0	0.0	0.0	0.0	0.0	0.0
ko:K01854	41752.93	9256.060000000001	109419.52000000002	43542.840000000004	7910.889999999999	35225.979999999996	109869.94	20519.0	21909.42	56447.62
ko:K01856	389.01	193.70999999999998	141.0	58.0	2574.11	11.57	1740.79	2285.21	766.42	1808.9999999999998
ko:K01857	1484.29	127.5	43.14	8.0	1257.68	56.0	1042.7199999999998	82.57	864.99	4162.58
ko:K01858	20164.53	1770.5900000000001	65116.420000000006	31969.43	16470.550000000003	25365.760000000002	34333.11	7430.35	8394.69	17133.47
ko:K01866	77595.06	16808.46	96703.79999999999	67753.95000000001	49490.94	78010.91	471559.34	66340.95	40878.340000000004	85393.34
ko:K01867	77611.95000000001	16823.46	96645.79999999999	67334.95000000001	48225.600000000006	77918.94	470173.84	66033.67	40813.94	85182.57
ko:K01868	77864.66	16849.46	96911.79999999999	67405.95000000001	48271.600000000006	78025.5	471556.24000000005	66464.67	40890.94	85319.14
ko:K01869	77525.51000000001	16806.46	96645.79999999999	67381.95000000001	48305.600000000006	77869.94	469380.84	66224.17	40801.94	84383.14
ko:K01870	77503.66	16798.46	96680.79999999999	67334.95000000001	48315.600000000006	77845.5	469329.34	66072.67	40784.94	85176.14
ko:K01872	102850.42000000001	25889.449999999997	108893.30999999998	78522.44	54983.14	86344.45	516742.94	79628.37	51006.85	109015.59
ko:K01873	77503.66	16814.46	96645.79999999999	67334.95000000001	48231.600000000006	77878.94	469412.34	66150.67	40880.94	85304.14
ko:K01874	79616.16	17077.46	100818.47	69180.95000000001	48743.990000000005	79594.94	479581.91000000003	66841.95	44482.94	98662.14
ko:K01875	77589.66	16824.46	96645.79999999999	67334.95000000001	48219.600000000006	77841.94	469329.34	66071.17	40784.94	85176.14
ko:K01876	103232.76000000001	24081.05	111718.55	100287.11	51488.36	102763.33	614315.2	76648.45999999999	51570.84	111316.19
ko:K01878	5799.62	1102.69	4932.65	2987.33	4557.85	13125.789999999999	186875.56	16269.44	4536.379999999999	15184.82
ko:K01879	5799.62	1102.69	4932.65	2987.33	4557.85	13125.789999999999	186875.56	16269.44	4536.379999999999	15184.82
ko:K01880	71757.04000000001	15695.77	91713.15000000001	64370.62	43658.75	64716.149999999994	282453.78	49801.73	36248.56	69174.31999999999
ko:K01881	78076.66	16803.46	96663.29999999999	67416.95000000001	48381.600000000006	78043.94	469363.34	66039.17	40924.94	85410.14
ko:K01883	77521.66	16798.46	96680.79999999999	67348.95000000001	48268.600000000006	77851.94	469374.34	66077.67	40787.94	85182.14
ko:K01884	0.0	0.0	0.0	0.0	0.0	0.0	0.0	0.0	5.0	0.0
ko:K01885	91901.72	21356.15	110020.93	77502.0	53004.18	92952.98000000001	621351.5900000001	84883.76999999999	49786.09	109781.87000000001
ko:K01886	71020.8	15333.470000000001	92297.42	65637.83	45028.020000000004	74516.70999999999	428583.05000000005	60367.259999999995	36001.34	69416.22
ko:K01887	77628.66	16810.46	96698.79999999999	67357.95000000001	48336.600000000006	77972.51000000001	471476.34	66276.67	40784.94	84364.14
ko:K01889	77527.66	16799.21	96648.0	67334.95000000001	48227.600000000006	77841.94	469337.84	66081.67	40800.94	85190.14
ko:K01890	77568.66	16812.46	96688.47	67478.95000000001	48216.600000000006	78117.94	469367.34	66344.17	40799.54	85233.14
ko:K01892	78364.99	17035.46	96823.5	67464.95000000001	48604.600000000006	78071.94	471035.34	66335.17	40846.94	85338.14
ko:K01893	67734.14	14343.96	86943.47	51935.53	44636.8	62439.93000000001	284166.98	50391.990000000005	34620.69	72093.44
ko:K01894	3174.72	756.54	311.83000000000004	244.0	5687.9400000000005	750.41	4040.79	4247.39	2690.0899999999997	4894.33
ko:K01895	39301.880000000005	6484.47	61455.6	50774.11	42429.22	48410.909999999996	180415.09	27381.479999999996	24691.11	43778.020000000004
ko:K01897	168745.03	26113.760000000002	275862.95	159017.82	127380.84	166398.96	677481.9500000001	137421.2	83559.07	164429.48
ko:K01902	14937.970000000001	1589.2199999999998	1734.75	3667.2200000000003	11091.68	2446.63	10493.74	7105.27	5764.74	16593.93
ko:K01903	13699.970000000001	1415.2199999999998	1646.75	3667.2200000000003	10498.68	2255.63	8871.74	6495.27	5067.74	15803.93
ko:K01905	1104.0	112.0	160.0	33.0	806.0	147.0	1085.0	557.0	524.0	701.0
ko:K01906	4263.0	822.6	3112.5	3830.46	639.4	22067.0	303163.5	23074.5	1646.5	6348.0
ko:K01907	3.0	0.0	0.0	5.0	1207.25	10.0	40.5	1.5	9.0	0.0
ko:K01908	425.43	196.70999999999998	133.86	55.0	2495.11	11.57	1584.5	2198.57	380.43	141.42
ko:K01909	173.57999999999998	60.0	32.5	178.0	389.0	157.0	2170.5	277.5	272.5	541.5
ko:K01910	2971.81	1269.71	1496.1	295.0	1408.06	342.97	3031.99	2969.71	1332.42	3367.63
ko:K01911	13167.52	3164.08	64075.50000000001	29837.65	15493.63	34790.89	188605.47	30117.14	7522.78	12564.349999999999
ko:K01912	71613.42	12541.2	19117.26	76209.79000000001	47495.490000000005	62757.759999999995	235576.65	40871.16	42096.72	82824.14000000001
ko:K01914	56712.350000000006	12696.380000000001	85791.76000000001	49052.67	35085.11	42554.37	159024.28	39499.5	25698.920000000002	53810.97
ko:K01915	157894.86	34241.02	188065.78999999998	134972.14	105728.73000000001	173295.26	851128.9299999999	116520.62	81217.72	174591.62
ko:K01916	7517.2699999999995	1976.56	2269.9799999999996	2672.8	6057.32	20899.91	126127.16	5914.11	2674.38	7367.32
ko:K01918	37742.97	4968.03	72521.62000000001	49156.82	34007.119999999995	45446.39	259645.63999999998	45833.369999999995	20666.93	41496.7
ko:K01919	5459.030000000001	2746.71	3338.6899999999996	3679.31	4909.69	4059.5699999999997	58695.88	6064.49	5899.77	14108.34
ko:K01920	714.72	199.51	443.0	96.0	2540.31	44.57	1866.29	2305.21	737.42	1898.9999999999998
ko:K01921	109799.43	21254.09	169515.05	105748.87	77993.61	113307.03999999998	566987.19	100031.79	61511.79000000001	128388.52
ko:K01923	73251.45999999999	16180.47	96191.75	67373.06	45755.58	77900.94	468896.67000000004	65005.77	40750.94	83983.92000000001
ko:K01924	80968.74	17287.96	97578.22	68032.87	49094.07	79295.61	480363.8300000001	69122.75	40120.520000000004	86142.01000000001
ko:K01925	77752.86000000002	16842.46	96701.4	67527.35	48305.8	77940.54000000001	469550.33999999997	66436.57	40818.740000000005	84531.54000000001
ko:K01926	67420.12	14495.220000000001	26697.72	65250.03	39857.89	56192.2	298723.44	43999.19	37019.850000000006	71685.11
ko:K01928	97959.5	23883.950000000004	103909.19	81824.66	56789.83	84478.61	576292.58	76219.36	47739.94	101328.34
ko:K01929	89441.28	18715.41	97958.61	71284.64	59203.810000000005	84002.35	520158.87	84432.56999999999	47711.94	97732.25000000001
ko:K01932	111.0	26.75	10.0	341.0	117.0	24.56	218.1	111.5	87.0	125.0
ko:K01933	71223.64	15742.8	96539.09	66284.72	44650.240000000005	77498.27	466812.67000000004	64291.1	40695.94	84085.92000000001
ko:K01934	71765.56	15560.8	95877.76999999999	66996.28	47579.3	77781.76	469809.2700000001	64744.76	40815.94	84457.81
ko:K01935	27851.309999999998	3669.9199999999996	6929.93	36046.37	29060.52	32430.76	206785.05	36154.66	11697.35	25101.8
ko:K01937	77498.82	16807.54	96495.53000000001	67184.61	48814.63	77341.63	468766.36	65611.17	40937.57	86521.65
ko:K01938	70673.94	15999.220000000001	94890.63	65623.78	39711.520000000004	75302.87000000001	433646.38	51874.78999999999	33667.520000000004	70975.14
ko:K01939	85502.2	18392.19	106772.75	74620.81	49883.0	83557.64	481800.04	70594.87	46149.67	91003.34
ko:K01940	73504.64	15486.369999999999	98162.62	68526.05	45599.83	79445.63	467567.81999999995	67212.94	42326.16	86846.93
ko:K01941	4139.48	1226.37	6331.74	7953.530000000001	3057.11	4201.799999999999	8995.59	4603.94	4679.99	7464.6
ko:K01945	73845.43	16692.79	96533.19	67516.13	46063.58	77979.14	471132.74000000005	65599.01000000001	40796.340000000004	84420.12
ko:K01947	1545.0	127.5	80.83	86.0	144.82999999999998	71.51	46.17	42.84	540.0	2453.0
ko:K01950	72955.9	15938.38	93790.81000000001	67873.89	48500.2	60990.92999999999	387595.48	71660.20000000001	46228.06	96928.93
ko:K01951	102946.16	21234.65	98925.20000000001	76145.63	69535.37	90131.01	529927.76	78486.85	52932.04000000001	110908.9
ko:K01952	73568.34	16600.89	96414.43	66743.61	50345.98	78269.61000000002	472303.93999999994	66802.78	42285.86	85497.25
ko:K01953	84422.56	24496.25	95744.35	84930.54999999999	44866.6	92059.90000000001	425901.95999999996	52053.8	54690.74	116686.48
ko:K01955	99506.64000000001	20145.58	162469.34999999998	113897.90000000001	67933.9	131258.08000000002	645061.78	85589.38999999998	60599.84	121915.34
ko:K01956	68325.14	14812.099999999999	94008.93	66066.05	45787.44	77205.40000000001	466821.67000000004	63554.43	40743.94	83939.92000000001
ko:K01958	5968.17	1032.71	4886.95	5920.79	2241.0299999999997	13517.14	158849.25	14882.5	2148.92	6259.0
ko:K01959	20.0	0.0	0.0	5.0	1114.25	0.0	0.0	5.0	6.0	6.0
ko:K01960	67942.1	8124.46	71579.81999999999	78367.47	68384.25	67609.6	163009.43	51059.0	36223.560000000005	70207.11
ko:K01961	42376.48	8712.98	13362.49	54749.29	31938.739999999994	36732.97	117369.56	29989.5	24101.23	49787.06
ko:K01962	50155.29	13866.099999999999	40697.52	45614.630000000005	12483.57	29954.949999999997	135070.41999999998	29826.14	33521.119999999995	69383.05
ko:K01963	35795.619999999995	9553.939999999999	28006.93	31700.8	9529.18	19938.28	101549.35	21145.53	23344.22	51132.05
ko:K01965	21291.39	3146.1800000000003	2319.0	34851.86	23022.499999999996	25720.36	50787.380000000005	15851.699999999999	13671.380000000001	25382.54
ko:K01966	23637.84	3762.02	2608.37	35624.02	27997.699999999997	22119.42	59613.44	17923.27	16702.55	24772.370000000003
ko:K01968	12.0	3.0	20.0	48.0	2295.5	43.0	181.5	13.5	48.0	0.0
ko:K01969	10.0	3.0	20.0	43.0	1194.25	33.0	143.5	12.0	24.0	0.0
ko:K01971	1626.33	187.35	100.30000000000001	105.0	2573.45	110.57	310.4	193.4	1235.2	1671.0
ko:K01972	80001.37999999999	17483.17	96958.79999999999	67610.95000000001	50545.45999999999	78434.51000000001	476398.13	69979.38	41597.36	87393.14
ko:K01974	1846.4299999999998	318.21	167.86	50.0	1342.43	42.57	1608.57	2199.14	930.4300000000001	2583.8500000000004
ko:K01975	8430.04	3268.43	596.95	503.21999999999997	3674.37	1489.37	3748.79	5188.369999999999	3870.59	6445.89
ko:K01989	57241.14	14472.86	31509.070000000003	35302.2	15057.280000000002	77629.74	663188.97	52462.090000000004	24941.7	67184.57
ko:K01990	459168.04000000004	114705.67	352027.52	372489.33999999997	223538.14	334779.85	1900611.33	278588.11	253846.15999999997	518989.65
ko:K01991	65272.39	8724.480000000001	70408.51	69201.8	58826.16	56956.72999999999	142497.72	53363.63	38037.259999999995	74449.48999999999
ko:K01992	418766.41000000003	88259.36	353604.94	354300.14	248947.12	333571.69	1834861.8900000001	292388.6	226367.82	466980.51999999996
ko:K01993	77626.75	8299.28	96364.06	79484.61	75421.31	78207.37	321290.65	75420.01000000001	33654.439999999995	71912.47
ko:K01994	0.0	16.0	6.0	40.0	1065.0	28.13	23.0	55.0	0.0	0.0
ko:K01995	38805.1	10323.619999999999	22980.659999999996	22690.0	21163.94	24622.27	233126.66999999998	33876.880000000005	20308.690000000002	45318.96
ko:K01996	38202.35	10255.09	22906.739999999998	22490.25	19424.84	24535.16	231832.74	33444.130000000005	20393.77	45089.09
ko:K01997	40313.72	10479.82	22444.949999999997	20483.45	21376.690000000002	24828.97	235325.76999999996	34217.380000000005	21445.52	45354.86
ko:K01998	38872.54	10294.42	22114.88	20225.25	20898.79	24846.170000000002	232451.20999999996	33887.270000000004	20737.33	46891.04
ko:K01999	53845.21000000001	13156.050000000001	24801.440000000002	22187.25	24411.18	35888.31	389002.73000000004	48943.009999999995	23841.32	59381.990000000005
ko:K02000	4275.0	1637.3	3745.5000000000005	2321.4300000000003	9451.109999999999	8429.939999999999	14692.880000000001	5063.8099999999995	6506.709999999999	12036.27
ko:K02001	4618.0	1793.3	914.5	2355.4300000000003	9368.109999999999	8429.939999999999	14618.880000000001	4977.8099999999995	7208.709999999999	14825.27
ko:K02002	6662.000000000001	2652.0	4035.5000000000005	3444.86	18651.62	10169.09	20311.56	7792.82	10105.42	18106.14
ko:K02003	431385.08	102180.5	448134.1	382027.37	238623.43000000002	366390.05	1956401.05	292537.07	240727.27999999997	504950.52
ko:K02004	508548.25	109194.40999999999	465903.12	503210.17000000004	303656.79	446063.30000000005	2316481.91	359535.84	273703.47000000003	570313.51
ko:K02005	141903.46000000002	22403.92	218832.66999999998	172343.28999999998	103931.80999999998	157527.86	597425.9099999999	119495.65	70102.63	141971.85
ko:K02006	13148.260000000002	4626.26	7688.68	6392.6900000000005	5362.03	15764.23	196020.33000000002	20134.67	7824.220000000001	17887.059999999998
ko:K02007	9852.32	4181.5599999999995	3074.0299999999997	4357.2	7794.42	4967.66	43177.41	9780.54	7313.89	14137.439999999999
ko:K02008	9478.82	4182.26	2930.0299999999997	4270.2	4779.72	4717.16	42317.41	9204.54	6770.49	11539.439999999999
ko:K02009	4134.389999999999	2157.88	1250.2	3266.0	1326.63	2236.83	6985.18	5786.02	5226.42	6806.51
ko:K02010	33866.89	5949.76	16475.28	17081.620000000003	19170.210000000003	20000.28	73190.76999999999	16929.67	11164.029999999999	28690.64
ko:K02011	17706.410000000003	6498.08	11458.939999999999	6179.32	8200.44	4934.280000000001	9765.82	8772.81	5539.67	21057.370000000003
ko:K02012	15683.7	3121.6400000000003	16469.71	8359.45	6530.96	15679.94	158499.04	18180.34	6562.86	24922.7
ko:K02013	107301.20999999999	23711.28	115451.87999999999	103799.4	80007.69	107165.96	755757.35	115110.44	62259.420000000006	133044.63
ko:K02014	132488.41	20035.87	182948.56000000003	153938.25999999998	145914.95	135761.55	675767.01	150124.49	95105.01	181748.06
ko:K02015	123982.01999999999	28660.600000000002	128583.7	120171.26000000001	81623.86	120013.76999999999	773977.9700000001	122287.92000000001	75910.78	156122.41000000003
ko:K02016	117559.23000000001	25769.949999999997	130564.81	113361.95	83750.1	163884.66999999998	1365534.7599999995	158418.15000000002	71952.28	151679.61
ko:K02017	37415.26	5793.28	12685.92	15401.79	20154.14	17212.39	61654.67	19727.010000000002	11109.12	31828.25
ko:K02018	21842.83	5041.98	9458.75	8944.29	7703.4400000000005	7294.0199999999995	37382.100000000006	13656.840000000002	7905.120000000001	21991.25
ko:K02019	20096.79	8208.369999999999	6989.52	7965.5	8938.31	5255.790000000001	33744.57	12604.949999999999	8908.57	22774.5
ko:K02020	22141.22	4998.41	9513.11	9017.62	7404.799999999999	7214.499999999999	36245.57	13544.0	8180.220000000001	23540.899999999998
ko:K02021	8739.0	438.5	593.83	567.8	1367.83	1987.44	29782.19	2423.26	1673.85	6220.75
ko:K02022	9208.03	1107.04	806.0	3257.0	6498.18	1738.8999999999999	10397.689999999999	8432.619999999999	2111.0899999999997	8773.9
ko:K02024	387.3	193.70999999999998	141.0	53.0	1298.86	11.57	1720.29	2206.71	801.4200000000001	1811.86
ko:K02025	133842.59	42098.600000000006	88034.76000000001	72056.25	37777.04	49207.479999999996	294422.57	56959.87999999999	83321.12	190134.78999999998
ko:K02026	124194.34	39582.82000000001	81514.98000000001	67362.51000000001	33629.8	41390.19	274394.9	51561.729999999996	75901.6	190646.58000000002
ko:K02027	122363.2	34347.44	81066.61	65974.28	46737.549999999996	39398.15	339145.42000000004	60722.03	69564.09	163449.32
ko:K02028	140996.92	36599.88	70763.53	90171.36	75900.65	122044.81000000001	968439.9199999999	105381.36	73899.98999999999	169786.79
ko:K02029	152258.52	46597.119999999995	73589.57	93604.17	81944.28	132211.68	1116570.07	116690.29999999999	79608.99	190733.16999999998
ko:K02030	195195.53999999998	56422.21	113728.65000000001	114813.27	85334.78	165188.27	1400816.52	130070.9	96013.83	216125.0
ko:K02031	55048.369999999995	18675.82	21085.91	18420.89	31732.34	24851.04	239651.58000000002	48843.1	27905.81	68574.08
ko:K02032	56624.18	19718.84	25533.91	22283.32	34386.869999999995	24989.2	265440.70999999996	47770.86	30456.4	76190.46
ko:K02033	74622.85999999999	21394.32	35772.6	30158.480000000003	32145.230000000003	43785.13	423462.81999999995	62737.5	33987.09	84207.20000000001
ko:K02034	86863.92000000001	28984.379999999997	32205.030000000002	27745.050000000003	37517.490000000005	33324.21	289698.82	50863.45	39351.0	96219.16
ko:K02035	129819.97	37000.979999999996	60930.61	51747.12	63081.51	83690.31	590524.3	88201.60999999999	60573.880000000005	132502.01
ko:K02036	69727.01000000001	16539.210000000003	30221.53	64781.7	44402.63	55597.09	308167.83	43970.090000000004	37618.61	81525.92
ko:K02037	64912.95	15254.869999999999	63744.2	64359.7	40717.96	55650.759999999995	277410.25	40914.67	33794.090000000004	72823.84
ko:K02038	66476.34999999999	15934.2	63922.2	64513.7	43896.96	56415.09	280561.57999999996	42820.51	36007.759999999995	76530.17
ko:K02039	67846.8	15697.46	28609.17	41511.72	44711.03999999999	62765.44	400462.81	50619.170000000006	34384.36	69363.08
ko:K02040	96563.16999999998	19049.83	131710.51	96102.88	65800.76000000001	85905.86	320672.0800000001	57696.04000000001	45801.54	93577.53
ko:K02041	5398.06	1275.46	5341.01	4897.53	4188.7	4064.44	8501.39	2475.04	4768.5599999999995	9398.279999999999
ko:K02042	5564.95	1299.2600000000002	5484.21	5057.4	5516.15	4307.21	9147.49	2649.1099999999997	4983.96	9668.91
ko:K02043	2.29	0.0	7.140000000000001	8.0	1174.25	0.0	137.79	11.14	305.99	1679.5800000000002
ko:K02044	7313.06	1411.71	6277.68	8095.530000000001	4609.7	4152.4400000000005	8855.39	2592.04	4953.0599999999995	9638.779999999999
ko:K02045	5803.92	1460.61	8958.83	14154.999999999998	3197.59	15491.970000000001	164080.63999999996	16071.08	5255.82	7340.349999999999
ko:K02046	5207.17	1268.61	8373.58	13568.999999999998	2826.84	4189.969999999999	12401.89	4268.58	4637.82	6930.099999999999
ko:K02047	5207.17	1268.61	8376.08	13568.999999999998	2826.84	4189.969999999999	12401.89	4268.58	4637.82	6930.099999999999
ko:K02048	6036.889999999999	1620.32	8803.41	13712.999999999998	5226.780000000001	4223.38	14478.679999999998	6765.459999999999	5460.24	8938.1
ko:K02049	65053.9	18185.82	39940.100000000006	33170.3	26399.68	43016.48	220249.27999999997	31979.65	34672.88	72321.54000000001
ko:K02050	70703.16	18866.2	43569.84	40155.07	29880.68	28437.48	129352.59	37020.729999999996	38700.86	80809.63
ko:K02051	67274.93	18733.76	102510.51999999999	34678.65	31322.65	53517.9	231009.81999999998	40806.64	35669.97	68414.27
ko:K02052	11132.97	2636.2	8407.7	7133.5599999999995	13735.800000000001	5404.7699999999995	21103.27	10624.689999999999	7245.79	14129.490000000002
ko:K02053	5243.03	1221.5700000000002	8392.67	6406.3099999999995	5771.17	4928.25	13220.41	5168.24	4250.79	6368.86
ko:K02054	1076.03	373.57	1494.4700000000003	584.31	5655.17	549.25	4126.41	3751.74	936.7900000000001	3052.8599999999997
ko:K02055	1243.03	386.57	1816.47	865.31	8918.92	800.25	4454.91	3771.74	975.7900000000001	3178.2899999999995
ko:K02056	67796.19	21966.33	30030.739999999998	29544.550000000003	29988.07	37677.97	247381.1	44746.24	28506.809999999998	74148.13
ko:K02057	128917.79000000001	40651.32	59715.170000000006	58937.100000000006	47426.71	74528.66	468204.89	62214.299999999996	50520.75	135875.76
ko:K02058	9916.3	1515.75	11042.130000000001	5824.22	7612.199999999999	4537.53	43057.85	8895.65	8117.040000000001	24798.050000000003
ko:K02062	404.72	193.70999999999998	1126.83	146.0	1307.86	42.57	1792.79	2499.71	690.4200000000001	1841.9999999999998
ko:K02063	404.72	193.70999999999998	1126.83	146.0	1375.86	42.57	2277.79	2689.7099999999996	690.4200000000001	1956.9999999999998
ko:K02064	404.72	193.70999999999998	1126.83	146.0	1307.86	42.57	1954.79	2499.71	713.4200000000001	1897.0
ko:K02065	41007.85	4631.58	71684.33	37949.01	34251.04	43446.770000000004	241103.69999999998	45242.39	19769.530000000002	42731.92999999999
ko:K02066	41333.85	4643.58	71964.33	37949.01	34350.04	43486.770000000004	241255.69999999998	45243.89	19769.530000000002	42814.6
ko:K02067	43505.85	4819.58	71973.33	39750.01	34464.04	54424.770000000004	391165.7	56474.89	19802.530000000002	43022.6
ko:K02068	20359.33	2175.05	2734.25	8954.56	21432.210000000003	16196.63	42144.68000000001	14325.460000000001	9100.11	19560.8
ko:K02069	21390.33	2120.05	2739.25	8967.359999999999	22257.210000000003	16221.759999999998	42762.78	14346.460000000001	9649.61	21998.97
ko:K02071	30967.69	7561.1900000000005	20150.480000000003	17746.43	16349.58	21971.64	231280.09000000003	29006.99	17000.81	44860.22
ko:K02072	31594.679999999997	7909.4	20426.48	17954.23	18301.440000000002	22096.28	234731.97999999998	31404.95	17662.48	46671.97
ko:K02073	39659.700000000004	9189.9	29274.59	20606.09	19525.61	33367.92	384861.37	43634.09	21081.739999999998	59747.6
ko:K02074	906.93	247.66	556.43	979.69	3618.07	3881.7000000000003	62226.31	3788.16	2963.9399999999996	7996.709999999999
ko:K02075	27636.17	3240.54	66088.64	35887.43	28080.98	31610.699999999997	88309.3	28769.559999999998	15677.429999999998	32054.550000000003
ko:K02076	903.3	106.05	4099.8	1536.47	778.09	687.1299999999999	3677.27	238.45	4091.5	6890.5
ko:K02077	900.08	444.15999999999997	156.64	420.17	5488.99	747.1700000000001	7056.39	3367.1	1609.1599999999999	3383.74
ko:K02078	169863.94999999998	34764.35	247254.8	141391.78999999998	81045.52	147553.19	738212.13	107796.71999999999	91251.13	207900.77
ko:K02079	386.72	193.70999999999998	141.0	53.0	1298.86	11.57	1719.79	2194.71	573.4200000000001	1807.57
ko:K02080	14049.43	602.71	639.86	4254.0	12304.43	4213.57	13065.57	4674.14	3742.4300000000003	10174.419999999998
ko:K02081	10520.43	2649.02	2234.95	6745.169999999999	14586.24	8449.2	38363.479999999996	15732.369999999999	17364.86	27199.940000000002
ko:K02082	770.52	340.64	755.74	234.0	1631.76	230.20999999999998	9174.939999999999	2972.7799999999997	2083.0299999999997	6615.719999999999
ko:K02083	1727.52	640.51	403.86	265.0	2703.0299999999997	463.5	6129.67	2551.64	1434.23	3560.6800000000003
ko:K02086	11834.689999999999	3330.75	6172.210000000001	5917.36	4189.6900000000005	6742.129999999999	51644.02	6472.65	7647.18	15729.970000000001
ko:K02096	4.0	4.0	57242.67	0.0	6.0	8834.83	1472.67	193.0	1.0	0.0
ko:K02099	13018.720000000001	2262.1099999999997	5364.28	6176.33	2733.2599999999998	4022.2699999999995	15662.26	6533.58	6021.150000000001	11585.560000000001
ko:K02100	11756.55	2543.2599999999998	1663.65	12788.18	14045.67	12193.63	35559.27	19177.12	10022.83	18776.56
ko:K02101	0.0	0.0	0.0	34.0	0.0	0.0	0.0	0.0	0.0	0.0
ko:K02103	9627.2	2565.0	7786.4	3559.2000000000003	1865.2	1773.4599999999998	9879.4	1732.8999999999999	5039.63	17150.3
ko:K02106	2047.43	928.17	210.86	483.67	3115.98	881.3699999999999	3078.0	3173.74	1444.93	4413.42
ko:K02107	283.2	166.0	111.67	503.67	220.89	667.0	2884.32	546.7	616.5	1827.75
ko:K02108	77209.01	14930.04	109711.45999999999	65059.950000000004	39122.58	64378.6	344304.94	56673.450000000004	41240.25	84607.24
ko:K02109	76520.13	13383.029999999999	104386.02	62564.98	39681.2	62692.94	324049.55999999994	57752.80000000001	39454.5	79364.22
ko:K02110	82743.53	18069.04	107596.26999999999	66906.39000000001	40142.64	84305.59999999999	451540.62	59919.55000000001	44253.25	89718.27
ko:K02111	77344.45	14939.04	109439.35	65046.39000000001	39109.69	64411.6	344279.27	56765.450000000004	41240.25	84582.35
ko:K02112	76790.45	14891.04	105451.35	63633.39000000001	39053.69	63726.17	343369.27	56436.450000000004	39436.25	78008.35
ko:K02113	65865.65	13053.71	95734.67	58256.40000000001	36632.06	59111.76999999999	311399.77	51140.05000000001	35149.67	70346.02
ko:K02114	70459.01	13086.04	103830.45999999999	62337.950000000004	36337.78	62987.59999999999	338670.54000000004	55078.05000000001	39261.25	77296.91
ko:K02115	76929.45	14907.04	105451.35	63653.39000000001	39080.69	63866.59999999999	343422.27	56587.450000000004	39470.25	78321.35
ko:K02116	4631.719999999999	407.26	1626.83	266.8	3492.3100000000004	231.2	3205.39	3501.21	1280.42	3406.0
ko:K02117	51829.73	13761.609999999999	9740.119999999999	59484.83	33012.36	47651.12	246366.33000000002	39650.34	28651.96	56086.7
ko:K02118	50301.73	13621.609999999999	9676.119999999999	58652.83	32568.360000000004	47640.12	244592.33000000002	39596.34	28447.96	55704.7
ko:K02119	23720.69	10028.66	6742.62	23361.23	8684.539999999999	25982.17	164111.94	15085.769999999999	13370.27	26409.100000000002
ko:K02120	49140.07	13110.949999999999	9012.79	58336.16	32132.690000000002	47106.45	242039.33000000002	38483.67	28447.96	55704.7
ko:K02121	35793.87	7276.449999999999	6434.02	47031.59	29442.190000000002	43227.35	199329.68	31521.449999999997	21952.01	41080.22
ko:K02122	23792.69	10034.66	6745.29	23384.23	8731.34	26062.17	164420.34	15314.17	13374.27	26454.43
ko:K02123	50402.73	13557.609999999999	9740.119999999999	59345.83	32660.360000000004	47640.12	244596.33000000002	39596.34	28447.96	55704.7
ko:K02124	47744.07	12953.949999999999	9012.79	58320.16	32132.690000000002	47106.45	242039.33000000002	38491.67	28447.96	55704.7
ko:K02160	20488.25	5340.369999999999	10839.35	19975.43	7786.78	12191.470000000001	63754.68000000001	14069.659999999998	10614.990000000002	22843.38
ko:K02164	3.0	0.0	0.0	5.0	1143.25	30.0	116.5	0.0	0.0	0.0
ko:K02167	6.29	0.0	9.14	8.0	1099.25	0.0	147.79	14.14	216.99	1678.1500000000003
ko:K02168	557.79	54.75	2011.05	204.0	3652.75	150.0	1413.54	923.14	474.74	1905.58
ko:K02169	26437.729999999996	3644.57	2622.25	34736.11	28880.61	23526.57	60899.4	26302.85	12877.069999999998	23240.47
ko:K02170	477.22	193.70999999999998	141.0	58.0	2477.11	15.13	1722.29	2281.21	738.02	1820.0
ko:K02171	9752.25	2352.33	10251.779999999999	9549.49	2170.2	7143.4	45128.77	5519.92	7687.15	24060.45
ko:K02172	22307.0	6479.32	20204.04	14339.48	5418.29	9431.41	32513.350000000002	10294.58	13333.39	40422.2
ko:K02173	458.43	210.70999999999998	133.86	96.0	1331.86	60.57	1667.0	2412.5699999999997	404.43	183.85
ko:K02182	404.43	200.70999999999998	193.86	89.0	2686.11	26.57	1726.0	2437.82	438.68	175.17
ko:K02188	41937.21000000001	8967.400000000001	15050.480000000001	22529.92	23086.440000000002	37111.28	236568.58	31290.36	20492.170000000002	45470.57
ko:K02189	22604.16	7229.92	13465.09	12834.49	6699.12	20440.670000000002	198733.65999999997	24243.299999999996	13590.310000000001	26811.120000000003
ko:K02190	57272.80999999999	9495.580000000002	15878.34	29780.97	35140.67	44662.22	260193.75	35791.84	21229.32	53919.06
ko:K02191	22459.23	6993.21	17607.73	14136.49	5383.1900000000005	20835.04	197866.09	21839.16	14683.38	32753.2
ko:K02192	420.12	206.70999999999998	148.0	368.0	2512.3100000000004	42.97	1938.2899999999997	2414.71	830.8199999999999	1954.1999999999998
ko:K02193	2646.7200000000003	461.21	1353.6599999999999	318.0	2835.44	202.08	2883.46	2983.5499999999997	1752.4199999999998	4905.0
ko:K02194	2649.7200000000003	461.21	1353.6599999999999	318.0	2868.44	202.08	2883.46	2983.5499999999997	1752.4199999999998	4905.0
ko:K02195	2649.7200000000003	461.21	1353.6599999999999	318.0	2868.44	202.08	2883.46	2983.5499999999997	1752.4199999999998	4905.0
ko:K02196	1849.7199999999998	318.21	1160.83	151.0	2428.11	73.57	1804.79	2474.21	1225.42	4262.0
ko:K02197	2649.7200000000003	461.21	1353.6599999999999	318.0	2868.44	202.08	2883.46	2983.5499999999997	1752.4199999999998	4905.0
ko:K02198	3882.5099999999998	534.21	1481.32	490.0	2918.1000000000004	276.76	2919.46	3045.89	2316.42	7358.0
ko:K02199	1849.7199999999998	323.21	2193.4900000000002	330.0	2544.94	155.08	2758.96	2760.0499999999997	1230.42	4262.0
ko:K02200	3717.6499999999996	636.42	3394.01	564.0	5047.88	259.16	3567.63	5246.959999999999	2178.85	6844.42
ko:K02201	0.0	0.0	0.0	0.0	20.0	0.0	0.0	0.0	0.0	0.0
ko:K02203	11779.130000000001	2846.0600000000004	13912.5	11630.99	2781.9	6246.17	21741.52	4240.2	7839.57	16786.85
ko:K02204	2020.56	128.25	124.11	36.56	1245.14	118.0	2206.67	230.5	597.0	2489.8900000000003
ko:K02205	418.0	96.0	156.2	435.0	2668.5	1898.24	27591.0	1491.0	407.6	2011.0
ko:K02217	40902.08	7802.709999999999	71626.28	55057.17	40820.71	67415.23000000001	361725.94	54352.4	25215.179999999997	48351.79
ko:K02221	7254.200000000001	906.8499999999999	2210.7	1558.1100000000001	5587.04	2755.18	40281.73	6453.69	6090.78	14266.41
ko:K02224	44134.61	9417.28	16821.730000000003	53487.42	26409.53	39815.61	243428.90999999997	34828.48	21925.84	46196.9
ko:K02225	3.0	3.0	0.0	5.0	1080.25	0.0	9.5	1.5	9.0	0.0
ko:K02226	64609.34	16627.21	22367.98	35215.17	30792.990000000005	58924.98999999999	378701.77999999997	47574.97000000001	30230.64	64027.11
ko:K02227	42177.29	9299.73	15341.730000000001	44939.92	26408.079999999998	39082.61	246856.05999999997	37080.48	22040.840000000004	46635.15
ko:K02228	0.0	0.0	0.0	0.0	22.0	0.0	858.0	1.5	33.0	0.0
ko:K02229	2.0	0.0	0.0	5.0	1102.25	0.0	7.0	1.5	4.0	0.0
ko:K02230	26808.08	2562.39	5822.52	12523.43	18492.75	24730.31	172523.31	15513.0	8822.24	26419.27
ko:K02231	57849.590000000004	14705.1	23161.270000000004	53276.590000000004	32989.73	44166.84999999999	274935.78	48171.19	29803.800000000003	60803.75
ko:K02232	43998.509999999995	9541.73	15583.08	31771.32	27969.329999999998	39786.31	250276.20999999996	38596.880000000005	21952.239999999998	45951.100000000006
ko:K02233	47771.3	11402.1	17084.270000000004	45607.590000000004	30784.730000000003	39620.85	258448.77999999997	42239.19	24092.47	49162.32
ko:K02234	2.0	3.0	0.0	5.0	1084.25	0.0	7.0	0.0	4.0	0.0
ko:K02236	1367.3	142.8	345.85	7674.63	2267.2	1949.1299999999999	29532.699999999997	1433.25	1198.1	2630.25
ko:K02237	40252.19	11413.25	29167.88	24047.77	14171.59	45328.91	367294.85000000003	35170.81999999999	23409.58	50986.04
ko:K02238	111744.45999999999	26373.690000000002	113459.85	83597.3	61100.32000000001	116360.94	805157.99	95817.15	55921.86	114528.08
ko:K02239	54.0	2.8	0.0	68.0	646.2	4.13	15.0	0.0	0.0	0.0
ko:K02240	730.3599999999999	250.0	730.71	555.36	1250.69	2029.1299999999999	30629.019999999997	1579.65	1247.35	2759.4700000000003
ko:K02241	2256.9	273.38	347.2	178.16	665.4000000000001	312.9	76.6	392.0	2258.3	489.2
ko:K02242	30894.33	7998.040000000001	24341.11	19268.129999999997	11931.65	34480.67	205260.89	18231.63	17270.66	32244.12
ko:K02243	1091.36	362.0	774.71	804.36	2580.6899999999996	3836.7	56119.02	2704.65	1626.35	4713.47
ko:K02244	268.8	149.0	216.6	262.8	639.0	94.13	4610.95	310.25	794.35	672.25
ko:K02245	2025.8	346.0	356.6	530.8	1579.0	2005.1299999999999	30495.949999999997	1551.25	1247.35	2732.25
ko:K02246	439.36	102.75	322.71000000000004	519.16	1099.8899999999999	1889.1299999999999	30031.119999999995	1409.25	1190.35	2793.14
ko:K02247	29.7	0.0	0.0	34.0	0.0	0.57	15.0	0.0	0.0	0.0
ko:K02248	830.8	198.0	430.6	723.8	1568.0	3742.13	56040.45	2469.75	1583.45	4792.75
ko:K02249	0.0	0.0	0.0	34.0	99.0	4.13	0.0	0.0	0.0	0.0
ko:K02250	0.0	16.0	6.0	41.8	1164.0	4.7	35.6	45.0	0.0	0.0
ko:K02251	0.0	0.0	0.0	34.0	0.0	0.0	0.0	0.0	0.0	0.0
ko:K02253	0.0	0.0	0.0	34.0	0.0	0.0	0.0	0.0	0.0	0.0
ko:K02254	0.0	0.0	0.0	34.0	626.0	4.13	0.0	0.0	0.0	0.0
ko:K02255	386.72	193.70999999999998	141.0	53.0	1298.86	11.57	1719.79	2198.71	681.4200000000001	1808.9999999999998
ko:K02257	420.72	196.70999999999998	163.0	176.8	4269.36	62.26	3655.8900000000003	2305.21	744.42	1814.9999999999998
ko:K02258	3.0	3.0	0.0	5.0	1080.25	0.0	9.5	0.0	9.0	0.0
ko:K02259	3.0	3.0	0.0	46.8	1846.25	17.69	1799.1	1.5	12.0	0.0
ko:K02274	30.0	3.0	20.0	82.0	3045.5	47.7	1076.5	20.0	21.0	6.0
ko:K02275	28.0	6.0	20.0	77.0	1965.25	48.27	1061.5	18.5	22.0	6.0
ko:K02276	33.0	6.0	20.0	87.0	4128.75	47.13	1078.0	18.5	27.0	6.0
ko:K02277	27.0	0.0	20.0	77.0	1731.25	37.13	149.0	17.0	4.0	6.0
ko:K02278	9886.27	2413.07	12558.83	9381.5	2452.3500000000004	5349.400000000001	13502.87	2729.87	5925.549999999999	13080.8
ko:K02279	3671.3	665.25	7767.2	3512.0	3281.15	1460.8	18760.2	1416.0	5353.8	19261.4
ko:K02280	318.0	30.0	1009.0	2544.0	1583.25	0.0	47.5	7.0	72.0	0.0
ko:K02281	0.0	0.0	0.0	0.0	94.0	0.0	0.0	0.0	0.0	0.0
ko:K02282	1975.0	306.65	523.0	145.0	2036.35	80.0	3898.5	420.0	669.0	4202.0
ko:K02283	26878.260000000002	7413.37	30223.37	21385.89	9266.259999999998	30879.940000000002	162997.41	14229.279999999999	20301.300000000003	46399.95
ko:K02286	4.0	4.0	57242.67	0.0	6.0	8834.83	1472.67	193.0	1.0	0.0
ko:K02289	0.0	0.0	0.0	0.0	0.0	0.0	0.0	0.0	5.0	0.0
ko:K02290	4.0	4.0	57242.67	0.0	6.0	8834.83	1472.67	193.0	1.0	0.0
ko:K02291	681.5	325.33	0.0	94.8	3090.0	602.89	1622.4299999999998	1746.3400000000001	907.67	30.33
ko:K02297	392.72	196.70999999999998	143.0	58.0	2586.11	15.13	1729.79	2286.71	747.42	1808.9999999999998
ko:K02298	412.72	196.70999999999998	143.0	63.0	3772.359999999999	11.57	1729.79	2291.71	751.42	1814.9999999999998
ko:K02299	410.72	196.70999999999998	143.0	58.0	2641.11	25.130000000000003	2625.79	2293.21	750.42	1814.9999999999998
ko:K02300	392.72	196.70999999999998	143.0	58.0	2586.11	15.13	1729.79	2286.71	747.42	1808.9999999999998
ko:K02302	15149.45	3970.92	45739.979999999996	19902.159999999996	6382.509999999999	9863.61	41007.35	10166.72	10705.220000000001	17389.45
ko:K02303	14459.830000000002	3722.71	44326.729999999996	19633.46	6815.200000000001	9444.89	39174.16	7018.51	9942.4	15326.25
ko:K02304	28692.58	7728.07	52989.56	29101.019999999997	8226.760000000002	26707.28	212462.81	26649.53	17532.06	31984.61
ko:K02305	3.0	0.0	0.0	5.0	1090.25	0.0	2.5	0.0	2.0	0.0
ko:K02313	78290.99	16925.46	96756.29999999999	67398.95000000001	48557.600000000006	77998.94	470672.34	66679.17	41370.94	86067.14
ko:K02314	104466.16	18732.29	98795.04000000001	102213.95000000001	70371.66	92320.68000000001	516789.04000000004	77140.01	54207.4	118976.61
ko:K02315	84327.66	26806.54	97012.23999999999	56780.69	24168.15	58305.520000000004	307056.38	50706.729999999996	51000.1	116519.0
ko:K02316	97598.16	18697.96	108914.14	77635.45000000001	52490.100000000006	89138.6	488287.48000000004	77335.92	46439.850000000006	100015.89
ko:K02317	386.72	193.70999999999998	141.0	53.0	1298.86	11.57	1719.79	2196.71	573.4200000000001	1808.9999999999998
ko:K02319	0.0	0.0	0.0	0.0	40.0	0.0	0.0	0.0	0.0	0.0
ko:K02322	0.0	0.0	0.0	0.0	20.0	0.0	0.0	0.0	0.0	0.0
ko:K02323	0.0	0.0	0.0	0.0	20.0	0.0	0.0	0.0	0.0	0.0
ko:K02334	509.72999999999996	1041.73	744.97	539.0	145.44	2917.88	8935.35	2313.31	1147.76	3016.27
ko:K02335	77651.99	16819.46	96848.29999999999	67440.95000000001	48410.100000000006	77937.0	469541.34	66358.17	40837.44	85565.64
ko:K02336	801.7199999999999	224.70999999999998	633.0	344.0	2411.11	235.57	1844.79	2222.71	685.4200000000001	1808.9999999999998
ko:K02337	77903.16	16841.79	96966.47	67572.62	48258.270000000004	78242.94	472653.68	66359.84	40828.44	85305.14
ko:K02338	78298.16	16837.46	96669.79999999999	67442.70000000001	48513.100000000006	78096.69	470130.34	66226.17	40833.19	85614.14
ko:K02339	4883.719999999999	362.21	1209.6599999999999	237.0	2542.94	114.08000000000001	1822.4599999999998	3103.55	1277.4199999999998	5204.0
ko:K02340	77503.66	16798.46	96645.79999999999	67334.95000000001	48196.600000000006	77841.94	469329.34	66071.17	40784.94	84359.14
ko:K02341	77523.66	16798.46	96645.79999999999	67351.95000000001	48196.600000000006	77817.94	469321.34	66061.17	40784.94	85176.14
ko:K02342	91817.29	15069.64	148910.86000000002	120262.83	74976.04000000001	108758.84999999999	548619.4099999999	91685.87	49300.950000000004	94616.81
ko:K02343	78468.66	17029.46	97053.79999999999	67875.95000000001	48732.600000000006	78333.94	496082.34	66888.67	41191.340000000004	87069.14
ko:K02344	386.72	193.70999999999998	1126.83	146.0	1298.86	42.57	1770.79	2456.71	686.4200000000001	1808.9999999999998
ko:K02345	386.72	193.70999999999998	141.0	53.0	1298.86	11.57	1719.79	2196.71	710.4200000000001	1808.9999999999998
ko:K02346	72876.78	18163.79	86262.53	70688.25	47970.479999999996	77510.94	518664.19	52821.71000000001	42305.28	99255.56999999999
ko:K02347	106.5	7.05	0.0	41.8	724.2	4.13	51.1	7.0	5.0	0.0
ko:K02348	3490.12	790.14	364.24	957.1700000000001	5794.21	718.27	8998.960000000001	4207.799999999999	5868.780000000001	10926.07
ko:K02351	0.0	0.0	0.0	0.0	788.0	14.13	903.0	4.5	3.0	0.0
ko:K02352	5831.0	654.0	3685.0	2577.8	1167.0	2589.0	5249.6	3552.0	2551.33	3861.0
ko:K02355	145072.61	31880.879999999997	185596.06	125013.95	89215.18000000001	138280.85	744906.3500000001	112391.55	75665.19	160542.71000000002
ko:K02356	78119.37999999999	17134.17	96891.79999999999	67477.95000000001	49508.45999999999	77899.51000000001	471892.13	68318.88	41466.36	86988.14
ko:K02357	77503.66	16798.46	96645.79999999999	67334.95000000001	48196.600000000006	77841.94	469329.34	66071.17	40784.94	85176.14
ko:K02358	89780.81	19564.499999999996	98286.04999999999	70248.60999999999	51420.67	89219.98999999999	629595.4500000001	82082.31	46420.47	96641.21
ko:K02359	0.0	0.0	0.0	0.0	21.0	15.0	89.5	21.5	3.0	7.0
ko:K02361	10011.57	2271.46	66532.42000000001	27726.98	13059.820000000002	22841.5	35328.340000000004	18310.92	6304.530000000001	10531.269999999999
ko:K02362	388.72	193.70999999999998	141.0	58.0	2383.11	11.57	1719.79	2196.71	685.4200000000001	1808.9999999999998
ko:K02363	494.72	205.70999999999998	162.0	106.0	2519.61	11.57	1884.29	2229.21	713.4200000000001	1808.9999999999998
ko:K02364	386.72	193.70999999999998	141.0	67.0	1298.86	11.57	1726.79	2196.71	684.4200000000001	1808.9999999999998
ko:K02371	55194.32000000001	11634.23	26822.64	64028.579999999994	32434.090000000004	49867.15000000001	329486.39	48608.46	36731.99	74490.07
ko:K02372	49953.31	11374.17	87553.7	38826.70999999999	15767.33	41819.22	277410.18999999994	40150.990000000005	37371.96	79410.75
ko:K02377	35965.98	6098.700000000001	109036.51999999999	41038.17	26613.56	36373.03999999999	75179.47	22770.25	19852.47	47167.24
ko:K02379	10060.72	1280.26	5173.66	3242.8	4837.84	3409.04	10127.16	6872.049999999999	4226.82	8923.199999999999
ko:K02380	3329.72	575.21	1394.83	232.0	3166.11	244.57	3485.29	3076.71	1997.4199999999996	5208.0
ko:K02381	802.8299999999999	247.30999999999997	289.0	211.0	1372.46	663.97	5277.889999999999	2704.71	738.82	2173.2
ko:K02385	3575.0299999999997	928.05	5804.85	5969.700000000001	865.2900000000001	4182.96	10011.3	1833.1799999999998	5819.200000000001	4238.8
ko:K02386	3691.43	301.71	281.0	105.0	2487.5399999999995	11.57	1735.2199999999998	2720.6400000000003	663.4200000000001	2022.5700000000002
ko:K02387	11787.7	1477.42	13061.59	9423.66	3572.4399999999996	5034.74	18632.32	5168.26	9515.480000000001	15994.940000000002
ko:K02388	12091.36	1549.42	13067.59	9499.66	3581.4399999999996	5113.74	18646.32	5203.26	9515.480000000001	16056.940000000002
ko:K02389	10020.86	1279.0900000000001	12759.59	9365.5	3539.4399999999996	5085.74	18493.82	5131.76	9509.980000000001	15913.440000000002
ko:K02390	22903.64	2751.95	25645.54	18786.32	3921.7400000000002	10200.14	34054.020000000004	8031.96	18369.18	30114.239999999998
ko:K02391	3692.7599999999998	301.71	422.5	105.0	2487.5399999999995	11.57	1736.2199999999998	2720.6400000000003	661.4200000000001	2022.5700000000002
ko:K02392	20217.3	2717.63	25989.68	18853.32	4659.91	10239.91	35539.990000000005	7670.450000000001	18374.54	30085.309999999998
ko:K02393	3691.43	304.71	281.0	105.0	2485.11	11.57	1729.79	2714.21	663.4200000000001	2022.5700000000002
ko:K02394	3691.43	301.71	281.0	105.0	2485.11	11.57	1729.79	2714.21	663.4200000000001	2022.5700000000002
ko:K02395	8926.57	1631.84	2592.6	2405.66	9794.81	15717.57	176681.09000000003	16498.21	3071.42	14072.570000000002
ko:K02396	17767.4	2425.8199999999997	25233.34	18654.16	3840.8399999999997	9962.74	33778.92	7020.459999999999	15943.28	29147.54
ko:K02397	8763.36	1427.0900000000001	12766.59	9402.5	3569.4399999999996	5090.24	18543.82	4657.26	9515.480000000001	15807.940000000002
ko:K02398	6912.13	1222.09	12618.09	9333.5	3486.8100000000004	5037.34	18416.79	4279.83	9466.580000000002	15584.240000000002
ko:K02399	389.43	196.70999999999998	141.0	58.0	2478.5399999999995	11.57	1734.7199999999998	2204.6400000000003	661.4200000000001	1807.57
ko:K02400	12411.130000000001	1671.1299999999999	13478.45	9502.66	4868.87	5125.3099999999995	20220.89	7379.4	9998.91	16264.36
ko:K02401	12415.7	1534.42	13152.59	9452.66	3864.4399999999996	5196.74	19456.32	5490.26	10043.48	16676.940000000002
ko:K02402	387.43	196.70999999999998	141.0	53.0	1395.86	11.57	1729.29	2200.71	657.4200000000001	1807.57
ko:K02403	387.43	196.70999999999998	141.0	53.0	1395.86	11.57	1736.29	2196.71	657.4200000000001	1807.57
ko:K02404	6158.7	1022.45	12426.75	9150.5	2159.2400000000002	4816.129999999999	12103.0	1634.98	7809.8	11854.6
ko:K02405	10587.2	1566.42	13255.59	10391.66	3677.4399999999996	5335.299999999999	18833.989999999998	4717.26	9641.480000000001	15971.940000000002
ko:K02406	25238.239999999998	4500.55	48446.38	36608.520000000004	4369.02	20772.239999999998	68737.51	10450.26	29634.07	57396.89
ko:K02407	15446.1	2337.2200000000003	26792.339999999997	19031.16	3843.24	10040.74	35697.52	6610.66	16252.28	30152.140000000003
ko:K02408	10966.630000000001	1399.0900000000001	7923.09	7804.5	3470.24	4537.84	13604.22	4628.26	6970.68	7960.74
ko:K02409	11951.7	1481.42	13082.59	9487.66	3579.9399999999996	5340.74	18897.32	5281.26	9633.480000000001	16245.940000000002
ko:K02410	11817.7	1485.42	12802.59	9487.66	3579.9399999999996	5340.74	18897.32	5281.26	9908.48	16484.940000000002
ko:K02411	11557.86	1436.0900000000001	13037.09	9381.5	3535.01	5085.74	18488.39	5127.33	9507.980000000001	15997.440000000002
ko:K02412	9575.7	1499.42	13170.59	9487.66	3871.9399999999996	5423.74	19709.32	5060.26	10157.48	16746.940000000002
ko:K02413	6972.13	1219.29	12755.89	9333.5	3470.61	4958.34	18464.29	4285.83	9466.580000000002	15631.240000000002
ko:K02414	6778.13	1216.09	12715.89	9236.5	3445.24	4908.34	13948.22	3918.76	8460.580000000002	13815.240000000002
ko:K02415	9562.630000000001	1278.1599999999999	12707.75	9255.5	4519.28	4827.7	13803.72	4339.62	8466.220000000001	13871.170000000002
ko:K02416	11707.7	1478.42	12784.59	9452.66	3554.9399999999996	5113.74	18619.32	5186.26	9790.48	16289.940000000002
ko:K02417	14787.699999999999	1516.35	13074.93	9456.66	3620.1499999999996	5130.38	18747.82	5902.4	9517.84	16221.010000000002
ko:K02418	8547.87	1362.42	12762.89	9402.66	3542.01	5089.24	18510.39	4581.33	9507.980000000001	15773.440000000002
ko:K02419	11867.7	1477.42	13064.59	9452.66	3572.4399999999996	5113.74	18644.32	5200.26	9515.480000000001	16050.940000000002
ko:K02420	11867.7	1477.42	13061.59	9452.66	3572.4399999999996	5113.74	18644.32	5200.26	9515.480000000001	16050.940000000002
ko:K02421	11817.7	1476.4899999999998	13003.45	9425.66	3545.34	5102.1	17187.42	5064.34	9510.12	16044.870000000003
ko:K02422	14495.9	2298.8199999999997	24848.84	17515.16	4833.09	8930.3	31506.92	6542.959999999999	15474.78	28721.54
ko:K02423	387.43	196.70999999999998	141.0	87.0	2021.86	15.700000000000001	1744.29	2196.71	662.4200000000001	1807.57
ko:K02424	15283.87	4934.5	6701.209999999999	6913.09	8317.41	6980.68	52899.01	10197.539999999999	8639.0	21335.0
ko:K02425	386.43	193.70999999999998	141.0	53.0	1298.86	11.57	1719.79	2196.71	652.4200000000001	1807.57
ko:K02426	32667.47	4247.62	68603.25	35978.68	33221.02	32963.06	92173.0	36392.600000000006	18301.27	34035.130000000005
ko:K02427	5652.72	485.21	1297.6599999999999	284.0	2863.94	197.08	2634.46	3397.05	1801.4199999999998	5019.0
ko:K02428	135661.49	30570.769999999997	177302.37	126734.58	91281.45000000001	140961.43	758678.7	116056.13	74120.73	145446.66
ko:K02429	94675.63	9209.53	195928.47999999998	134471.12	81082.44	95821.62	190786.38999999998	61621.36	44917.61	98835.31
ko:K02430	386.72	193.70999999999998	141.0	53.0	1298.86	11.57	1719.29	2192.71	710.4200000000001	1811.86
ko:K02431	8470.08	3256.65	5192.58	2307.0	5361.27	2037.1	31797.899999999998	6543.110000000001	6379.6	15164.849999999999
ko:K02433	30937.25	7944.96	19713.18	22184.379999999997	13927.98	40243.530000000006	352820.4	27733.54	19233.47	41521.02
ko:K02434	28226.35	7223.28	19508.85	22053.379999999997	12793.31	39788.53	351730.9	27322.29	18534.72	40147.909999999996
ko:K02435	27783.04	7083.61	19451.78	21724.85	12714.349999999999	39652.369999999995	350793.04000000004	27001.239999999998	18364.17	39853.729999999996
ko:K02436	386.43	193.70999999999998	133.86	50.0	1298.86	11.57	1582.0	2187.57	375.43	130.85
ko:K02437	39698.600000000006	6544.5	6346.01	38599.369999999995	41022.84	24211.769999999997	94834.69	32558.760000000002	18881.940000000002	35366.02
ko:K02438	540.47	233.03999999999996	1216.75	256.42	2719.8300000000004	74.57000000000001	5013.8099999999995	3300.6299999999997	850.6700000000001	2631.2000000000003
ko:K02439	442.72	196.51	1126.83	151.0	2399.31	42.57	1770.79	2456.71	690.4200000000001	1808.9999999999998
ko:K02440	5603.539999999999	1296.4499999999998	3367.26	3380.45	9232.630000000001	6651.9	54593.630000000005	12822.779999999999	4046.0000000000005	6961.449999999999
ko:K02441	7268.5199999999995	1454.37	5182.09	3319.4000000000005	4026.7800000000007	3383.4399999999996	8249.53	7198.779999999999	3698.55	6818.53
ko:K02442	388.72	193.70999999999998	141.0	58.0	2379.11	11.57	1719.79	2279.71	609.4200000000001	1808.9999999999998
ko:K02443	11858.58	3553.17	5614.59	3622.67	4271.39	3180.33	31295.489999999998	8870.74	6801.81	8618.83
ko:K02444	3373.0099999999998	578.71	2829.83	485.0	3775.9100000000003	370.57	7158.6900000000005	3164.1099999999997	1300.42	2624.4300000000003
ko:K02445	7434.67	1465.86	2451.83	2869.18	14797.810000000001	22215.520000000004	124575.84	11257.51	12408.67	22059.07
ko:K02446	3365.38	734.19	4216.33	2456.56	2646.16	11187.279999999999	154089.21	14422.02	2164.5299999999997	5964.960000000001
ko:K02448	21.0	0.0	0.0	5.0	1089.25	0.0	2.5	5.0	0.0	6.0
ko:K02450	562.0	51.0	338.0	0.0	340.0	83.0	815.0	311.5	249.0	327.0
ko:K02451	18.29	0.0	0.0	0.0	9.0	0.0	0.0	5.0	29.0	7.43
ko:K02452	903.72	244.70999999999998	135.86	65.0	4963.18	94.57	2397.0699999999997	2565.64	635.4300000000001	276.85
ko:K02453	3650.2200000000003	999.87	587.11	222.32999999999998	12059.43	1417.73	6745.48	6144.32	3012.52	1923.5100000000002
ko:K02454	4870.94	1072.3999999999999	3418.75	2492.5	9643.199999999999	11408.279999999999	157452.61	18169.16	2410.96	5737.92
ko:K02455	1726.22	580.71	240.86	7355.5	4972.18	140.57	3249.5699999999997	2615.64	1410.4299999999998	3309.85
ko:K02456	19344.050000000003	9043.77	7983.740000000001	8545.33	10148.46	8487.039999999999	59982.49	9528.279999999999	16958.010000000002	45563.47
ko:K02457	1429.02	560.04	135.46	127.0	8886.43	678.9000000000001	3921.0	4199.98	1534.1	296.18
ko:K02458	1429.22	292.71	135.86	65.0	5261.18	177.57	3214.0699999999997	2860.64	815.4300000000001	422.84999999999997
ko:K02459	423.12000000000006	196.70999999999998	137.46	70.0	5754.43	11.57	1612.6699999999998	2278.64	476.43	136.85
ko:K02460	441.06000000000006	198.04	135.86	71.16	4677.18	15.07	1597.57	2275.64	465.43	136.85
ko:K02461	419.72	196.70999999999998	135.86	88.0	4662.18	35.57	1724.07	2295.64	464.43	136.85
ko:K02462	903.72	241.70999999999998	135.86	65.0	4951.18	94.57	2397.0699999999997	2565.64	633.4300000000001	276.85
ko:K02463	4.29	0.0	2.0	0.0	116.0	0.0	10.0	93.0	85.0	1.43
ko:K02464	779.44	387.41999999999996	276.86	108.0	3694.54	23.14	3299.86	4465.85	1136.85	1939.85
ko:K02465	0.29	0.0	0.0	0.0	0.0	0.0	0.0	0.0	29.0	1.43
ko:K02466	456.72	221.70999999999998	162.0	93.0	1325.86	36.57	1847.79	2404.71	579.4200000000001	1838.9999999999998
ko:K02467	386.72	193.70999999999998	141.0	53.0	1298.86	11.57	1719.79	2196.71	573.4200000000001	1808.9999999999998
ko:K02468	386.72	193.70999999999998	141.0	53.0	1298.86	11.57	1719.79	2192.71	573.4200000000001	1808.9999999999998
ko:K02469	119330.51	29917.360000000004	120735.97	95904.36	61037.81	110377.34	662981.46	85684.49	58698.64	123683.14
ko:K02470	118077.91	28982.360000000004	120588.97	95781.36	61054.119999999995	110414.74	661091.99	85589.71	58741.03999999999	124225.34
ko:K02471	3800.4300000000003	675.71	5116.18	408.0	1453.09	165.42000000000002	1729.24	2798.15	1749.43	5859.42
ko:K02472	20952.66	1632.82	2014.67	5746.63	29467.63	11109.35	35625.66	13040.279999999999	6763.42	8731.0
ko:K02473	10235.0	1586.3	2166.5	2358.5	11936.7	4181.5	27005.8	13790.0	11508.0	20315.0
ko:K02474	25615.87	2233.73	9002.34	10266.5	21525.7	18672.1	48856.9	14752.630000000001	13283.0	34049.0
ko:K02475	1320.02	489.21999999999997	379.0	372.0	3541.81	836.7	4835.48	4705.7	2119.34	6157.43
ko:K02476	404.72	193.70999999999998	141.0	59.0	1941.86	39.13	1745.1899999999998	2213.21	578.4200000000001	1814.9999999999998
ko:K02477	55957.81	8525.35	85047.78	97859.26	38156.78	52207.64	135285.40999999997	41767.14	33319.869999999995	70353.79
ko:K02478	1255.17	491.79999999999995	483.64	623.0	3000.93	686.18	7260.18	5250.5599999999995	1610.6000000000001	4568.2699999999995
ko:K02479	1220.0	153.1	690.0	552.6	2348.4	2014.2599999999998	31137.7	1547.0	1310.95	3043.0
ko:K02480	0.0	3.0	0.0	41.8	193.0	4.13	27.6	3.0	5.0	0.0
ko:K02481	42200.99	4812.34	4209.0599999999995	42015.86	42719.41	35148.93	87776.18	29197.17	19797.21	37615.16
ko:K02482	1013.5	185.55	90.5	99.0	1600.45	83.0	823.0	320.5	811.9999999999999	979.0
ko:K02483	17535.75	3735.3099999999995	5756.429999999999	5607.6900000000005	14525.970000000001	5458.530000000001	36773.48	14768.679999999998	11950.09	22703.64
ko:K02484	50985.479999999996	9330.77	83584.59	50627.06	36574.42	40915.0	125895.07	36013.22	27231.559999999998	52463.02
ko:K02485	389.72	193.70999999999998	141.0	58.0	2379.11	11.57	1722.29	2196.71	685.4200000000001	1808.9999999999998
ko:K02486	0.0	0.0	0.0	0.0	0.0	0.0	7.0	0.0	5.0	0.0
ko:K02487	4442.33	263.0	163.5	123.0	2245.5	192.17000000000002	945.17	799.17	653.0	3545.0
ko:K02488	677.0	157.0	685.0	128.0	33.0	112.0	997.0	153.0	0.0	174.0
ko:K02489	0.0	0.0	1673.67	0.0	0.0	2089.83	277.67	35.0	1.0	0.0
ko:K02490	125.0	9.85	0.0	34.0	799.4	4.13	23.5	5.5	0.0	0.0
ko:K02491	0.0	0.0	2.5	34.0	725.0	15.38	0.0	0.0	0.0	0.0
ko:K02492	16153.66	3145.68	44365.42	17024.96	8274.16	18829.68	176939.88	18992.48	10478.1	15713.98
ko:K02493	76700.99	16732.46	96136.29999999999	67103.95000000001	46194.71000000001	77775.94	460052.27	66046.89	40675.94	85080.14
ko:K02494	724.72	248.20999999999998	1128.83	151.0	2495.11	61.24	1788.4599999999998	2549.88	742.42	1808.9999999999998
ko:K02495	388.72	193.70999999999998	1126.83	151.0	2379.11	42.57	1770.79	2456.71	690.4200000000001	1808.9999999999998
ko:K02496	4283.719999999999	733.37	3667.67	4335.66	3485.11	2176.24	7394.289999999999	4697.039999999999	2238.59	6957.0
ko:K02497	0.0	0.0	0.0	41.8	626.0	4.13	35.6	0.0	0.0	0.0
ko:K02498	474.72	196.70999999999998	1126.83	151.0	2476.11	42.57	1780.29	2458.21	695.4200000000001	2626.0
ko:K02499	30875.14	10021.23	14149.619999999999	21231.260000000002	12231.69	37844.670000000006	324160.2	28456.42	15004.66	33269.11
ko:K02500	64002.65	13988.2	92264.45000000001	62134.880000000005	42018.39	63667.3	278044.75	43515.92	37857.43000000001	79107.6
ko:K02501	67793.94	16549.54	93789.05	64649.95	42423.72	63793.83	269255.98	45029.990000000005	41360.83	86166.8
ko:K02502	56475.380000000005	16878.58	39646.229999999996	46773.53	17067.149999999998	60989.89000000001	387962.9	30180.48	35661.3	76380.79999999999
ko:K02503	74343.06	16689.46	96645.79999999999	67286.95000000001	49370.850000000006	77817.94	469322.84	65553.17	40489.94	83890.14
ko:K02504	386.72	196.70999999999998	1126.83	146.0	1298.86	42.57	1777.79	2456.71	691.4200000000001	1808.9999999999998
ko:K02505	386.72	193.70999999999998	1126.83	146.0	1298.86	42.57	1770.79	2456.71	686.4200000000001	1808.9999999999998
ko:K02506	386.72	193.70999999999998	1135.83	173.0	1737.86	42.57	1770.79	2456.71	693.4200000000001	1811.9999999999998
ko:K02507	2506.72	601.71	4011.83	1999.0	2674.1100000000006	10999.57	152290.79	14053.71	1596.4199999999998	5198.0
ko:K02508	4.58	0.0	7.140000000000001	13.0	2256.93	0.0	143.22	25.57	226.99	1681.0100000000002
ko:K02509	2.29	0.0	51.83	118.0	1215.08	31.840000000000003	47.5	23.17	41.0	1.43
ko:K02510	4131.41	1056.29	1054.67	1293.7900000000002	4740.63	1678.98	5511.389999999999	4953.540000000001	1509.16	4142.0599999999995
ko:K02511	0.29	0.0	7.140000000000001	3.0	0.0	0.0	137.79	13.14	334.99	1679.5800000000002
ko:K02517	35855.47	4986.49	74778.41	40370.34	35810.33	54543.950000000004	393072.81	58033.84	20094.7	42562.600000000006
ko:K02518	75795.66	16580.46	96582.79999999999	67334.95000000001	48300.600000000006	77841.94	469338.84	66049.67	40789.94	85176.14
ko:K02519	77957.36000000002	16906.79	96896.4	67714.69	48679.47	79844.87000000001	494984.33999999997	67350.41	41215.240000000005	87233.54000000001
ko:K02520	77503.66	16798.46	96648.0	67334.95000000001	48196.600000000006	77841.94	469329.34	66071.17	40784.94	85176.14
ko:K02521	404.72	193.70999999999998	1126.83	146.0	1307.86	42.57	1770.79	2461.71	686.4200000000001	1814.9999999999998
ko:K02523	30304.08	3952.4300000000003	68958.83	35683.01	31298.39	32087.17	89675.80000000002	32345.489999999998	17904.53	34528.6
ko:K02525	1440.69	381.66	1079.48	2781.66	1922.45	649.13	8808.64	1495.72	2012.56	8308.029999999999
ko:K02526	2282.39	815.17	544.27	423.65999999999997	1563.6599999999999	1089.44	12516.59	3699.04	2315.29	11160.599999999999
ko:K02527	36262.45	4347.58	71692.33	37842.01	32660.79	43302.770000000004	240104.69999999998	44404.89	18426.530000000002	38476.6
ko:K02528	77805.74	16940.46	96762.29999999999	67441.95000000001	48236.600000000006	77961.94	470221.34	66218.17	40850.94	85336.14
ko:K02529	283374.03	67061.72	384881.11	182457.91	150564.57	164136.25	628768.99	149738.0	156240.09	349796.44
ko:K02530	198.8	28.0	127.0	448.8	38.9	164.8	3737.55	367.25	861.15	888.65
ko:K02531	39.0	0.0	80.0	71.0	0.0	38.0	3008.25	109.75	703.25	611.75
ko:K02532	1095.06	567.42	476.25	340.75	3783.91	125.26	7447.18	5081.200000000001	1683.0900000000001	4474.67
ko:K02533	6285.44	733.42	452.83000000000004	244.0	4154.799999999999	177.65	4303.25	5333.76	2477.84	6828.0
ko:K02535	7893.82	840.71	4543.91	2131.33	3132.9400000000005	11225.58	153775.21000000002	14933.55	2412.17	8990.0
ko:K02536	36212.05	4376.91	72011.65999999999	38421.17	32904.79	43425.27	242529.19999999998	44843.39	18436.530000000002	38432.6
ko:K02538	1830.4899999999998	310.33000000000004	1797.74	554.6	216.31	476.44	4137.5	1151.8400000000001	199.16	308.23
ko:K02545	458.0	284.0	210.0	214.0	543.0	96.13	1686.0	76.0	0.0	0.0
ko:K02546	0.0	0.0	0.0	0.0	99.0	0.0	0.0	0.0	0.0	0.0
ko:K02547	0.0	0.0	0.0	0.0	99.0	0.0	0.0	0.0	0.0	0.0
ko:K02548	45965.46	4507.16	69717.95999999999	42264.79000000001	44983.4	38535.4	110183.89	36160.81	21311.280000000002	45158.19
ko:K02549	4652.47	1059.9499999999998	1518.0	1023.7199999999998	7124.530000000001	2363.68	11256.31	7630.0599999999995	1697.8400000000001	2034.33
ko:K02550	825.43	381.31	133.86	50.0	1336.83	11.57	1576.57	2191.14	1134.43	3162.42
ko:K02551	24671.850000000002	3209.5099999999998	68434.56999999999	35063.479999999996	27763.18	30836.490000000005	56701.9	23198.62	10765.73	19940.0
ko:K02552	10154.35	2414.91	67580.17000000001	27924.980000000003	14086.88	23536.89	37973.799999999996	18329.72	6582.53	8853.599999999999
ko:K02553	479.72	222.70999999999998	1128.83	151.0	2504.11	42.57	1776.29	2548.21	742.42	1808.9999999999998
ko:K02554	17.29	5.8	46.83	86.0	888.03	31.840000000000003	40.0	109.67	61.0	1.43
ko:K02556	14819.449999999999	2558.42	12798.34	9967.66	4959.94	5117.299999999999	19006.57	5537.76	11145.48	18870.190000000002
ko:K02557	21550.13	2611.73	79047.42000000001	23892.66	11840.02	20092.3	42077.76	18934.6	13733.51	27590.760000000002
ko:K02558	5850.719999999999	1280.04	2053.66	899.5	7842.4400000000005	2630.41	12477.59	7950.389999999999	2171.0899999999997	4274.33
ko:K02560	638.05	335.71	1243.33	253.0	1318.86	167.57	2714.29	2623.71	755.4200000000001	1965.9999999999998
ko:K02562	386.72	193.70999999999998	141.0	53.0	1298.86	11.57	1719.79	2196.71	681.4200000000001	1808.9999999999998
ko:K02563	77740.41	16849.79	96654.72	67459.37	49754.57	77873.94	472631.36	66940.59	40952.19	85998.34
ko:K02564	116608.22	20207.120000000003	145259.15000000002	95212.23	77662.66	97330.37000000001	376905.94	76219.76999999999	56276.880000000005	122894.27
ko:K02565	386.72	193.70999999999998	141.0	53.0	1298.86	11.57	1737.79	2205.71	685.4200000000001	1815.9999999999998
ko:K02566	12732.220000000001	3313.2	10268.17	5417.83	12565.36	20416.070000000003	116323.79	11287.05	11110.09	20727.0
ko:K02567	2657.43	456.21	1352.52	407.0	2905.33	459.08000000000004	7143.969999999999	3386.1899999999996	1206.43	2834.42
ko:K02568	673.43	252.20999999999998	1139.69	186.0	2518.61	80.57	2014.0	2659.07	493.43	152.42
ko:K02569	2540.4300000000003	432.21	1200.52	281.0	2809.94	197.08	2487.17	2778.41	1196.43	2722.42
ko:K02570	2577.43	439.21	1173.69	233.0	2853.61	213.24	2876.17	2970.74	1201.43	2745.42
ko:K02571	2.0	0.0	0.0	5.0	1174.25	0.0	0.0	0.0	0.0	0.0
ko:K02572	398.43	194.20999999999998	1119.69	159.0	3479.859999999999	78.07	2250.4999999999995	2534.57	496.43	143.42
ko:K02573	2452.43	426.71	1450.55	468.0	1781.02	281.91999999999996	3727.1699999999996	3390.5799999999995	1192.4299999999998	2969.42
ko:K02574	2455.03	410.51	1348.52	416.0	1809.39	342.08000000000004	4890.17	3436.9099999999994	1113.43	2796.42
ko:K02575	2776.9399999999996	578.75	536.92	294.8	6952.14	248.76999999999998	6141.599999999999	5074.59	2155.59	6447.0
ko:K02584	2440.5	662.3299999999999	281.0	190.0	3564.0	796.33	3924.33	2255.84	1666.67	947.33
ko:K02585	387.83	56.8	2871.25	34.33	150.2	94.0	227.75	99.0	43.25	35.0
ko:K02586	316.83	47.6	0.0	0.0	137.4	10.0	38.0	14.5	5.0	6.0
ko:K02587	4887.59	1093.33	3346.75	2169.16	514.75	11324.67	154513.09000000003	11989.17	2038.5	6478.25
ko:K02588	8304.07	1772.1299999999999	3804.7	2870.16	1478.9	11637.07	159325.02000000002	12658.67	2680.9	7169.7
ko:K02589	52.3	6.8	110.6	77.4	96.2	10.2	55.4	47.4	17.4	26.2
ko:K02590	52.3	6.8	110.6	77.4	96.2	10.2	55.4	47.4	17.4	26.2
ko:K02591	788.8299999999999	239.05	2843.2	29.0	119.2	91.0	93.5	85.5	777.5	3058.0
ko:K02592	54.5	9.6	0.0	0.0	242.4	30.0	114.0	6.5	5.0	6.0
ko:K02594	5318.0	1840.65	5741.0	5978.0	406.99	4333.5	12079.82	1841.78	3413.5	3767.5
ko:K02595	0.0	0.0	0.0	0.0	21.0	10.0	38.0	1.5	0.0	0.0
ko:K02596	1.33	0.0	0.0	0.0	42.0	20.0	76.0	0.0	0.0	0.0
ko:K02597	243.0	142.0	105.0	137.0	78.0	56.0	881.0	39.5	0.0	0.0
ko:K02598	6249.77	1831.57	5012.969999999999	3266.96	2464.69	2375.7799999999997	11994.78	3103.4700000000003	4044.1800000000003	12947.07
ko:K02600	77747.99	16945.46	96798.29999999999	67498.95000000001	48225.600000000006	77968.94	470207.34	66168.67	41076.44	85518.14
ko:K02601	84839.47	19041.97	97893.38	67974.45000000001	51100.22	78706.34	479155.18999999994	69079.0	42728.340000000004	94496.59
ko:K02609	1.29	3.0	0.0	0.0	197.0	0.57	10.0	3.5	34.0	1.43
ko:K02610	1.29	3.0	0.0	0.0	197.0	0.57	10.0	3.5	34.0	1.43
ko:K02611	1.29	3.0	0.0	0.0	197.0	0.57	10.0	3.5	34.0	1.43
ko:K02612	1.29	3.0	0.0	0.0	197.0	0.57	10.0	3.5	34.0	1.43
ko:K02613	1.29	3.0	0.0	0.0	98.0	0.0	17.0	3.5	34.0	1.43
ko:K02614	29297.73	5745.38	9217.859999999999	24403.260000000002	23624.97	34273.62	231266.25999999998	32312.070000000003	15179.04	36320.32
ko:K02615	0.58	0.0	0.0	0.0	99.0	0.57	0.5	4.0	58.0	2.86
ko:K02616	3.29	0.0	0.0	5.0	1298.25	10.57	41.0	7.0	44.0	1.43
ko:K02617	20015.75	4763.2699999999995	65304.840000000004	11410.66	9292.26	17317.57	69730.31	19022.739999999998	15164.82	30435.6
ko:K02618	0.29	3.0	0.0	0.0	4.0	0.0	0.5	2.0	29.0	1.43
ko:K02619	56705.79	13148.52	88691.09000000001	54254.05	31391.030000000002	57566.43	235802.13	31713.95	27759.190000000002	57357.47000000001
ko:K02621	35051.54	4237.08	69376.29	36664.04	34777.37	34428.4	122622.54000000001	34684.82	18794.63	37897.56999999999
ko:K02622	36556.54	4911.08	70052.29	36563.04	34458.37	34351.4	140371.54	35882.82	18789.63	39103.56999999999
ko:K02623	388.72	193.70999999999998	141.0	58.0	2379.11	11.57	1726.79	2196.71	681.4200000000001	1808.9999999999998
ko:K02624	700.87	120.0	4.0	5.0	1799.25	83.0	830.0	313.5	289.0	142.86
ko:K02625	392.72	196.70999999999998	143.0	58.0	2398.11	11.57	1729.79	2203.71	705.42	1808.9999999999998
ko:K02626	5145.0	426.05	341.5	489.5	1335.2	654.5	4452.5	3082.0	173.0	265.0
ko:K02630	4.0	4.0	57242.67	0.0	6.0	8834.83	1472.67	193.0	1.0	0.0
ko:K02635	0.0	0.0	0.0	0.0	4.0	0.0	0.0	0.0	0.0	0.0
ko:K02636	25.0	0.0	20.0	38.0	25.0	33.0	134.0	17.0	0.0	6.0
ko:K02637	0.0	0.0	0.0	0.0	4.0	0.0	0.0	0.0	0.0	0.0
ko:K02641	0.0	0.0	0.0	0.0	97.0	0.0	0.0	0.0	0.0	0.0
ko:K02647	47333.13	14342.47	36364.17	36397.31	13858.74	39189.13	217056.79	25579.17	28255.489999999998	56386.05
ko:K02650	15940.179999999998	4015.49	5883.92	6355.23	7785.45	5801.74	30874.63	5443.799999999999	14402.18	32505.66
ko:K02651	16630.5	1119.15	1493.0	7513.500000000001	17762.55	9287.6	25930.300000000003	6875.299999999999	5450.4	12721.4
ko:K02652	22749.1	5715.42	19419.35	24437.16	16131.869999999999	20526.67	211346.92999999996	24505.230000000003	17414.17	31145.57
ko:K02653	31255.39	7360.83	25480.989999999998	26901.489999999998	14724.47	22125.239999999998	221429.06	27120.769999999997	20350.32	43813.86
ko:K02654	37205.93	8539.88	25501.79	26470.729999999996	16112.91	12772.77	99154.77	17356.199999999997	21116.38	47342.86
ko:K02655	987.0	190.5	164.5	167.5	3001.75	251.0	1907.0	1842.0	169.0	140.0
ko:K02656	169.6	3.0	1127.83	98.0	1099.25	31.0	56.5	351.5	61.0	84.0
ko:K02657	7.0	3.0	2.0	5.0	1099.25	0.0	5.5	90.0	56.0	0.0
ko:K02658	7.0	3.0	2.0	5.0	1099.25	0.0	5.5	90.0	56.0	0.0
ko:K02659	7.0	3.0	2.0	5.0	1099.25	0.0	5.5	90.0	56.0	0.0
ko:K02660	7.0	3.0	2.0	5.0	1099.25	0.0	5.5	90.0	56.0	0.0
ko:K02661	2.0	0.0	0.0	5.0	1080.25	0.0	0.0	0.0	0.0	0.0
ko:K02662	10121.32	1583.12	14195.43	16356.470000000001	2158.9900000000002	5214.57	15407.19	2281.75	9733.4	17314.25
ko:K02663	169.6	16.05	7.0	331.0	2260.45	46.14	405.0	189.5	2329.0	408.0
ko:K02664	606.5	202.05	36.5	5.0	1754.3400000000001	0.57	164.07	121.28	820.0	3045.0
ko:K02665	25.0	3.0	2.0	5.0	1108.25	0.0	5.5	95.0	52.0	6.0
ko:K02666	4829.320000000001	891.21	3466.5	2068.5	4867.610000000001	11302.57	154950.79	15749.21	1815.4199999999998	5568.0
ko:K02667	25.0	0.0	2.0	5.0	1108.25	40.0	7.5	243.0	52.0	69.0
ko:K02668	45.0	5.0	4.5	5.0	1223.25	0.0	5.5	100.0	52.0	12.0
ko:K02669	32357.93	7624.33	25180.71	27334.760000000002	12031.990000000002	24927.5	210162.71999999997	27114.660000000003	21466.92	36872.43
ko:K02670	8.0	0.0	2.0	5.0	1099.25	0.0	8.0	174.5	99.0	0.0
ko:K02671	25.0	3.0	34.0	5.0	1108.25	0.0	12.5	96.5	56.0	6.0
ko:K02672	85.89999999999999	8.8	3.6	5.0	1131.45	0.0	31.1	91.5	68.0	0.0
ko:K02673	2.0	3.0	0.0	5.0	1080.25	0.0	0.0	0.0	9.0	0.0
ko:K02674	61.0	12.0	2.0	52.0	1163.25	0.0	14.5	97.0	57.0	6.0
ko:K02675	2.0	0.0	0.0	5.0	1080.25	0.0	0.0	0.0	0.0	0.0
ko:K02676	7.0	0.0	2.0	5.0	1099.25	0.0	5.5	90.0	52.0	0.0
ko:K02679	2556.3199999999997	328.10999999999996	1249.43	223.8	1319.2599999999998	222.57	2672.5899999999997	2517.5099999999998	705.4200000000001	1862.9999999999998
ko:K02680	386.72	193.70999999999998	1126.83	146.0	1298.86	42.57	1770.79	2456.71	686.4200000000001	1808.9999999999998
ko:K02681	386.72	193.70999999999998	1126.83	146.0	1298.86	42.57	1770.79	2456.71	686.4200000000001	1808.9999999999998
ko:K02682	391.72	196.70999999999998	1126.83	150.0	1298.86	42.57	1814.79	2466.71	692.4200000000001	1815.9999999999998
ko:K02683	0.0	0.0	0.0	0.0	20.0	0.0	0.0	0.0	0.0	0.0
ko:K02686	1686.7199999999998	269.71	185.0	53.0	1441.86	42.57	1761.29	2227.71	1221.42	4262.0
ko:K02687	76347.41	16530.63	96055.88	65670.03	46874.72	68344.94	319941.29000000004	56742.130000000005	39894.69	80053.61000000002
ko:K02688	1522.23	430.01	233.86	343.0	1785.4599999999998	1270.37	3261.2	3126.5699999999997	1493.23	3090.82
ko:K02691	7.0	0.0	0.0	0.0	19.5	0.0	125.5	0.0	0.0	0.0
ko:K02742	388.72	193.70999999999998	1126.83	151.0	2379.11	42.57	1770.79	2458.21	690.4200000000001	1808.9999999999998
ko:K02744	1011.52	410.64	691.74	462.0	1894.7599999999998	639.21	6279.1900000000005	3577.53	1440.63	3033.8999999999996
ko:K02745	1025.72	477.64	575.34	221.0	1604.96	255.60999999999999	9405.14	3121.7799999999997	1826.1799999999998	10146.92
ko:K02746	2340.67	939.06	1176.8000000000002	940.0	5124.25	3923.31	63930.85	9769.880000000001	3975.78	12580.02
ko:K02747	1079.72	1340.6399999999999	524.34	199.0	1625.76	741.6099999999999	7030.54	4322.18	1964.78	7375.249999999999
ko:K02749	10227.98	2487.4	8792.880000000001	7192.6	1217.4	5725.0	16254.88	5525.08	6515.3099999999995	14539.16
ko:K02750	10227.98	2487.4	8792.880000000001	7192.6	1217.4	5725.0	16254.88	5525.08	6515.3099999999995	14539.16
ko:K02752	386.72	193.70999999999998	141.0	54.0	1298.86	88.57	2504.79	2207.71	730.4200000000001	1845.4299999999998
ko:K02753	386.72	193.70999999999998	141.0	54.0	1298.86	88.57	2504.79	2207.71	730.4200000000001	1845.4299999999998
ko:K02755	26238.27	7601.7699999999995	22683.050000000003	16107.26	7200.88	16712.03	115711.89	20891.690000000002	19127.93	49280.119999999995
ko:K02756	26432.47	7714.7699999999995	22730.449999999997	16141.26	7200.88	16712.03	118882.04	20880.940000000002	19673.93	53299.369999999995
ko:K02757	26432.47	7714.7699999999995	22730.449999999997	16141.26	7200.88	16712.03	118914.29	20899.690000000002	19679.93	53307.119999999995
ko:K02759	3124.7200000000003	2010.0800000000002	1460.19	1774.32	4757.26	3248.2	49079.67999999999	9466.609999999999	4951.17	18062.36
ko:K02760	9954.81	3315.08	5246.93	4281.52	5364.46	6068.76	58663.19	13095.6	8107.91	26992.29
ko:K02761	3909.1	2159.08	4658.07	3622.5200000000004	4728.46	5843.76	77742.70999999999	11357.24	7454.17	26077.8
ko:K02763	0.0	0.0	0.0	49.6	0.0	0.57	20.6	0.0	0.0	0.0
ko:K02764	0.0	0.0	0.0	49.6	0.0	0.57	20.6	0.0	0.0	0.0
ko:K02765	0.0	0.0	0.0	49.6	0.0	0.57	20.6	0.0	0.0	0.0
ko:K02768	31234.499999999996	11164.970000000001	20357.989999999998	24185.16	15711.310000000001	16053.789999999999	122994.22	25288.309999999998	22103.190000000002	49830.56
ko:K02769	30603.34	11145.970000000001	20525.760000000002	24990.16	14398.550000000001	19538.28	176322.46999999997	27645.79	23078.54	52034.95
ko:K02770	29687.82	10885.259999999998	20039.16	24359.16	12338.49	15888.71	123291.73	23162.230000000003	21545.769999999997	49710.6
ko:K02771	425.43	193.70999999999998	199.0	148.0	1298.86	53.129999999999995	4129.04	2259.46	1390.27	2430.32
ko:K02773	769.72	382.71	281.0	251.8	1708.86	214.13	7097.289999999999	2953.71	1331.4199999999998	6068.289999999999
ko:K02774	1171.92	431.71	380.6	225.8	1890.86	145.09	8979.89	2792.11	1424.82	6198.39
ko:K02775	11634.320000000002	1983.0099999999998	58702.130000000005	30090.23	17716.670000000002	25296.510000000002	40993.850000000006	14646.779999999999	8958.34	12337.81
ko:K02777	12210.92	3388.3	8465.55	6243.39	4805.910000000001	6909.07	57913.95	9459.63	8387.759999999998	17943.440000000002
ko:K02778	508.21000000000004	203.70999999999998	1118.43	208.8	2838.2000000000003	198.97	2832.39	2545.49	790.82	1948.6299999999999
ko:K02779	507.92	203.70999999999998	1118.43	208.8	2838.2000000000003	198.97	2832.39	2543.49	761.82	1947.1999999999998
ko:K02781	583.72	279.71	196.0	503.0	1397.86	107.57	4094.7899999999995	2804.71	683.0200000000001	2007.4299999999998
ko:K02782	472.72	221.70999999999998	167.0	400.0	1338.86	57.57	2794.79	2422.71	658.0200000000001	1957.0
ko:K02783	1040.44	495.41999999999996	329.0	573.0	2718.72	144.14	5675.58	5189.42	1249.0400000000002	3860.0
ko:K02784	3114.72	620.44	1265.47	1332.17	4592.66	724.71	6679.360000000001	4452.299999999999	5785.780000000001	10897.07
ko:K02786	242.0	119.0	184.0	151.8	0.0	62.0	6769.85	279.75	1332.85	4686.75
ko:K02787	234.0	113.0	136.0	132.8	0.0	56.56	6881.85	387.75	1372.45	4773.75
ko:K02788	234.0	113.0	136.0	132.8	0.0	56.56	6881.85	387.75	1372.45	4773.75
ko:K02790	7330.53	1340.42	4291.74	2962.4	4301.719999999999	2945.14	15366.119999999999	8865.81	4933.66	13558.829999999998
ko:K02791	7330.53	1340.42	4291.74	2962.4	4301.719999999999	2945.14	15366.119999999999	8865.81	4933.66	13558.829999999998
ko:K02793	5853.04	1027.42	2063.0299999999997	1596.0	4004.01	4689.7	67148.67	9628.15	4762.77	14683.739999999998
ko:K02794	9452.560000000001	2082.13	6197.03	4506.0	6907.070000000001	7395.63	82028.76	15203.26	9616.240000000002	24618.48
ko:K02795	3385.5299999999997	1350.42	2470.43	1929.0	4432.210000000001	5106.7	76424.17	9785.75	5986.6900000000005	18695.61
ko:K02796	3745.15	1511.42	2655.8899999999994	1783.0	4182.780000000001	4507.099999999999	72673.5	8991.83	4938.18	16047.71
ko:K02798	4244.58	1052.1299999999999	533.22	1372.3	7765.68	819.34	9679.19	8886.150000000001	6661.28	11155.7
ko:K02799	3891.15	855.42	450.36	1082.3	6413.0199999999995	805.77	8078.789999999999	6458.179999999999	6255.849999999999	11176.849999999999
ko:K02800	3891.15	855.42	450.36	1082.3	6413.0199999999995	805.77	8078.789999999999	6456.679999999999	6255.849999999999	11176.849999999999
ko:K02802	386.72	201.04	171.67	134.47	1912.53	26.130000000000003	3766.06	2501.3799999999997	773.4200000000001	2059.43
ko:K02803	17053.22	6272.8099999999995	16183.7	11995.99	6517.63	9495.369999999999	46075.72	14232.57	14138.470000000001	29743.33
ko:K02804	17053.22	6272.8099999999995	16183.7	11995.99	6499.63	9495.369999999999	45199.72	14223.57	14134.470000000001	29716.33
ko:K02805	27850.120000000003	5390.57	43588.479999999996	19291.859999999997	18588.46	17972.5	53771.07000000001	12354.85	12151.490000000002	31243.43
ko:K02806	10180.220000000001	3283.04	2760.66	3099.0	4499.19	2689.41	23664.79	6090.39	6420.09	17888.329999999998
ko:K02808	7709.65	4007.59	4701.87	4292.99	1977.22	4779.1	52191.34	5052.3099999999995	7004.51	17912.27
ko:K02809	14445.34	4783.59	9728.84	7262.99	3336.74	7869.629999999999	67317.66	10108.66	10957.23	25682.38
ko:K02810	14445.34	4783.59	9728.84	7262.99	3336.74	7869.629999999999	67317.66	10108.66	10957.23	25682.38
ko:K02812	386.72	193.70999999999998	133.86	50.0	1296.43	11.57	1576.57	2179.14	404.43	130.85
ko:K02813	386.72	193.70999999999998	133.86	50.0	1296.43	11.57	1576.57	2179.14	404.43	130.85
ko:K02814	805.44	404.41999999999996	274.86	142.0	2622.29	48.14	3375.26	4552.85	977.85	1962.85
ko:K02815	451.72	210.70999999999998	133.86	101.0	1332.43	109.57	1671.97	2410.14	404.43	177.85
ko:K02817	376.0	102.0	160.0	288.0	471.0	1831.0	25957.25	1115.75	455.6	2009.75
ko:K02818	1116.12	1378.04	404.67	583.47	2458.12	2407.1	34029.909999999996	5392.91	1994.42	9058.95
ko:K02819	1116.12	1378.04	404.67	583.47	2458.12	2407.1	34029.909999999996	5392.91	1994.42	9058.95
ko:K02821	1006.03	421.91999999999996	398.68000000000006	393.13	3588.67	336.71000000000004	7048.35	5064.62	1635.19	3884.37
ko:K02822	1831.13	708.63	641.59	428.13	4856.13	308.77	8162.96	7756.56	2750.2000000000003	7465.24
ko:K02823	71333.07999999999	16265.089999999998	94338.93000000001	66325.42000000001	41481.8	77110.53	464929.11	59657.71	39106.850000000006	80360.59
ko:K02824	44249.15	13104.36	37819.05	31482.61	21587.15	48092.78	374749.05	36463.7	26031.08	55057.21000000001
ko:K02825	9603.29	3175.49	5549.6	1805.69	8181.240000000001	4328.26	52010.00000000001	5247.08	6826.13	12367.869999999999
ko:K02826	0.0	0.0	0.0	41.8	626.0	7.69	20.6	0.0	0.0	0.0
ko:K02827	0.0	0.0	0.0	41.8	626.0	7.69	20.6	0.0	0.0	0.0
ko:K02828	0.0	0.0	0.0	41.8	626.0	4.13	20.6	0.0	0.0	0.0
ko:K02829	0.0	0.0	0.0	41.8	626.0	4.13	20.6	0.0	0.0	0.0
ko:K02834	76740.66	16669.46	96307.79999999999	67287.95000000001	47881.600000000006	77695.94	468208.34	65630.17	40186.94	84447.14
ko:K02835	77503.66	16798.46	96645.79999999999	67334.95000000001	48196.600000000006	77841.94	469329.34	66071.17	40784.94	85176.14
ko:K02836	77692.66	16810.46	96645.79999999999	67334.95000000001	48196.600000000006	77953.94	469361.34	66199.17	40784.94	84415.14
ko:K02837	66873.25	13165.09	93242.09999999999	65433.630000000005	37401.07000000001	58249.94	325444.92	58378.67	34264.020000000004	73566.39
ko:K02838	77503.66	16798.46	96645.79999999999	67334.95000000001	48196.600000000006	77841.94	469329.34	66071.17	40784.94	85176.14
ko:K02839	5847.83	334.71	222.69000000000003	2326.0	2521.4600000000005	534.81	1640.1699999999998	2580.31	925.83	7215.05
ko:K02840	386.43	193.70999999999998	133.86	50.0	1298.86	11.57	1582.0	2185.57	375.43	129.42
ko:K02841	4379.82	744.71	4453.91	2131.33	2812.9400000000005	11142.58	152957.71000000002	14036.05	2116.17	7738.999999999999
ko:K02843	37261.85	4963.68	68683.98000000001	33862.34	33946.79	52773.270000000004	388436.55	56105.19	21020.48	43215.6
ko:K02844	1046.72	253.70999999999998	229.0	58.0	2778.11	94.57	2538.79	2486.71	939.4200000000001	2112.0
ko:K02846	386.72	193.70999999999998	141.0	53.0	1397.86	15.13	1719.79	2196.71	681.4200000000001	1808.9999999999998
ko:K02847	1143.26	512.04	1549.33	267.0	4363.860000000001	774.9000000000001	3323.12	4260.55	1657.0900000000001	2090.33
ko:K02848	557.43	205.70999999999998	141.0	58.0	2379.11	11.57	1719.29	2196.71	548.4200000000001	1807.57
ko:K02849	1992.72	629.54	281.83000000000004	192.0	4457.69	875.91	4027.29	4195.89	1824.0900000000001	2230.3299999999995
ko:K02850	386.43	193.70999999999998	141.0	53.0	1298.86	11.57	1719.29	2192.71	544.4200000000001	1807.57
ko:K02851	47915.61	4374.3099999999995	12566.88	27459.869999999995	41403.51	31995.24	264550.85	29947.4	13360.16	46483.95
ko:K02852	2572.22	527.21	703.0	534.5	2917.3600000000006	1574.57	9082.59	5716.709999999999	681.4200000000001	1808.9999999999998
ko:K02853	386.72	193.70999999999998	141.0	53.0	1298.86	11.57	1719.79	2196.71	681.4200000000001	1808.9999999999998
ko:K02854	1062.72	241.70999999999998	253.0	53.0	1298.86	11.57	1719.79	2196.71	681.4200000000001	1808.9999999999998
ko:K02855	1084.01	245.70999999999998	253.0	67.0	1302.86	11.57	1741.04	2255.21	710.4200000000001	1829.4299999999998
ko:K02856	18982.5	2111.3	57478.50000000001	30836.43	18779.61	17458.25	32189.38	11318.810000000001	9032.11	18931.27
ko:K02858	2450.7200000000003	389.71	1267.83	262.0	1818.86	175.24	3754.96	2890.88	1819.4199999999998	4908.0
ko:K02859	0.8	6.0	30.6	94.0	631.0	4.13	482.6	20.0	79.0	40.0
ko:K02860	76831.16	16471.13	96645.79999999999	67281.95000000001	45331.600000000006	77257.61000000002	467872.01000000007	64444.83	39891.270000000004	85169.81
ko:K02862	0.0	0.0	0.0	34.0	626.0	4.13	15.0	0.0	0.0	0.0
ko:K02863	77503.66	16798.46	96645.79999999999	67334.95000000001	48216.600000000006	77841.94	469329.34	66071.17	40784.94	84359.14
ko:K02864	77503.66	16798.46	96645.79999999999	67334.95000000001	48216.600000000006	77841.94	469329.34	66071.17	40784.94	84359.14
ko:K02866	0.0	0.0	0.0	0.0	20.0	0.0	0.0	0.0	0.0	0.0
ko:K02867	77503.66	16798.46	96645.79999999999	67334.95000000001	48216.600000000006	77841.94	469329.34	66071.17	40784.94	84359.14
ko:K02869	0.0	0.0	0.0	0.0	20.0	0.0	0.0	0.0	0.0	0.0
ko:K02871	77503.66	16798.46	96645.79999999999	67334.95000000001	48216.600000000006	77841.94	469329.34	66071.17	40784.94	85176.14
ko:K02874	75794.66	16574.46	96582.79999999999	67334.95000000001	48211.600000000006	77841.94	469329.34	66048.17	40784.94	85176.14
ko:K02875	0.0	0.0	0.0	0.0	20.0	0.0	0.0	0.0	0.0	0.0
ko:K02876	75852.66	16591.46	96833.79999999999	67334.95000000001	49514.600000000006	77841.94	469329.34	66048.17	40784.94	85176.14
ko:K02877	0.0	0.0	0.0	0.0	20.0	0.0	0.0	0.0	0.0	0.0
ko:K02878	75794.66	16574.46	96582.79999999999	67334.95000000001	48191.600000000006	77841.94	469329.34	66048.17	40784.94	85176.14
ko:K02879	75794.66	16574.46	96832.79999999999	67334.95000000001	48191.600000000006	77841.94	469329.34	66048.17	40784.94	85176.14
ko:K02881	75794.66	16574.46	96582.79999999999	67334.95000000001	48211.600000000006	77841.94	469329.34	66048.17	40784.94	85176.14
ko:K02883	0.0	0.0	0.0	0.0	20.0	0.0	0.0	0.0	0.0	0.0
ko:K02884	77308.66	16685.46	97572.63	67383.95000000001	48196.600000000006	77872.94	465929.34	66167.17	40190.94	81112.14
ko:K02885	0.0	0.0	0.0	0.0	20.0	0.0	0.0	0.0	0.0	0.0
ko:K02886	75794.66	16574.46	96582.79999999999	67334.95000000001	48211.600000000006	77841.94	469329.34	66048.17	40784.94	85176.14
ko:K02887	77672.66	16810.46	96645.79999999999	67334.95000000001	48196.600000000006	77841.94	469329.34	66071.17	40784.94	85176.14
ko:K02888	77503.66	16806.46	96645.79999999999	67321.95000000001	48235.8	77864.94	469297.94000000006	66264.76999999999	40804.94	85199.14
ko:K02889	0.0	0.0	0.0	0.0	20.0	0.0	0.0	0.0	0.0	0.0
ko:K02890	75794.66	16574.46	96582.79999999999	67334.95000000001	48211.600000000006	77842.94	469329.34	66048.17	40784.94	85176.14
ko:K02892	75781.1	16568.46	96560.69	67316.39	48187.71000000001	77778.94	469094.67000000004	65891.17	40780.94	85109.92000000001
ko:K02895	75794.66	16574.46	96582.79999999999	67334.95000000001	48211.600000000006	77841.94	469329.34	66048.17	40784.94	85176.14
ko:K02896	0.0	0.0	0.0	0.0	20.0	0.0	0.0	0.0	0.0	0.0
ko:K02897	40753.94	6734.719999999999	69887.84	36919.06	35389.76	33400.94	102941.14000000001	36476.729999999996	21079.79	38725.07
ko:K02899	77503.66	16806.46	96645.79999999999	67334.95000000001	48236.600000000006	77864.94	469329.34	66204.17	40798.94	85193.14
ko:K02902	76343.66	16798.46	95200.54999999999	67242.45000000001	48135.600000000006	77604.94	469307.34	65978.17	40784.94	85160.14
ko:K02904	75794.66	16574.46	96582.79999999999	67334.95000000001	48211.600000000006	77841.94	469329.34	66048.17	40784.94	85176.14
ko:K02906	75794.66	16574.46	96582.79999999999	67334.95000000001	48211.600000000006	77841.94	469329.34	66048.17	40784.94	85176.14
ko:K02907	74381.6	16124.130000000001	96171.69	67244.39	45448.91	79197.61000000002	472931.94000000006	64270.43	39450.270000000004	84991.59
ko:K02908	0.0	0.0	0.0	0.0	20.0	0.0	0.0	0.0	0.0	0.0
ko:K02909	77976.37999999999	16992.17	97799.63	67519.95000000001	50598.70999999999	77967.07	472135.13	68673.88	41545.36	87116.14
ko:K02910	0.0	0.0	0.0	0.0	20.0	0.0	0.0	0.0	0.0	0.0
ko:K02911	74992.32	16401.13	96625.29999999999	66620.29000000001	42104.3	77481.94	467568.44000000006	64460.27	35772.94	76259.81
ko:K02912	0.0	0.0	0.0	0.0	20.0	0.0	0.0	0.0	0.0	0.0
ko:K02913	67522.72	13210.73	88667.80000000002	58505.590000000004	49231.810000000005	63020.6	324128.52	51512.03999999999	35847.09	77303.26
ko:K02914	76058.77	15605.21	89886.83000000002	66622.95000000001	45664.28999999999	76940.43	467235.3	63850.71	40173.3	82001.28
ko:K02915	0.0	0.0	0.0	0.0	20.0	0.0	0.0	0.0	0.0	0.0
ko:K02916	77503.66	16798.46	96645.79999999999	67334.95000000001	48196.600000000006	77841.94	469329.34	66071.17	40784.94	85176.14
ko:K02919	64001.33	14581.599999999999	83004.6	53050.73	46287.97	60110.3	290356.17	49013.21	33630.22	69554.37
ko:K02921	0.0	0.0	0.0	0.0	20.0	0.0	0.0	0.0	0.0	0.0
ko:K02922	0.0	0.0	0.0	0.0	20.0	0.0	0.0	0.0	0.0	0.0
ko:K02924	0.0	0.0	0.0	0.0	20.0	0.0	0.0	0.0	0.0	0.0
ko:K02926	75794.66	16574.46	96582.79999999999	67334.95000000001	48191.600000000006	77841.94	469329.34	66048.17	40784.94	85176.14
ko:K02927	0.0	0.0	0.0	0.0	20.0	0.0	0.0	0.0	0.0	817.0
ko:K02929	0.0	0.0	0.0	0.0	20.0	0.0	0.0	0.0	0.0	0.0
ko:K02930	0.0	0.0	0.0	0.0	20.0	0.0	0.0	0.0	0.0	0.0
ko:K02931	75794.66	16574.46	96582.79999999999	67334.95000000001	48211.600000000006	77841.94	469329.34	66048.17	40784.94	85176.14
ko:K02933	75794.66	16574.46	96582.79999999999	67334.95000000001	48211.600000000006	77841.94	469329.34	66048.17	40784.94	85176.14
ko:K02935	78550.66	16940.46	98120.79999999999	67499.95000000001	48204.600000000006	77887.94	470172.34	66123.17	40784.94	85176.14
ko:K02936	0.0	0.0	0.0	0.0	20.0	0.0	0.0	0.0	0.0	0.0
ko:K02939	76578.66	16776.46	96715.79999999999	67334.95000000001	47490.600000000006	77841.94	469329.34	66071.17	40784.94	85176.14
ko:K02944	0.0	0.0	0.0	0.0	20.0	0.0	0.0	0.0	0.0	0.0
ko:K02945	121637.69	29414.0	132400.68	102232.86	59814.42	114391.86	682309.2799999999	89569.43	66276.76000000001	146176.19
ko:K02946	75794.66	16574.46	96582.79999999999	67334.95000000001	48211.600000000006	77841.94	469329.34	66048.17	40784.94	85176.14
ko:K02948	75794.37	16574.46	96582.79999999999	67334.95000000001	48211.600000000006	77816.94	469328.84	66018.17	40755.94	85152.14
ko:K02950	77503.66	16798.46	96645.79999999999	67334.95000000001	48216.600000000006	77841.94	469329.34	66071.17	40784.94	85176.14
ko:K02952	75794.66	16574.46	96582.79999999999	67334.95000000001	48211.600000000006	77841.94	469329.34	66048.17	40784.94	85176.14
ko:K02954	75234.95999999999	16329.46	96595.4	67261.75	48260.100000000006	77805.63	468662.29	65875.42	39837.34	81780.39
ko:K02956	77503.66	16798.46	96645.79999999999	67334.95000000001	48216.600000000006	77841.94	469329.34	66071.17	40784.94	85176.14
ko:K02959	77503.66	16798.46	93825.79999999999	67334.95000000001	48196.600000000006	77841.94	469329.34	66071.17	40784.94	85176.14
ko:K02961	75794.66	16574.46	96582.79999999999	67334.95000000001	48211.600000000006	77841.94	469329.34	66048.17	40784.94	85176.14
ko:K02962	0.0	0.0	0.0	0.0	20.0	0.0	0.0	0.0	0.0	0.0
ko:K02963	77503.66	16798.46	96645.79999999999	67334.95000000001	48200.600000000006	77841.94	469329.34	66071.17	40784.94	85176.14
ko:K02965	75794.66	16574.46	96582.79999999999	67334.95000000001	48211.600000000006	77841.94	469329.34	66048.17	40784.94	85176.14
ko:K02966	0.0	0.0	0.0	0.0	20.0	0.0	0.0	0.0	0.0	0.0
ko:K02967	77537.66	16812.46	96685.79999999999	67455.95000000001	48216.600000000006	78117.94	469367.34	66344.17	40793.94	85222.14
ko:K02968	76260.81	16628.46	96240.69	67162.39	47431.91	77699.94	467891.27	65863.76999999999	40681.94	85044.49
ko:K02970	75161.51000000001	14690.130000000001	96379.88	67107.53	46503.93	77078.54000000001	461587.97	62884.25	39725.29	78618.74
ko:K02972	386.72	193.70999999999998	141.0	53.0	1298.86	11.57	1719.79	2192.71	573.4200000000001	1808.9999999999998
ko:K02974	0.0	0.0	0.0	0.0	20.0	0.0	0.0	0.0	0.0	0.0
ko:K02977	0.0	0.0	0.0	0.0	20.0	0.0	0.0	0.0	0.0	817.0
ko:K02978	0.0	0.0	0.0	0.0	20.0	0.0	0.0	0.0	0.0	0.0
ko:K02979	0.0	0.0	0.0	0.0	20.0	0.0	0.0	0.0	0.0	0.0
ko:K02982	75794.66	16574.46	96582.79999999999	67334.95000000001	48211.600000000006	77841.94	469329.34	66048.17	40784.94	85176.14
ko:K02984	0.0	0.0	0.0	0.0	20.0	0.0	0.0	0.0	0.0	0.0
ko:K02986	77974.66	16981.39	96711.94	67668.95000000001	48256.700000000004	77951.58	471747.51	66299.59	41611.3	88320.20999999999
ko:K02987	0.0	0.0	0.0	0.0	20.0	0.0	0.0	0.0	0.0	0.0
ko:K02988	75794.66	16574.46	96582.79999999999	67334.95000000001	48211.600000000006	77841.94	469329.34	66048.17	40784.94	85176.14
ko:K02990	77102.66	16770.46	96457.79999999999	67248.95000000001	48170.600000000006	76793.94	465986.34	65797.17	40744.94	84872.14
ko:K02991	0.0	0.0	0.0	0.0	20.0	0.0	0.0	0.0	0.0	0.0
ko:K02992	77503.66	16798.46	96645.79999999999	67334.95000000001	48216.600000000006	77841.94	469329.34	66071.17	40784.94	85176.14
ko:K02994	75794.66	16574.46	96582.79999999999	67334.95000000001	48211.600000000006	77841.94	469329.34	66048.17	40784.94	85176.14
ko:K02995	0.0	0.0	0.0	0.0	20.0	0.0	0.0	0.0	0.0	0.0
ko:K02996	77503.66	16798.46	96645.79999999999	67334.95000000001	48216.600000000006	77841.94	469329.34	66071.17	40784.94	85176.14
ko:K03040	75932.66	16591.46	96836.79999999999	67347.95000000001	49494.600000000006	78001.94	469369.34	66121.67	40798.44	85262.14
ko:K03041	0.0	0.0	0.0	0.0	20.0	0.0	0.0	0.0	0.0	0.0
ko:K03042	0.0	0.0	0.0	0.0	20.0	0.0	0.0	0.0	0.0	0.0
ko:K03043	77721.66	16822.46	96533.79999999999	67334.95000000001	48196.600000000006	77907.94	469369.34	66267.17	40784.94	84359.14
ko:K03044	0.0	0.0	0.0	0.0	20.0	0.0	0.0	0.0	0.0	0.0
ko:K03045	0.0	0.0	0.0	0.0	20.0	0.0	0.0	0.0	0.0	0.0
ko:K03046	77740.66	16798.46	96813.79999999999	67334.95000000001	48196.600000000006	77920.94	469341.34	66101.17	40784.94	84499.14
ko:K03047	0.0	0.0	0.0	0.0	20.0	0.0	0.0	0.0	0.0	0.0
ko:K03048	1595.36	284.8	778.71	539.36	2276.8900000000003	1925.1299999999999	30246.019999999997	1463.65	1173.35	2652.14
ko:K03049	0.0	0.0	0.0	0.0	20.0	0.0	0.0	0.0	0.0	0.0
ko:K03050	0.0	0.0	0.0	0.0	20.0	0.0	0.0	0.0	0.0	0.0
ko:K03051	0.0	0.0	0.0	0.0	20.0	0.0	0.0	0.0	0.0	0.0
ko:K03053	0.0	0.0	0.0	0.0	20.0	0.0	0.0	0.0	0.0	0.0
ko:K03055	0.0	0.0	0.0	0.0	20.0	0.0	0.0	0.0	0.0	0.0
ko:K03056	0.0	0.0	0.0	0.0	20.0	0.0	0.0	0.0	0.0	0.0
ko:K03057	0.0	0.0	0.0	0.0	40.0	0.0	0.0	0.0	0.0	0.0
ko:K03058	0.0	0.0	0.0	0.0	20.0	0.0	0.0	0.0	0.0	0.0
ko:K03060	34821.44	8654.59	16212.68	24387.11	19034.949999999997	39913.58	345598.28	29022.519999999997	15825.67	33050.79
ko:K03070	81063.74	18080.89	97870.94	68007.75	50004.310000000005	97106.58	607233.44	69428.81	42502.3	90211.70999999999
ko:K03071	4979.719999999999	365.01	1326.6599999999999	269.0	2663.14	114.08000000000001	1822.4599999999998	3107.05	1277.4199999999998	5210.0
ko:K03072	70065.65	13373.54	92297.2	61852.31	40221.2	56824.56	324242.64	59636.880000000005	37942.16	74670.45
ko:K03073	67809.76	16035.46	95478.6	61348.7	35902.600000000006	68257.29000000001	438941.84	57015.270000000004	37392.29	82131.11
ko:K03074	14723.98	2706.94	5854.33	10874.83	6707.280000000001	13196.74	171960.86	18152.0	7429.07	14537.25
ko:K03075	71314.82	15126.13	89165.79999999999	65544.54000000001	46347.850000000006	75910.19	457158.84	65169.42	38296.94	77303.39
ko:K03076	76209.66	16670.46	96802.79999999999	67668.75	48682.600000000006	79710.94	497810.94	67229.17	41853.94	87734.14
ko:K03077	37319.69	9235.79	69825.77	40019.340000000004	21742.95	40379.74	183359.13	23356.730000000003	20455.9	50120.9
ko:K03078	774.24	393.41999999999996	303.6	152.0	2595.29	23.14	4878.0	4406.74	1309.44	3673.75
ko:K03079	1754.03	654.92	479.1	407.5	3795.0199999999995	393.64	6707.0	6500.82	1615.19	4446.43
ko:K03086	111187.5	22964.910000000003	296287.31	91603.34	58127.270000000004	131796.61	661873.2200000001	96567.96000000002	58050.64	116099.15000000001
ko:K03087	3017.7999999999997	1224.21	1050.0	7497.5	3004.6100000000006	17266.57	111094.29	4260.709999999999	1361.42	4204.5
ko:K03088	564482.25	114381.5	816540.9299999999	544599.13	376790.93	461263.18000000005	1633388.42	389065.32	304250.9	619797.1799999999
ko:K03089	8576.720000000001	526.21	1297.6599999999999	284.0	2843.94	197.08	2634.46	3908.0499999999997	1830.4199999999998	6778.0
ko:K03090	11399.56	2745.86	9017.11	17282.76	4365.48	7273.78	28511.4	5637.4400000000005	5602.200000000001	13794.57
ko:K03091	215111.58000000002	62584.06	133915.93000000002	155264.14	71626.94	181848.82	1164041.15	114901.51000000001	110309.11	214705.69
ko:K03092	40664.35	5667.709999999999	71005.76	41428.17	36292.96000000001	35983.34	100349.62	37313.31	21562.61	39410.369999999995
ko:K03093	793.4	262.65	319.0	426.0	902.8000000000001	586.0899999999999	2270.77	483.5	1137.4	4230.2
ko:K03095	39.8	6.0	110.6	162.8	631.0	42.129999999999995	3414.45	267.75	747.85	625.75
ko:K03098	3725.8199999999997	1086.24	408.5	2022.5	8119.71	2613.5	34444.020000000004	11595.95	3486.0899999999997	5365.329999999999
ko:K03100	170643.03000000003	30004.800000000003	182725.48	158055.36000000002	97368.76999999999	165539.51	725276.94	106294.25	72869.36	176068.66000000003
ko:K03101	89152.64000000001	19331.79	103608.09	72094.75	49328.41	80401.84000000001	484325.9	69478.32	44590.39	103187.8
ko:K03105	0.0	0.0	0.0	0.0	20.0	0.0	0.0	0.0	0.0	0.0
ko:K03106	77503.66	16798.46	96645.79999999999	67334.95000000001	48216.600000000006	77841.94	469329.34	66071.17	40784.94	85176.14
ko:K03110	77640.66	16815.46	96645.79999999999	67371.95000000001	48216.600000000006	77841.94	469328.84	66071.17	40784.94	85176.14
ko:K03111	95197.0	19702.81	142780.3	126263.06999999999	59985.11	87999.94	542789.14	77637.82	47223.8	103698.92
ko:K03112	1742.7199999999998	274.71	421.0	201.0	2450.11	154.57	1810.79	2236.21	1220.42	4268.0
ko:K03113	27822.449999999997	3350.25	10103.58	35816.68	29164.96	22700.6	85228.28	30124.21	15812.11	31205.27
ko:K03116	43743.61	6171.6900000000005	9399.16	39999.31	40560.86	29090.25	133513.96000000002	40803.72	27957.36	55610.1
ko:K03117	17131.379999999997	2650.22	9084.66	5916.0	6178.110000000001	7354.64	45466.79	11694.380000000001	7982.08	19774.0
ko:K03118	39352.009999999995	5467.74	9064.66	39126.81	35760.06	28051.629999999997	126771.46	37385.22	22153.36	44955.1
ko:K03119	394.72	202.70999999999998	143.0	63.0	3622.359999999999	31.57	1812.79	2450.71	810.42	1808.9999999999998
ko:K03120	0.0	0.0	0.0	0.0	20.0	0.0	0.0	0.0	0.0	0.0
ko:K03124	0.0	0.0	0.0	0.0	40.0	0.0	0.0	0.0	0.0	0.0
ko:K03136	0.0	0.0	0.0	0.0	20.0	0.0	0.0	0.0	0.0	0.0
ko:K03146	7823.5	439.5	1661.0	2626.5	1618.5	1563.0	7362.8	3549.0	510.0	6953.0
ko:K03147	46200.55	8626.53	81759.78	53014.1	34793.44	39872.13	104981.41999999998	34024.1	23865.33	41395.13
ko:K03148	6155.2	1446.2199999999998	4157.83	1412.5800000000002	5959.72	2165.33	17944.75	7558.589999999998	4034.5899999999997	10106.95
ko:K03149	30939.56	5456.58	59039.5	51888.76	28669.559999999998	33597.89	88460.52000000002	24300.420000000002	18765.93	26543.649999999998
ko:K03150	59554.810000000005	9608.119999999999	62968.8	90403.94	47033.89	65821.09	247711.37000000005	39682.05	31483.43	55201.34
ko:K03151	41857.18	12552.96	25832.38	29464.520000000004	16599.75	34549.74	227716.41000000003	23267.07	22608.58	47453.34
ko:K03152	58404.59	12885.48	89641.55000000002	59548.18	36132.950000000004	63834.72	280871.07	40994.37	29203.309999999998	63361.649999999994
ko:K03153	549.0	50.8	2.0	53.0	1978.45	97.13	1736.6	381.5	232.00000000000003	140.0
ko:K03154	31445.71	5103.13	93802.59999999999	58920.159999999996	25847.510000000002	35458.09	74474.5	23580.07	19390.58	29123.35
ko:K03166	0.0	3.0	0.0	0.0	32.0	0.0	0.0	0.0	0.0	0.0
ko:K03167	0.0	3.0	0.0	0.0	32.0	0.0	0.0	0.0	0.0	0.0
ko:K03168	76275.96	16360.630000000001	98109.87	67636.15	47471.270000000004	77200.1	468345.14	64463.39	39470.670000000006	83155.41
ko:K03169	140821.62	29353.78	201307.04	165361.75	97488.69	120190.9	346463.64	104176.95999999999	75479.20999999999	160508.86
ko:K03177	79136.66	16931.46	96715.79999999999	68085.95000000001	48296.600000000006	78242.94	469517.34	66209.17	41049.94	86131.14
ko:K03179	6619.82	1589.29	427.0	2927.5	12248.410000000002	2900.0	38069.520000000004	14497.45	8763.09	14606.33
ko:K03181	393.72	196.70999999999998	143.0	58.0	2513.11	21.57	1770.29	2288.21	737.42	1808.9999999999998
ko:K03182	8708.31	2719.76	531.0	2635.5	9740.46	2247.43	42454.49	14095.21	11270.220000000001	26225.83
ko:K03183	31545.18	4006.76	67670.67	36393.48	33635.36	32588.9	94993.37000000001	33360.06	18143.53	34803.6
ko:K03184	392.72	196.70999999999998	143.0	58.0	2398.11	11.57	1722.79	2286.71	732.42	1808.9999999999998
ko:K03185	393.72	199.70999999999998	143.0	58.0	2495.11	11.57	1732.29	2286.71	737.42	1808.9999999999998
ko:K03186	8797.310000000001	2568.76	512.14	2605.5	8967.64	2330.43	43388.20999999999	14362.779999999999	11133.210000000001	25315.41
ko:K03187	4297.04	1487.9299999999998	811.03	578.8	3222.21	2389.7	34945.14	2439.7799999999997	1998.3500000000001	8703.9
ko:K03188	4102.04	1374.9299999999998	762.03	534.8	3247.21	2399.7	31532.14	2288.2799999999997	1399.3500000000001	4639.9
ko:K03189	2151.04	433.93	591.03	526.47	3282.21	2453.7	32984.14	2423.95	1575.3500000000001	4698.9
ko:K03190	4102.04	1374.9299999999998	762.03	534.8	3304.21	2399.7	32014.14	2478.2799999999997	1399.3500000000001	4754.9
ko:K03191	2228.0	1175.9299999999998	372.14	314.0	473.21	1948.64	27128.0	1387.1399999999999	476.36	2538.0699999999997
ko:K03192	7.0	3.0	2.0	5.0	1099.25	0.0	6.0	90.0	41.0	0.0
ko:K03194	0.0	0.0	0.0	0.0	4.0	0.0	7.0	0.0	58.0	1.43
ko:K03195	4161.0	114.0	174.0	5.0	1129.25	31.0	32.0	531.0	535.0	3395.0
ko:K03196	5373.0	187.0	68.0	0.0	95.0	62.0	64.0	555.0	1099.0	5849.43
ko:K03197	0.0	0.0	0.0	0.0	0.0	0.0	0.0	0.0	29.0	1.43
ko:K03198	0.0	0.0	0.0	0.0	3.0	0.0	0.0	0.0	0.0	0.0
ko:K03199	4159.0	114.0	34.0	0.0	49.0	31.0	32.0	531.0	564.0	3396.4300000000003
ko:K03200	3630.0	463.0	51.5	685.5	3248.5	307.5	2352.0	1479.5	5576.0	11335.43
ko:K03201	489.0	48.0	0.0	0.0	292.0	83.0	810.0	290.0	202.0	141.43
ko:K03203	7083.0	155.0	34.0	0.0	49.0	31.0	32.0	1042.0	564.0	3521.4300000000003
ko:K03204	1214.0	73.0	34.0	0.0	49.0	31.0	39.0	20.0	564.0	2454.4300000000003
ko:K03205	169070.7	50786.130000000005	97615.94	118912.09000000001	50743.19	66661.75	376271.77	87815.26	87935.04	209843.85
ko:K03206	0.0	0.0	0.0	41.8	0.0	4.13	20.6	7.0	0.0	0.0
ko:K03207	386.43	193.70999999999998	141.0	53.0	1413.86	21.57	1757.79	2196.71	652.4200000000001	1807.57
ko:K03208	405.43	196.51	141.0	58.0	2493.31	11.57	1719.79	2196.71	652.4200000000001	1807.57
ko:K03210	76060.45999999999	16592.46	95799.4	67181.95000000001	46995.19	77686.94	467757.29000000004	65630.29999999999	40713.69	84974.56
ko:K03212	386.72	195.04	1128.5	166.67000000000002	1301.53	53.57	2014.46	2558.38	716.4200000000001	1903.0
ko:K03214	386.72	193.70999999999998	1126.83	146.0	1298.86	42.57	1770.79	2456.71	686.4200000000001	1808.9999999999998
ko:K03215	118570.27	27473.690000000002	129581.16	100919.01	57082.04	97397.51000000001	584218.32	82252.67000000001	63504.56	132905.45
ko:K03216	49954.93000000001	13601.92	29297.38	31669.27	21470.75	46339.08	383461.18000000005	38183.67	25664.25	55785.869999999995
ko:K03217	81263.56	18026.74	101885.4	72813.70000000001	49857.200000000004	83350.75	505980.52	70587.66	45761.71000000001	91147.22
ko:K03218	78001.49	17081.46	32045.63	67540.95000000001	48402.600000000006	68176.11	462569.67000000004	61963.17	40847.94	84516.14
ko:K03219	715.0	70.0	88.0	0.0	386.0	83.0	819.0	290.0	528.0	626.0
ko:K03220	546.0	55.0	88.0	0.0	386.0	83.0	819.0	290.0	528.0	626.0
ko:K03221	546.0	55.0	88.0	0.0	386.0	83.0	812.0	290.0	524.0	626.0
ko:K03222	546.0	55.0	88.0	0.0	386.0	83.0	819.0	290.0	528.0	626.0
ko:K03223	582.33	57.8	89.5	0.0	415.2	83.0	820.0	295.0	528.0	632.0
ko:K03224	8824.27	1237.71	12889.59	9348.66	861.4000000000001	5408.04	17966.1	2852.12	9498.060000000001	14855.37
ko:K03225	546.0	61.0	88.0	0.0	483.0	83.0	826.0	290.0	537.0	626.0
ko:K03226	546.0	58.0	88.0	0.0	386.0	83.0	819.0	290.0	528.0	626.0
ko:K03227	769.0	123.0	88.0	47.0	395.0	83.0	819.0	295.0	528.0	632.0
ko:K03228	547.33	58.0	89.5	0.0	386.0	83.0	820.0	290.0	528.0	626.0
ko:K03229	547.33	58.0	89.5	0.0	386.0	83.0	820.0	290.0	528.0	626.0
ko:K03230	546.0	58.0	88.0	0.0	386.0	83.0	819.0	290.0	528.0	626.0
ko:K03231	0.0	0.0	0.0	0.0	20.0	0.0	0.0	0.0	0.0	0.0
ko:K03232	0.0	0.0	0.0	0.0	20.0	0.0	0.0	0.0	0.0	0.0
ko:K03234	0.0	0.0	0.0	0.0	20.0	0.0	0.0	0.0	0.0	0.0
ko:K03236	0.0	0.0	0.0	0.0	20.0	0.0	0.0	0.0	0.0	0.0
ko:K03237	0.0	0.0	0.0	0.0	20.0	0.0	0.0	0.0	0.0	0.0
ko:K03238	0.0	0.0	0.0	0.0	20.0	0.0	0.0	0.0	0.0	0.0
ko:K03242	0.0	0.0	0.0	0.0	20.0	0.0	0.0	0.0	0.0	0.0
ko:K03243	0.0	0.0	0.0	0.0	20.0	0.0	0.0	0.0	0.0	0.0
ko:K03263	0.0	0.0	0.0	0.0	20.0	0.0	0.0	0.0	0.0	0.0
ko:K03264	0.0	0.0	0.0	0.0	20.0	0.0	0.0	0.0	0.0	0.0
ko:K03265	0.0	0.0	0.0	0.0	41.0	10.0	38.0	1.5	0.0	0.0
ko:K03268	0.0	0.0	0.0	0.0	0.0	0.0	0.0	87.0	32.0	0.0
ko:K03269	29459.85	3505.75	68523.08	35902.68	29209.79	31624.11	86733.79000000001	30451.22	16400.11	33652.27
ko:K03270	37922.45	6365.25	73852.83	41282.01	30563.79	44653.439999999995	254544.87	43500.05	21424.860000000004	46878.27
ko:K03271	10294.75	2211.15	7816.8099999999995	3532.0	13510.269999999999	13076.67	175468.55999999997	23315.660000000003	6000.76	13110.23
ko:K03272	6528.0199999999995	1358.44	4455.41	3271.33	7446.64	12465.61	156413.84	16327.19	3264.34	8035.829999999999
ko:K03273	7181.39	1551.4099999999999	4529.74	3045.5	8381.24	12612.91	158322.71	18406.96	3383.24	8561.529999999999
ko:K03274	4166.219999999999	968.8399999999999	5345.41	547.3299999999999	2970.14	940.91	9268.04	4811.389999999999	4051.84	9493.33
ko:K03275	791.43	375.71	141.0	53.0	1298.86	11.57	1719.29	2208.71	1364.4199999999998	5084.57
ko:K03276	386.43	193.70999999999998	141.0	53.0	1298.86	11.57	1719.29	2192.71	544.4200000000001	1807.57
ko:K03278	2500.43	599.71	196.86	50.0	1303.86	11.57	1582.0	2224.57	1134.43	3162.42
ko:K03279	772.86	387.41999999999996	414.86	103.0	2595.29	23.14	3295.86	4371.849999999999	919.85	1936.99
ko:K03280	386.43	193.70999999999998	133.86	50.0	1296.43	11.57	1576.57	2179.14	404.43	129.42
ko:K03281	75605.07	13116.989999999998	86034.21	69381.01000000001	53864.979999999996	63950.78	243094.45	55968.76	40931.71	81075.0
ko:K03282	71064.51000000001	14078.15	94782.75	55765.43000000001	46683.3	74251.0	453794.37000000005	61433.03	38247.58	76709.45
ko:K03284	68274.54	15526.26	89102.63	74258.98000000001	49967.09	86433.53	454261.91	67874.20999999999	40573.71	75698.81
ko:K03285	6562.0	471.0	404.15	430.0	427.15	338.88	260.68	212.53	2695.0	12265.0
ko:K03286	41560.07	3439.69	3283.5699999999997	19284.190000000002	32649.15	24809.09	182863.96000000002	21209.16	15039.750000000002	41819.17
ko:K03287	0.0	0.0	140.0	0.0	0.0	0.0	0.0	0.0	0.0	0.0
ko:K03288	0.29	3.0	0.0	0.0	0.0	0.0	21.5	0.0	13.0	0.0
ko:K03289	24937.180000000004	3010.7599999999998	66852.78	34642.68	25433.970000000005	29607.4	78922.25	27070.38	16023.54	31188.69
ko:K03290	408.97	216.70999999999998	147.25	107.0	2186.8599999999997	14.82	4409.04	2597.46	684.4200000000001	1808.9999999999998
ko:K03291	387.01	193.70999999999998	1133.9699999999998	149.0	1334.29	42.57	1914.01	2477.2799999999997	992.41	3488.5800000000004
ko:K03292	101960.39000000001	28600.440000000002	193892.89	71942.73000000001	35168.56	198272.47999999998	1005917.76	52183.99	50032.0	123307.65
ko:K03293	2706.16	910.79	4041.2400000000002	1537.6399999999999	14733.519999999999	4076.88	75927.43	12640.220000000001	4348.710000000001	12002.65
ko:K03294	15917.760000000002	4069.79	20002.420000000002	41543.69	13489.439999999999	21152.51	85760.01999999999	22175.18	13435.4	22374.719999999998
ko:K03296	187365.07	24861.3	95762.70999999999	193847.37	160898.58000000002	148815.29	566156.39	146008.40000000002	97196.84000000003	188696.56
ko:K03297	2461.57	2191.91	1535.8899999999999	636.66	6377.79	2681.04	17752.52	15855.529999999999	4431.19	6349.9400000000005
ko:K03298	3858.3199999999997	497.71	297.0	87.0	1792.86	160.7	3561.79	2615.21	2024.4199999999998	7018.0
ko:K03299	18015.43	3419.2799999999997	16971.899999999998	16707.61	10939.89	12424.349999999999	34890.2	12809.07	11694.87	16478.83
ko:K03300	3380.8	316.0	3130.6	1353.8	3768.5	2621.24	3021.6	1463.0	760.6000000000001	3221.0
ko:K03301	0.0	0.0	0.0	0.0	94.0	0.0	0.0	0.0	0.0	0.0
ko:K03303	8332.43	2530.19	59310.95000000001	4602.03	10415.08	18149.18	24020.839999999997	8403.470000000001	8501.19	14616.889999999998
ko:K03304	711.72	259.71	1175.83	201.0	1298.86	80.57	3277.79	2487.71	721.4200000000001	2020.0
ko:K03305	44269.299999999996	5164.3099999999995	68943.28	66969.48000000001	48680.46000000001	41552.19	115669.03	43418.909999999996	23843.949999999997	47729.78
ko:K03306	28994.01	4754.7	4695.06	16739.559999999998	32177.480000000003	25532.87	197310.25	36661.48	14214.78	31085.549999999996
ko:K03307	71751.79999999999	14790.69	86746.67	63747.590000000004	45353.04	64528.01	237327.15000000002	41781.64	36215.67	79501.12
ko:K03308	128755.79000000001	32944.08	188341.4	133664.81	47788.240000000005	105216.23	618652.14	97839.1	66805.66	134318.14
ko:K03309	2542.4	282.0	341.0	218.8	2971.45	491.64	5130.2	805.0	1368.65	3475.2
ko:K03310	122906.17000000001	30533.24	160665.38	98983.76999999999	51460.78	141000.41	1101903.54	122364.77999999998	58461.45	128943.28
ko:K03311	14853.29	3505.96	12250.73	11786.21	8934.77	19905.309999999998	206203.84000000003	24863.6	8035.18	22523.66
ko:K03312	21380.07	3947.03	10900.369999999999	17197.649999999998	8009.4	8992.16	28548.79	9990.97	11414.05	22263.28
ko:K03313	29679.6	3592.5099999999998	3776.6100000000006	13476.09	28708.33	20670.28	91930.53	30093.94	14680.18	33551.21
ko:K03314	388.72	193.70999999999998	1126.83	151.0	2379.11	42.57	1770.79	2456.71	686.4200000000001	1808.9999999999998
ko:K03315	62401.83	7964.3499999999985	112688.19	73845.40000000001	48001.31	56398.89000000001	112115.92	38523.990000000005	27065.160000000003	58747.41
ko:K03316	1477.55	439.53999999999996	1597.95	24666.02	7171.579999999999	5037.129999999999	43375.26	10992.88	2402.92	5635.450000000001
ko:K03317	3758.7599999999998	708.21	2218.08	1355.6599999999999	3955.14	2039.1	13209.52	6581.63	1243.81	4025.73
ko:K03319	4979.719999999999	798.01	1952.6599999999999	636.9200000000001	1617.3199999999997	598.47	4775.92	2979.81	4119.42	15627.570000000002
ko:K03320	57770.36	12887.93	122273.9	66798.8	29836.37	64209.729999999996	262694.32	32413.100000000002	32658.260000000002	70268.77
ko:K03321	44752.11	7140.98	85285.71	49683.77	29309.96	42048.19	119285.93000000002	36166.479999999996	23679.97	42374.82
ko:K03322	23659.980000000003	3720.33	9006.77	33744.98	25567.68	19753.409999999996	70048.75	15427.130000000001	10946.960000000001	25975.47
ko:K03324	96401.96	22369.35	144924.78000000003	80879.06	47271.75	86533.23999999999	326227.70999999996	54765.16	47756.38	93114.99
ko:K03325	11057.83	2615.05	5619.2	5264.0	2263.7	4109.0	21560.25	1763.0	4331.0	15890.0
ko:K03326	21404.72	1790.7099999999998	7476.82	2641.66	1771.35	621.26	4212.46	3004.89	8119.92	39436.0
ko:K03327	67391.77	9796.68	147492.06	89375.70999999999	64295.16	80349.59	366724.39999999997	79183.70000000001	41361.86	77719.85
ko:K03328	33375.78	3476.07	75299.83	14079.21	30506.81	24493.88	131050.37	27302.07	14966.740000000002	38115.24
ko:K03329	1600.4299999999998	266.71	167.86	50.0	1344.86	42.57	1614.0	2205.57	910.4300000000001	2582.42
ko:K03330	0.0	0.0	0.0	0.0	20.0	0.0	0.0	0.0	0.0	0.0
ko:K03332	39919.33	4911.94	104457.69	65550.08	34868.35	41480.95	95087.83	22331.3	15064.09	33948.869999999995
ko:K03333	0.0	0.0	0.0	0.0	79.0	30.0	114.0	1.5	5.0	0.0
ko:K03335	2166.75	448.99	1985.5	2808.33	842.17	809.12	21333.5	742.5	439.66999999999996	1073.8600000000001
ko:K03336	1935.96	425.99	1928.5	2808.33	257.66999999999996	805.56	21272.5	680.9999999999999	576.67	1065.43
ko:K03337	4687.46	1207.9899999999998	6783.5	7274.66	295.0	3714.89	27002.5	1980.0	3240.67	3912.4300000000003
ko:K03338	1380.29	372.59	820.14	118.33	22.880000000000003	575.1999999999999	23077.59	758.14	204.36	568.8299999999999
ko:K03339	1576.8	266.0	468.6	517.0	1289.0	1925.1299999999999	30115.35	1424.25	1166.35	2626.25
ko:K03340	29415.04	4866.87	68914.95000000001	35941.67	24178.27	33622.42	77753.41	23187.04	11660.16	21333.55
ko:K03342	1968.0	579.31	549.14	734.8	1217.8000000000002	2572.9700000000003	32861.5	3276.76	2114.28	2971.3999999999996
ko:K03343	0.0	0.0	0.0	0.0	0.0	0.0	0.0	0.0	3.0	0.0
ko:K03346	1633.8	282.0	756.6	540.8	2272.8	1942.1299999999999	30266.35	1457.65	1166.1	2630.25
ko:K03365	0.0	0.0	0.0	0.0	96.8	0.0	476.6	104.0	89.0	175.2
ko:K03366	1188.4399999999998	483.41999999999996	463.86	467.8	3625.72	1902.14	30444.89	5640.279999999999	1571.45	4120.28
ko:K03367	1395.8	146.8	1662.6	512.47	831.7	1880.0	29399.949999999997	1416.92	1167.35	2617.25
ko:K03379	2001.0	423.5	157.0	1396.5	2644.75	2162.0	32618.5	8603.0	1855.0	3404.0
ko:K03380	0.0	0.0	0.0	0.0	18.0	0.0	0.0	0.0	5.0	0.0
ko:K03381	4.29	0.0	0.0	10.0	2177.5	0.0	21.0	87.0	85.0	0.0
ko:K03382	10.4	10.0	0.0	3.0	12.2	25.4	10.6	236.0	21.4	122.2
ko:K03383	0.0	0.0	0.0	0.0	0.0	25.0	0.0	30.0	0.0	24.0
ko:K03385	10640.23	1194.06	2154.59	12760.5	6297.959999999999	2454.4700000000003	8552.3	6039.870000000001	5225.03	14495.820000000002
ko:K03386	36259.729999999996	5186.98	4194.69	28730.02	39105.2	34244.6	269220.07999999996	45316.47	22364.93	44480.079999999994
ko:K03387	22144.6	2756.5	2250.83	11365.73	22485.29	28479.86	212385.8	23010.3	10328.710000000001	23885.019999999997
ko:K03388	12772.91	3651.2200000000003	1419.4	3165.99	10581.16	4262.06	43613.53	13068.57	10945.2	16019.0
ko:K03389	10060.240000000002	2539.58	1392.4	3157.66	10277.3	4254.4	42432.200000000004	12583.9	8733.2	15635.0
ko:K03390	7080.9	1391.45	1194.4	3016.5	9444.600000000002	4077.9	41223.700000000004	12186.9	8623.199999999999	15039.0
ko:K03392	0.0	0.0	0.0	0.0	217.0	10.0	38.0	1.5	29.0	0.0
ko:K03394	36137.810000000005	6449.0	10874.829999999998	18199.82	22239.04	28661.479999999996	202262.38	29096.56	14620.170000000002	29837.170000000002
ko:K03399	2682.59	244.48000000000002	1647.13	2360.73	405.84000000000003	11138.34	152455.54	11711.11	2489.5	2138.8500000000004
ko:K03402	67511.7	15392.2	96099.26000000001	65567.89	37277.05	76634.95999999999	463705.38999999996	53461.02	33876.25	73203.67000000001
ko:K03403	17.0	2.8	0.0	0.0	20.2	0.0	0.0	1.5	0.0	0.0
ko:K03404	4334.0	884.1	3018.5	3785.0	1767.65	22660.0	303386.5	23149.0	2119.5	8014.0
ko:K03405	2219.5	476.1	2925.25	1937.0	1498.65	11713.0	152779.75	11617.5	1326.75	4962.0
ko:K03406	70251.38	9894.42	113315.84	81395.5	24385.42	40590.31	123978.58000000002	25265.7	70223.59	140622.14999999997
ko:K03407	17929.989999999998	2668.08	27544.629999999997	20697.32	7856.620000000001	10790.51	34936.94	7294.17	16952.14	30449.36
ko:K03408	14572.93	2641.57	19736.54	16714.36	6844.8	9106.04	28836.989999999998	6013.01	16192.48	20568.84
ko:K03409	4465.5	914.0	5697.95	7114.5	1167.0	3924.5699999999997	8026.0	1316.0	3486.4	3887.0
ko:K03410	8015.6	1177.71	12503.59	9361.66	1068.4	5123.610000000001	16936.1	2470.12	8858.060000000001	13956.37
ko:K03411	8271.27	1180.71	12563.59	9530.66	2295.65	5207.17	21484.6	2806.62	9693.060000000001	15590.369999999999
ko:K03412	9702.55	1589.42	13949.34	9721.66	5974.36	5247.34	17621.54	4470.23	9986.580000000002	15804.320000000002
ko:K03413	39601.53	8389.779999999999	41935.17	38701.490000000005	9973.669999999998	36974.37	177926.84	17291.89	29517.929999999997	54355.42
ko:K03414	592.4300000000001	265.71	141.0	105.0	2476.11	11.57	1729.29	2198.21	661.4200000000001	1807.57
ko:K03415	6925.04	1186.66	12726.43	9263.66	2033.29	5125.7699999999995	11419.619999999999	1921.9099999999999	6215.65	13744.32
ko:K03416	110.33	23.0	136.5	89.0	53.0	166.0	942.0	136.0	320.0	727.0
ko:K03417	403.43	196.70999999999998	135.86	95.0	2615.11	50.13	1635.0	2404.57	473.43	153.42
ko:K03420	0.0	0.0	0.0	0.0	20.0	0.0	0.0	0.0	0.0	0.0
ko:K03421	0.0	0.0	0.0	0.0	20.0	0.0	0.0	0.0	0.0	0.0
ko:K03422	0.0	0.0	0.0	0.0	20.0	0.0	0.0	0.0	0.0	0.0
ko:K03424	113345.13	22335.98	107121.55	105375.63	83274.60999999999	112591.55	713931.91	114255.91	59631.899999999994	126854.01000000001
ko:K03425	6244.719999999999	854.7099999999999	3846.0	2641.0	3743.1100000000006	2605.57	7177.290000000001	5981.21	3286.75	5687.0
ko:K03426	41966.22	7647.49	85941.78000000001	46830.18	25254.09	38039.08	87222.66	26065.86	20769.340000000004	43508.020000000004
ko:K03427	144527.33000000002	29137.43	385121.89999999997	176209.24	99354.28	176859.86000000002	818874.0699999998	130389.1	88618.54	165890.8
ko:K03428	0.0	0.0	0.0	0.0	0.0	0.0	0.0	1.5	0.0	0.0
ko:K03429	9395.11	3483.65	6101.879999999999	12022.39	4855.96	14079.89	175405.44999999998	15188.35	6116.120000000001	12430.98
ko:K03430	24052.77	2756.1900000000005	1410.7700000000002	10077.43	20222.800000000003	16036.349999999999	39893.06	11636.27	8503.49	24403.3
ko:K03431	56307.53	16744.59	33212.38	35135.270000000004	18730.75	50078.75000000001	408386.85	38812.33	29230.58	68927.54000000001
ko:K03432	0.0	0.0	35.0	0.0	45.0	10.0	896.0	1.5	0.0	0.0
ko:K03433	0.0	0.0	35.0	0.0	45.0	10.0	896.0	1.5	0.0	0.0
ko:K03435	576.3	205.70999999999998	148.14000000000001	61.0	2388.11	11.57	1857.58	2212.85	1025.41	3497.4400000000005
ko:K03436	23615.94	7521.7	13844.68	20275.47	8062.1900000000005	13297.36	100155.47	13865.489999999998	15240.3	29095.559999999998
ko:K03437	117204.75	20926.550000000003	106903.72	134664.72999999998	85236.59	115702.25	573659.5	93945.89	61605.23	124191.35
ko:K03438	87972.35	19028.350000000002	105185.67	80567.27	49913.200000000004	80334.51000000001	487148.29	69123.45	44776.66	97055.19
ko:K03439	73143.98999999999	15350.619999999999	95964.04999999999	67206.95000000001	45658.94	77740.78	468415.76	65171.5	38066.69	84071.14
ko:K03442	55671.88	11109.88	27035.839999999997	60500.17	39949.61	61121.08	378921.87	54453.97	28007.54	59914.939999999995
ko:K03444	6843.32	1454.3400000000001	918.65	11285.68	6736.379999999999	10720.43	23028.120000000003	9638.130000000001	3846.4900000000002	5283.700000000001
ko:K03445	1326.02	442.41999999999996	418.83000000000004	197.0	3994.7999999999997	127.98	4264.58	4881.59	1761.8400000000001	3923.8599999999997
ko:K03446	18057.95	2499.35	2567.42	31033.98	19903.21	15998.779999999999	61711.06999999999	20897.45	11618.7	27414.02
ko:K03449	1216.26	535.04	309.28	520.0	8491.189999999999	690.78	32925.29	4897.89	2779.84	4275.01
ko:K03451	6559.78	2112.36	5377.8099999999995	4933.6	2946.03	3940.9700000000003	10637.42	4889.44	4125.83	4638.87
ko:K03453	58587.51	6398.23	134338.74	66896.19	48689.51000000001	74821.43	446897.47	65376.64	26816.030000000002	59962.810000000005
ko:K03455	35778.369999999995	5032.0199999999995	68059.32	35481.91	37869.63	37130.229999999996	66737.38	30080.61	18496.78	35369.8
ko:K03457	513.2	259.78999999999996	441.44	464.67	7277.960000000001	423.98	10659.79	3538.8999999999996	865.23	584.31
ko:K03458	19228.92	4694.969999999999	14313.72	13384.96	12543.59	21015.309999999998	198366.23999999996	29572.629999999997	11291.169999999998	22672.84
ko:K03462	122.0	8.0	246.0	166.0	130.0	193.0	254.0	56.5	73.5	57.43
ko:K03464	2.29	0.0	0.0	5.0	1178.25	0.0	7.0	87.0	85.0	0.0
ko:K03465	19756.72	6275.490000000001	67758.16	15281.230000000001	4998.16	34051.5	121042.31999999999	10841.369999999999	11880.59	23354.52
ko:K03466	88713.87	17564.35	103752.1	72130.82999999999	53577.53	79621.38	486653.88	68098.81	45611.54	104690.31000000001
ko:K03468	773.44	387.41999999999996	282.0	106.0	2597.72	23.14	3439.58	4393.42	1362.8400000000001	3617.9999999999995
ko:K03469	76707.84999999999	16425.03	90345.54	63548.86	44770.310000000005	64045.240000000005	288602.87	51358.479999999996	36144.17	72762.34
ko:K03470	78212.99	17224.46	97089.29999999999	74816.45000000001	48245.600000000006	78053.94	471880.34	66221.17	40825.94	85227.14
ko:K03471	3118.8599999999997	939.3299999999999	3973.71	708.36	5169.69	2653.46	32888.85	3289.49	2994.52	6151.299999999999
ko:K03472	407.72	193.70999999999998	141.0	58.0	2391.11	11.57	1722.29	2201.71	685.4200000000001	1814.9999999999998
ko:K03473	27056.25	3207.05	9251.75	35203.68	27934.36	22258.0	84183.88	29713.809999999998	15852.11	31199.27
ko:K03474	28079.08	3664.38	9473.08	35470.68	31097.190000000002	40044.34	172846.88	31569.489999999998	16765.780000000002	31306.6
ko:K03475	1452.17	516.25	551.45	365.28999999999996	3579.84	521.7	8481.45	5498.28	1684.7900000000002	3960.04
ko:K03476	1347.52	1376.71	408.6	324.0	1437.6599999999999	2668.5699999999997	4362.709999999999	4836.86	1524.02	3412.75
ko:K03477	386.72	193.70999999999998	141.0	53.0	1298.86	11.57	1719.79	2194.71	681.4200000000001	1808.9999999999998
ko:K03478	689.72	200.64	290.14	263.0	1464.96	147.21	8727.06	2722.63	1596.7800000000002	3538.0699999999997
ko:K03480	4894.8	2577.4	984.6	415.6	762.49	1166.53	9877.269999999999	2544.58	776.4	1933.2
ko:K03481	188.4	39.0	20.0	87.8	52.7	175.4	709.2	271.0	131.4	197.2
ko:K03482	389.3	193.70999999999998	148.14000000000001	61.0	2376.68	11.57	1852.15	2215.42	1124.41	3490.0100000000007
ko:K03483	1318.8799999999999	383.5	435.6	7998.1	2408.5	2212.82	30949.550000000003	2157.75	1414.8500000000001	2975.75
ko:K03484	25798.360000000004	10279.32	12031.89	10908.02	6559.73	8746.83	87769.6	14895.06	14779.25	38866.27
ko:K03485	386.72	193.70999999999998	141.0	53.0	1298.86	11.57	1719.79	2196.71	681.4200000000001	1808.9999999999998
ko:K03486	764.9599999999999	1197.0	1393.94	690.36	1148.98	2566.5299999999997	32980.619999999995	3701.0299999999997	1401.5	7567.34
ko:K03487	3947.92	1092.71	9493.1	7292.4	1572.06	4808.17	15127.789999999999	4552.110000000001	6651.22	13343.4
ko:K03488	16032.61	5290.97	5972.71	8680.67	6066.469999999999	8363.0	66423.85999999999	15696.359999999999	12372.5	23676.5
ko:K03489	233.54	136.0	76.39	435.8	960.0	27.81	5169.54	772.89	886.99	5993.58
ko:K03490	426.22	193.70999999999998	273.0	138.0	1363.86	44.57	1853.79	2219.71	681.4200000000001	1808.9999999999998
ko:K03491	3309.0	613.9300000000001	2048.74	1555.8	832.5	2843.3999999999996	32098.149999999998	3164.0699999999997	809.76	2804.75
ko:K03492	552.09	178.0	146.74	148.0	101.5	107.0	4498.04	629.89	922.99	5897.33
ko:K03493	0.0	0.0	0.0	0.0	0.0	0.0	32.25	18.75	11.6	18.75
ko:K03495	77537.41	16662.13	96443.88	67132.53	46701.130000000005	77900.94	462325.82	65146.25	40002.69	80262.94
ko:K03496	174252.62	44360.79	207692.89	176893.94	96851.40000000002	145826.51	699784.31	118146.98000000001	101703.77	213428.63999999998
ko:K03497	181779.25	49854.19	151064.05	180707.97999999998	87546.11000000002	147195.16999999998	856084.26	122821.28	119361.2	239894.27000000002
ko:K03498	156350.97999999998	37409.16	134088.12	140064.96	80239.78	131722.54	790912.47	111649.95000000001	82387.79999999999	169234.87
ko:K03499	163932.83000000002	38753.05	136587.16	150451.5	83801.70000000001	151811.18	923581.65	121424.06	83669.81	170454.89
ko:K03500	55754.53	14293.25	29255.96	39146.020000000004	23237.780000000002	47392.92	385007.83	40229.6	27237.67	58848.5
ko:K03501	77025.41	16483.13	96623.54999999999	67425.95000000001	45334.350000000006	77224.61000000002	467771.76000000007	64434.33	40326.270000000004	85269.06
ko:K03502	42762.61	10019.23	92320.28	30221.76	18351.57	33393.89	165244.85	30972.11	26705.87	62585.78999999999
ko:K03503	4792.51	833.21	65269.799999999996	1068.25	6053.6	10985.84	16859.42	9499.029999999999	6551.66	15388.58
ko:K03516	386.43	196.70999999999998	141.0	53.0	1298.86	11.57	1719.79	2196.71	652.4200000000001	1807.57
ko:K03517	47905.62	9251.7	76065.25	52766.1	36429.81	56420.03999999999	239752.42	40027.17	27503.08	50337.100000000006
ko:K03518	34452.4	10737.29	16262.09	19480.99	13553.36	14116.61	57980.67	20213.23	13181.190000000002	25264.269999999997
ko:K03519	594.4000000000001	382.05	320.67	261.0	1551.6000000000001	231.8	1656.7	491.0	348.79999999999995	574.4
ko:K03520	41.0	0.0	14.0	7.0	143.0	53.0	2108.0	404.0	21.0	46.0
ko:K03521	57554.36	9351.779999999999	88824.65	58539.840000000004	38328.47	55981.979999999996	298172.61	59932.21	31880.489999999998	71229.44
ko:K03522	59592.46	9805.15	91144.01000000001	63904.5	40224.46	57172.659999999996	300728.83999999997	63420.53	32720.440000000002	72717.41
ko:K03523	43722.28	12068.04	30483.489999999998	31929.989999999998	15439.810000000001	57082.990000000005	527600.87	44794.340000000004	22463.809999999998	46377.240000000005
ko:K03524	90215.16	20646.46	101835.8	73092.95000000001	50100.100000000006	82647.44	492105.59	72865.5	49216.270000000004	104287.81
ko:K03525	84250.3	22075.079999999998	41942.36	72175.15	48531.74	73076.70999999999	461823.26	70343.70999999999	46715.0	100391.89
ko:K03526	73249.3	16626.46	129839.09000000001	66932.59000000001	46521.91	78534.94	440074.32	64159.52	39543.59	81474.67000000001
ko:K03527	88051.73000000001	21180.12	110363.34	84237.81	49909.05	100261.08	578017.66	71913.89000000001	47768.600000000006	100413.98000000001
ko:K03528	392.72	193.70999999999998	1128.83	151.0	2398.11	42.57	1773.79	2548.21	737.42	1808.9999999999998
ko:K03529	43115.56	12813.880000000001	27903.800000000003	31429.27	15358.09	45604.93000000001	378039.71	32789.87	22930.159999999996	49761.34
ko:K03530	160704.61	29472.27	328223.37999999995	151125.68	122390.48000000001	171510.77000000002	680293.42	139680.93	89170.63	173544.84
ko:K03531	78498.36	16994.41	126740.72	67943.20000000001	50377.450000000004	84451.68	472425.41000000003	66912.31999999999	40834.19	85614.14
ko:K03532	2924.8599999999997	625.92	348.55	238.0	4014.37	177.65	4007.74	4697.55	1458.8600000000001	2851.84
ko:K03533	426.43	200.70999999999998	168.86	84.0	1324.93	31.57	1951.57	2346.64	387.43	173.42
ko:K03534	31022.719999999998	5362.09	104053.5	60674.96000000001	13491.649999999998	30641.84	50908.21	18635.61	18324.49	44495.47000000001
ko:K03535	1179.31	572.42	3109.14	150.8	3322.72	37.38	3632.47	4404.56	2303.83	8334.869999999999
ko:K03536	77103.41	16702.63	96501.05000000002	67168.28	47135.8	77782.18	466899.15	65049.91	40661.94	84764.94
ko:K03537	0.0	0.0	0.0	0.0	20.0	0.0	69.0	0.0	0.0	0.0
ko:K03538	0.0	0.0	0.0	0.0	20.0	0.0	0.0	0.0	0.0	0.0
ko:K03539	0.0	0.0	0.0	0.0	20.0	0.0	0.0	0.0	0.0	0.0
ko:K03540	0.0	0.0	0.0	0.0	20.0	0.0	0.0	0.0	0.0	0.0
ko:K03543	28453.050000000003	2245.26	31069.299999999996	84085.25	30788.739999999994	26340.18	43357.74	19228.32	11052.400000000001	29644.960000000003
ko:K03544	91733.71	20607.86	109440.77	76986.72	49792.01	84144.84000000001	495572.89	71376.89	48549.990000000005	100722.47
ko:K03545	121545.0	27692.79	126515.54000000001	90438.42000000001	57559.270000000004	97180.91000000002	538117.3300000001	88864.43	62391.51	126539.29000000001
ko:K03546	57536.66	15097.570000000002	64747.950000000004	57603.22	28990.82	47584.06	304374.57999999996	47540.34	29943.4	64958.56
ko:K03547	70654.93000000001	16772.73	71993.45000000001	67781.03	39450.24	65576.41	478619.32999999996	65626.7	32915.64	66237.98999999999
ko:K03548	557.7199999999999	205.70999999999998	1126.83	151.0	2379.11	42.57	1770.79	2458.21	690.4200000000001	1808.9999999999998
ko:K03549	944.4699999999999	470.71	58690.92	346.75	3930.4100000000003	9057.4	13766.31	3739.459999999999	2158.67	10672.2
ko:K03550	77527.0	16799.79	96645.79999999999	67341.11	48199.600000000006	77845.44	469332.84	66071.17	40784.94	85176.14
ko:K03551	77503.66	16798.46	96645.79999999999	67334.95000000001	48196.600000000006	77841.94	469329.34	66071.17	40784.94	85176.14
ko:K03552	0.0	0.0	0.0	0.0	20.0	0.0	0.0	0.0	0.0	0.0
ko:K03553	77503.66	16798.46	96645.79999999999	67334.95000000001	48196.600000000006	77922.5	470096.34	66071.17	40784.94	85181.14
ko:K03554	558.7199999999999	208.70999999999998	2112.66	244.0	2476.11	73.57	1831.29	2722.21	700.4200000000001	1808.9999999999998
ko:K03555	93465.41	17451.06	97699.35	73889.03	61141.67	82903.42	478281.32	69987.06	48395.55	99214.01000000001
ko:K03556	7372.35	1514.71	7054.03	5628.83	6268.109999999999	4004.6399999999994	15254.46	5467.379999999999	5017.42	7189.429999999999
ko:K03557	724.72	248.20999999999998	1175.6599999999999	237.0	2496.94	83.08000000000001	1790.4599999999998	2571.0499999999997	742.42	1808.9999999999998
ko:K03558	35744.509999999995	4425.76	10444.41	36207.68	30110.460000000003	24713.11	111702.28	32185.879999999997	17302.11	37184.27
ko:K03559	60185.119999999995	8566.859999999999	71099.08	74153.77	70031.14	76372.54	468452.93	81551.91	36787.48	67513.29000000001
ko:K03560	6164.22	500.21	1861.6599999999999	336.0	3974.189999999999	197.08	2654.46	3494.05	1852.42	6004.0
ko:K03561	81819.25	10517.2	134246.83000000002	100125.95000000001	89375.02	102686.41	503952.95999999996	91959.25	46149.17	87618.56
ko:K03562	5821.72	500.21	1297.6599999999999	331.0	2860.94	197.08	2634.46	3397.05	1801.4199999999998	5836.0
ko:K03563	8811.99	1435.42	13769.42	9550.66	4572.259999999999	5144.74	18682.89	5038.33	9599.48	15851.370000000003
ko:K03564	45419.28	8322.09	85232.55	46626.4	32463.63	49553.36	266560.93	48160.68	25053.420000000002	53814.34
ko:K03565	70437.56	13513.130000000001	94237.79999999999	64031.950000000004	43950.8	73871.61000000002	446194.61000000004	61120.43	34121.270000000004	72147.48000000001
ko:K03566	963.6800000000001	260.71	1332.57	256.40000000000003	8930.79	135.77	2859.41	2893.68	1923.81	4139.070000000001
ko:K03567	1157.72	316.71	242.0	105.0	2849.1100000000006	94.57	3389.79	2492.71	1209.42	2435.0
ko:K03568	25863.35	4244.01	3471.83	8588.83	21459.48	9571.6	44431.62	11098.460000000001	4976.82	14992.0
ko:K03569	109244.68	26534.660000000003	119443.4	77984.89	54194.41	116947.43999999999	772701.72	90398.61	58981.33	120519.19
ko:K03570	70876.16	13894.8	94341.13	57070.03	40661.880000000005	75318.61	447459.74000000005	62136.41	35594.520000000004	75531.86
ko:K03571	29797.2	5993.09	22604.010000000002	16418.02	9621.56	23981.58	243579.84999999998	26749.51	17545.16	35783.26
ko:K03572	77509.42	16719.8	96325.55000000002	67159.53	46717.46000000001	77875.27	462432.48	64934.25	40000.69	79449.94
ko:K03573	405.22	193.70999999999998	1126.83	146.0	1298.86	42.57	1770.79	2456.71	686.4200000000001	1808.9999999999998
ko:K03574	95340.27	23568.559999999998	182792.38	64832.66	44554.14	92926.5	570556.1599999999	72758.34999999999	50970.62	110235.63
ko:K03575	68092.5	15977.44	85764.81	53788.98	43407.420000000006	55154.57	345566.29	62694.51	32156.68	75883.81999999999
ko:K03576	477.72	196.70999999999998	1128.83	151.0	2589.11	42.57	1780.79	2546.71	742.42	1808.9999999999998
ko:K03577	3829.8500000000004	431.41999999999996	375.66	291.0	2610.38	66.82000000000001	3550.58	4951.76	1234.8400000000001	4564.57
ko:K03578	5189.469999999999	1087.87	1382.08	1099.92	10004.410000000002	1552.91	11150.81	7596.3099999999995	7350.34	13977.53
ko:K03579	1848.22	645.3699999999999	58602.34	164.67000000000002	5574.780000000001	9524.73	6511.459999999999	4419.219999999999	2131.09	2547.33
ko:K03580	414.72	205.70999999999998	1128.83	151.0	2404.11	42.57	1782.79	2550.71	737.42	1808.9999999999998
ko:K03581	58716.37	15929.65	35995.85	40710.619999999995	22920.36	51369.82000000001	396777.76	39880.08	32668.73	64573.65
ko:K03582	2144.22	336.21	1244.6599999999999	237.0	2568.94	114.08000000000001	2680.46	2598.0499999999997	1279.4199999999998	4268.0
ko:K03583	2125.72	330.21	1244.6599999999999	237.0	2458.94	114.08000000000001	2680.46	2596.0499999999997	1272.4199999999998	4268.0
ko:K03584	77421.16	16792.46	96394.79999999999	67051.28	47883.8	66798.94	318343.44	54439.600000000006	40776.44	85116.31
ko:K03585	166516.94	19730.56	83370.40000000001	190608.41000000003	164754.99000000002	144797.57	545507.14	152458.03000000003	90764.57	176867.46000000002
ko:K03586	493.72	196.70999999999998	1141.83	151.0	2673.1100000000006	45.57	1842.29	2551.21	755.42	1808.9999999999998
ko:K03587	92597.20999999999	20007.89	137111.57	75371.02	51101.56	91393.72	472505.74000000005	70293.23999999999	49549.2	107740.12000000001
ko:K03588	113628.6	28681.090000000004	119525.84000000001	94744.69	58556.950000000004	111285.70000000001	650677.63	84658.69	60060.89	124709.14
ko:K03589	73987.82	16157.46	90739.86	65623.56	46570.91	76903.44	461078.10000000003	65438.35	38936.69	78493.17000000001
ko:K03590	39913.14	6183.18	69762.96	36560.369999999995	36930.48	34266.55	120038.03	34919.2	20751.13	35909.06999999999
ko:K03591	392.72	193.70999999999998	1128.83	151.0	2398.11	42.57	1773.79	2548.21	739.42	1808.9999999999998
ko:K03592	25667.15	4209.61	3541.83	7619.83	19699.03	9306.4	44290.82	10918.16	4972.82	14992.0
ko:K03593	34386.93	4097.41	68784.5	36348.65	35143.26	32355.15	92571.57	33652.31	17571.280000000002	36010.8
ko:K03594	16405.08	3278.3	2240.75	5909.18	21618.75	13926.130000000001	61991.78	21715.489999999998	13129.510000000002	21900.47
ko:K03595	77085.49	16616.13	96815.29999999999	67371.95000000001	45529.600000000006	94387.61	554927.01	64632.83	39965.270000000004	85424.81
ko:K03596	77525.66	16810.46	96645.79999999999	67334.95000000001	48202.600000000006	77841.94	469345.34	66073.17	40784.94	85176.14
ko:K03597	389.72	196.70999999999998	1126.83	151.0	2476.11	42.57	1780.29	2458.21	695.4200000000001	1808.9999999999998
ko:K03598	395.32000000000005	196.70999999999998	1126.83	151.0	2476.11	42.57	1780.29	2456.71	695.4200000000001	1808.9999999999998
ko:K03599	2233.7200000000003	334.21	1263.6599999999999	280.0	2542.94	153.08	1873.4599999999998	2529.0499999999997	1262.4199999999998	4309.0
ko:K03600	1938.7199999999998	321.21	1162.83	151.0	2541.11	73.57	1815.29	2568.21	1277.4199999999998	4262.0
ko:K03601	79102.66	16925.46	96327.63	67415.95000000001	48540.43000000001	77996.45000000001	470207.51000000007	66397.51000000001	41482.94	87685.14
ko:K03602	73675.16	15736.46	89521.72	66260.45000000001	47882.270000000004	77219.93000000001	467126.92000000004	65261.83	40446.69	84169.14
ko:K03603	386.72	193.70999999999998	1126.83	146.0	1298.86	42.57	1770.79	2456.71	686.4200000000001	1808.9999999999998
ko:K03604	23700.559999999998	6056.17	24524.33	16021.56	7050.209999999999	10652.4	47726.04	12715.579999999998	17945.87	38903.9
ko:K03605	11513.27	2048.1499999999996	2632.52	1743.08	7742.219999999999	4232.23	21743.91	14185.529999999999	3735.27	6125.32
ko:K03606	34778.01	4471.33	61068.520000000004	38082.53999999999	31807.36	33038.19	57774.33	21084.41	25736.49	50243.01
ko:K03607	389.72	193.70999999999998	1126.83	151.0	2473.11	42.57	1780.29	2456.71	686.4200000000001	1808.9999999999998
ko:K03608	13026.960000000001	2759.8199999999997	13704.64	10594.490000000002	4029.7400000000007	6295.4400000000005	24505.91	6184.030000000001	10159.380000000001	18408.47
ko:K03609	32699.12	10240.16	20369.09	28393.82	13749.96	40206.24	319462.13999999996	28584.85	18570.05	37665.8
ko:K03610	10764.43	2833.84	13740.220000000001	10523.33	4197.01	6959.24	36892.229999999996	7543.75	10620.230000000001	18242.620000000003
ko:K03611	2327.1499999999996	514.92	1296.69	240.0	5647.220000000001	89.27000000000001	3412.29	4753.78	1656.85	4391.42
ko:K03612	76362.79000000001	16057.250000000002	90024.01000000001	59631.01	40704.91	66815.97	274471.88	53579.75	39700.520000000004	78444.64000000001
ko:K03613	82360.63	18918.25	90973.09000000001	62502.340000000004	42268.41	69084.97	292124.05	54985.920000000006	43571.35	87444.14000000001
ko:K03614	82459.13	19059.25	90694.09000000001	62482.340000000004	42500.91	70004.47	294820.05	56287.420000000006	43811.85	88152.64000000001
ko:K03615	72815.47	15946.66	85811.29000000001	57530.5	40335.91	64333.97000000001	278047.38	49920.420000000006	37650.520000000004	75629.64000000001
ko:K03616	74209.20000000001	15950.880000000001	85566.62	57253.340000000004	40519.64	64211.380000000005	273793.65	50107.76	38043.92	80144.84000000001
ko:K03617	83451.63	19242.25	90905.09000000001	62750.340000000004	42508.41	69624.97	294887.05	56301.920000000006	44570.35	89520.14000000001
ko:K03618	1846.9299999999998	318.71	251.11	96.33	1342.43	114.07	2225.3199999999997	2228.64	935.1800000000001	2586.42
ko:K03619	1600.4299999999998	266.71	167.86	50.0	1342.43	42.57	1608.57	2200.64	910.4300000000001	2582.42
ko:K03620	8867.18	1325.54	1092.69	1365.08	5477.26	3806.66	16613.62	10831.32	2006.85	2759.75
ko:K03621	55918.72	15108.09	34056.520000000004	38135.79	25558.76	51488.07	422331.92000000004	49710.509999999995	34457.0	67656.45
ko:K03622	0.0	0.0	0.0	0.0	20.0	0.0	0.0	0.0	0.0	0.0
ko:K03623	1090.72	237.70999999999998	1161.0	2733.0	1586.86	355.57	1960.79	2505.71	729.4200000000001	2002.0
ko:K03624	95266.6	21637.85	171167.3	81569.11	49667.26	94700.68000000001	502336.37	72550.73000000001	48366.490000000005	104056.36
ko:K03625	76031.66	16667.96	96564.97	67248.95000000001	48125.770000000004	77707.43000000001	468981.17000000004	65877.33	40175.94	82620.14
ko:K03626	0.0	0.0	0.0	0.0	20.0	0.0	0.0	0.0	0.0	0.0
ko:K03627	0.0	0.0	0.0	0.0	20.0	0.0	0.0	0.0	0.0	0.0
ko:K03628	54909.44	10598.67	83098.02	47163.229999999996	41330.29000000001	40112.92999999999	138092.85	42238.86	29550.01	57272.25
ko:K03629	75188.66	16544.96	96476.97	67201.95000000001	47737.770000000004	77687.43000000001	468468.67000000004	65733.33	39718.94	82091.14
ko:K03630	95616.08	18306.47	105054.76000000001	100785.06	64538.42999999999	96983.84	498453.93	73765.48000000001	49985.170000000006	103502.44999999998
ko:K03631	77589.66	16808.46	96639.79999999999	67334.95000000001	47760.600000000006	77841.94	469331.74000000005	66026.17	40784.94	85176.14
ko:K03632	386.72	193.70999999999998	1126.83	146.0	1298.86	42.57	1770.79	2458.71	686.4200000000001	1808.9999999999998
ko:K03633	386.72	193.70999999999998	1126.83	146.0	1298.86	42.57	1770.79	2456.71	686.4200000000001	1808.9999999999998
ko:K03634	35732.649999999994	3682.45	123963.98000000001	38012.18	29211.09	38640.74	87955.92	29468.55	18616.309999999998	42732.27
ko:K03635	2372.72	532.54	1351.33	477.47	3250.6100000000006	195.20999999999998	3698.7299999999996	2724.72	1567.4199999999998	4617.0
ko:K03636	2208.72	335.21	1209.6599999999999	333.8	3392.9400000000005	138.21	2898.06	2684.0499999999997	1327.9199999999998	4372.5
ko:K03637	19446.489999999998	4823.41	9287.17	8894.849999999999	7002.4	7093.42	35824.67	12903.09	6926.08	19028.010000000002
ko:K03638	391.22	194.20999999999998	224.25	178.13	4202.36	87.19999999999999	2372.14	2227.71	721.1700000000001	1812.9999999999998
ko:K03639	19844.489999999998	4742.41	9541.37	9123.85	9062.65	7266.42	38067.67	13856.09	7237.08	19448.010000000002
ko:K03640	18023.97	1317.8899999999999	67053.22	3527.75	7487.150000000001	13524.3	24444.43	14525.189999999999	2314.7799999999997	12801.07
ko:K03641	5892.22	513.21	1362.6599999999999	335.0	2948.94	314.64	2796.46	3457.05	1845.9199999999998	5038.0
ko:K03642	10087.89	1687.7099999999998	66998.0	1152.83	11564.35	13248.23	25044.25	15124.9	4131.16	6554.66
ko:K03643	4901.719999999999	362.21	1209.6599999999999	237.0	2551.94	114.08000000000001	1822.4599999999998	3107.05	1277.4199999999998	4393.0
ko:K03644	27602.1	3691.26	4457.5	37940.57	31139.03	20879.309999999998	78042.38	25441.39	17844.78	34468.6
ko:K03645	386.72	193.70999999999998	1126.83	146.0	1298.86	42.57	1770.79	2456.71	686.4200000000001	1808.9999999999998
ko:K03646	14233.47	3145.31	71609.93999999999	17073.43	16606.920000000002	19867.91	64563.74	26359.04	16839.04	34800.520000000004
ko:K03647	1116.82	466.03999999999996	752.87	682.22	2200.8300000000004	2075.32	33433.61	4331.129999999999	2036.02	5295.450000000001
ko:K03648	57772.159999999996	12470.25	86014.88	51040.96	41723.03	47251.94	196075.63	44533.9	31648.119999999995	70057.14
ko:K03649	29271.580000000005	8150.93	20842.940000000002	23901.67	13771.59	29147.369999999995	182140.54000000004	16928.58	17408.57	35188.51
ko:K03650	77193.91	16626.13	96443.88	67132.53	46713.130000000005	77801.94	463231.82	64939.25	40002.69	80262.94
ko:K03651	2189.01	424.71	2720.83	233.0	3891.11	633.5699999999999	3827.79	3072.21	1423.42	2722.43
ko:K03652	3062.66	381.26	1696.01	5217.8	3114.3500000000004	12652.869999999999	183410.75	12683.67	988.1299999999999	3147.49
ko:K03654	105302.76	17316.48	220112.5	154303.13	88040.43000000001	121199.87	443868.70999999996	103926.36	59725.23999999999	122069.04000000001
ko:K03655	160517.90000000002	30375.54	476002.26	142425.05	98510.66999999998	170808.65	685671.91	123239.52	79230.09	187908.68
ko:K03656	826.05	271.71	1151.33	291.0	2868.1100000000006	160.57	3626.29	2823.71	1008.4200000000001	2348.0
ko:K03657	138718.27000000002	35452.479999999996	142003.5	105114.53	75089.03	104891.94	604176.77	98125.44	77243.66	167013.21999999997
ko:K03658	964.3100000000001	400.04	269.25	441.15999999999997	3464.6600000000003	136.32	3292.6400000000003	2813.46	790.4200000000001	2005.1999999999998
ko:K03660	21964.14	5437.5	14125.529999999999	19654.3	7407.110000000001	38101.2	313721.63	25087.639999999996	12496.74	18013.27
ko:K03664	77503.66	16798.46	96645.79999999999	67334.95000000001	48196.600000000006	77841.94	469329.34	66071.17	40784.94	85176.14
ko:K03665	75576.16	16549.96	95616.54999999999	65292.62	46135.600000000006	66859.44	317901.09	54728.17	40686.69	84679.64
ko:K03666	14022.800000000001	2541.51	7775.219999999999	7736.13	8629.16	14621.689999999999	177480.88	18979.97	7293.449999999999	15243.82
ko:K03667	11642.849999999999	2585.11	1868.63	2253.13	6045.139999999999	11241.359999999999	156255.65	15644.71	3550.42	3052.0
ko:K03668	4356.22	700.71	278.5	743.5	5786.610000000001	865.0699999999999	6380.79	4839.709999999999	6279.419999999999	13143.0
ko:K03669	388.72	196.70999999999998	141.0	58.0	2379.11	11.57	1719.79	2196.71	690.4200000000001	1808.9999999999998
ko:K03670	775.44	393.41999999999996	282.0	111.0	3677.97	23.14	3439.58	4393.42	1385.8400000000001	3617.9999999999995
ko:K03671	152310.90999999997	31634.559999999998	212636.72	151730.12	98758.92	164995.51	982498.4700000001	137843.85	80726.34	158007.72
ko:K03672	1500.72	745.3699999999999	506.50000000000006	557.6700000000001	4755.36	2505.7400000000002	29576.789999999997	5125.89	2010.0899999999997	3787.33
ko:K03673	2352.04	532.1199999999999	2337.35	380.0	4165.4	301.42	3512.03	5126.19	1657.85	4392.85
ko:K03674	386.72	193.70999999999998	1126.83	146.0	1298.86	42.57	1770.79	2456.71	686.4200000000001	1808.9999999999998
ko:K03675	386.72	193.70999999999998	1119.69	143.0	1298.86	42.57	1633.0	2445.57	488.43	130.85
ko:K03676	565.7199999999999	196.70999999999998	283.0	63.0	3575.359999999999	11.57	1754.9599999999998	2286.71	743.42	1815.9999999999998
ko:K03679	0.0	0.0	0.0	0.0	20.0	0.0	0.0	0.0	0.0	0.0
ko:K03683	392.72	193.70999999999998	1128.83	151.0	2398.11	42.57	1773.79	2548.21	737.42	1808.9999999999998
ko:K03684	4152.469999999999	719.3699999999999	1330.75	406.42	6788.580000000001	666.9000000000001	10287.64	5907.969999999999	2413.34	7676.530000000001
ko:K03685	78317.66	16798.46	97720.79999999999	67409.95000000001	48212.600000000006	77644.94	469069.34	66057.17	40784.94	85176.14
ko:K03686	139876.52	32009.6	186791.59000000003	128479.99	79724.67	136609.75	703142.05	99862.41	67106.93	144319.41
ko:K03687	77581.66	16832.46	96661.79999999999	67344.95000000001	49398.8	78228.94	469379.94000000006	66157.26999999999	40784.94	85175.14
ko:K03688	6557.53	2663.8	987.49	927.05	7290.1900000000005	3007.21	40796.09	8484.73	5061.280000000001	10880.77
ko:K03690	393.72	196.70999999999998	143.0	58.0	2495.11	11.57	1732.29	2286.71	737.42	1808.9999999999998
ko:K03692	0.0	3.0	0.0	0.0	0.0	0.0	14.0	0.0	5.0	0.0
ko:K03693	415.8	102.0	242.6	366.8	1102.0	1875.57	29243.949999999997	1355.25	1166.35	2623.25
ko:K03694	17514.03	1894.2	59579.17	15975.43	15672.150000000001	17152.65	24056.82	7612.96	7636.71	17120.87
ko:K03695	84208.08	18022.54	103837.98000000001	64928.259999999995	48645.33	53394.1	187419.14	54887.39	44605.77	87426.89
ko:K03696	103620.94	25362.06	116731.42	87100.14000000001	54762.17	91039.56	526089.68	76311.35	57516.509999999995	114644.48999999999
ko:K03697	20487.16	6158.82	10076.42	18732.83	8948.42	27382.97	189277.0	13813.25	11357.85	24563.0
ko:K03698	25647.39	7650.860000000001	19273.96	11675.02	7163.620000000001	27180.660000000003	172200.7	11857.030000000002	11253.83	24801.42
ko:K03699	97377.65000000001	17838.63	92223.3	95710.5	64084.73	101768.37	532469.98	90711.0	53287.92	117667.23000000001
ko:K03700	15420.969999999998	4191.15	14401.79	10712.69	3822.79	9131.03	57123.13999999999	6923.77	8879.8	19237.02
ko:K03701	112868.85	24025.32	168609.15	106557.77	80260.58	113633.18	583248.49	100744.67	63550.95	134406.47
ko:K03702	78686.06	16967.46	96808.79999999999	67352.95000000001	48272.8	77885.34000000001	469494.94	66413.17	41191.340000000004	85297.34
ko:K03703	77681.66	16823.39	96678.94	67668.95000000001	48231.810000000005	77897.58	469896.84	66282.81	40882.3	85282.20999999999
ko:K03704	31878.800000000003	7818.38	21324.96	15326.62	29124.410000000003	11019.239999999998	94693.07999999999	35692.94	22243.260000000002	53505.28
ko:K03705	43348.31	12691.380000000001	27687.72	31274.27	15707.810000000001	45564.67	376773.89	33010.78	22357.16	45795.54
ko:K03706	13169.21	4094.1800000000003	14608.369999999999	10043.43	2704.6	8488.67	58996.84	7011.89	11607.76	22065.27
ko:K03707	1869.7999999999997	297.99	2745.83	3953.37	3184.9300000000003	2183.52	7572.3	2696.0	1095.75	2937.33
ko:K03708	12224.810000000001	3389.72	6820.02	13490.96	7461.09	31816.630000000005	315241.93	18037.7	5685.77	10053.75
ko:K03709	5023.4800000000005	1115.08	1031.72	1497.47	5489.58	3654.46	38187.7	4753.77	3746.42	5399.33
ko:K03710	37661.07000000001	13595.25	15403.61	15928.05	18785.83	14931.7	118248.58	23355.640000000003	24911.46	67582.9
ko:K03711	123598.34	21029.67	230619.89	137250.5	78106.39	136655.02000000002	748923.29	111541.62	54374.03	107956.74
ko:K03712	388.72	193.70999999999998	141.0	58.0	2379.11	11.57	1719.79	2196.71	822.4200000000001	1808.9999999999998
ko:K03713	415.8	102.0	251.6	400.8	1102.0	1882.6899999999998	29265.949999999997	1355.25	1166.35	2626.25
ko:K03715	0.0	0.0	0.0	0.0	0.0	0.0	7.0	0.0	5.0	0.0
ko:K03716	844.99	112.38	585.95	1681.76	944.7900000000001	1482.37	9416.54	937.62	1631.1599999999999	2956.36
ko:K03717	720.72	338.71	246.0	143.0	1420.86	57.57	2574.79	2239.71	685.4200000000001	1814.9999999999998
ko:K03718	50229.630000000005	5552.09	128635.92	68764.86	49036.649999999994	60361.439999999995	138979.13	47413.84	24379.800000000003	48495.74
ko:K03719	37250.96	13037.59	55237.600000000006	47223.44	23995.16	28204.329999999994	81726.26000000001	26543.89	22014.120000000003	42700.17
ko:K03720	386.72	193.70999999999998	1238.83	146.0	1298.86	42.57	1770.79	2467.71	686.4200000000001	1808.9999999999998
ko:K03721	563.7199999999999	209.80999999999997	1159.23	170.0	3577.7599999999998	144.57	5964.79	3250.71	724.4200000000001	1912.9999999999998
ko:K03722	24509.870000000003	12048.88	11190.34	12561.2	12190.05	12234.420000000002	98974.0	15557.06	18323.29	48452.35
ko:K03723	77272.16	16510.13	96645.79999999999	67304.95000000001	45365.600000000006	77323.61000000002	467912.01000000007	64640.83	39884.020000000004	85169.81
ko:K03724	1907.85	561.85	4566.610000000001	1797.75	5435.889999999999	1683.7400000000002	11734.48	3619.63	3044.6800000000003	12041.619999999999
ko:K03725	0.0	0.0	0.0	0.0	20.0	0.0	0.0	0.0	0.0	0.0
ko:K03726	546.0	55.0	88.0	0.0	312.0	83.0	812.0	290.0	249.0	303.0
ko:K03727	52.75	39.33	76.92	124.42	1386.9699999999998	32.0	3245.02	842.4200000000001	167.25	822.2
ko:K03731	7.0	6.0	33.0	61.0	16.0	33.0	237.0	150.0	6.0	0.0
ko:K03732	1330.7199999999998	331.71	1216.83	198.0	2711.11	125.57	2585.79	2843.21	1261.42	2441.0
ko:K03733	74252.78	14419.83	96394.55000000002	73656.29	50289.420000000006	64951.240000000005	285117.79000000004	52674.95	40836.590000000004	79712.19
ko:K03734	89429.41	18923.62	99127.44	67342.75	55407.94	88734.83	483987.77999999997	77082.07	48935.73	98978.57999999999
ko:K03735	1943.0	640.1199999999999	394.2	327.32	4389.110000000001	903.13	3916.79	3188.709999999999	1568.92	3683.4299999999994
ko:K03736	1943.0	640.1199999999999	482.2	327.32	4371.110000000001	893.13	3880.79	3188.709999999999	1644.92	3846.43
ko:K03737	77097.14	17163.17	92255.27	70946.32	45980.33	77446.95000000001	442917.36	66182.67000000001	37797.04	76301.54000000001
ko:K03738	10161.369999999999	1180.79	4066.86	2758.16	3391.36	2869.07	10361.5	6792.07	4578.93	9723.92
ko:K03739	1910.8	151.8	1799.6	791.4699999999999	828.7	1989.0	37591.95	1468.92	1404.6	2895.25
ko:K03740	1309.8	119.8	1639.6	510.14	922.7	1880.0	29539.949999999997	1420.5900000000001	1209.6	2654.25
ko:K03741	23707.95	5463.92	9836.869999999999	45454.43	21445.690000000002	29556.98	70373.35999999999	13392.380000000001	14984.92	23274.97
ko:K03742	72551.13	16095.51	95116.79000000001	74806.26000000001	47560.82	78521.36	464969.56	64056.5	43832.27	84061.61
ko:K03743	75225.94	16208.05	95594.20999999999	75005.68000000001	48616.729999999996	78212.11000000002	471205.71	66063.45999999999	45527.770000000004	95735.48000000001
ko:K03744	47973.090000000004	5555.9	75110.75	45118.39	38784.409999999996	47357.69	309948.82	47033.19	25963.250000000004	63814.26
ko:K03745	4192.719999999999	360.71	1216.83	198.0	2793.11	125.57	2588.29	3352.71	1261.42	3383.0
ko:K03746	2345.44	511.91999999999996	1303.83	199.0	2768.72	103.81	3606.2499999999995	4774.59	1866.8400000000001	6077.0
ko:K03747	387.72	196.70999999999998	141.0	53.0	1395.86	11.57	1722.29	2198.21	681.4200000000001	1808.9999999999998
ko:K03748	6277.219999999999	2169.24	2146.88	1199.5	8522.349999999999	19020.899999999998	108213.91999999998	6541.63	3141.6899999999996	3906.5299999999997
ko:K03749	720.72	248.20999999999998	57383.67	58.0	2477.11	8846.4	3153.96	2391.21	693.4200000000001	1808.9999999999998
ko:K03750	14407.060000000001	2095.38	5938.1900000000005	4082.02	6796.24	4089.1800000000003	25865.99	9335.93	7209.32	20656.34
ko:K03752	6407.18	1094.76	3407.42	1471.56	5425.92	1329.71	7894.18	4078.8999999999996	2695.17	7206.49
ko:K03753	9928.22	1456.79	5791.77	3506.19	3789.4700000000003	3922.71	14549.130000000001	7415.25	4471.0	9903.64
ko:K03755	386.43	193.70999999999998	133.86	50.0	1298.86	11.57	1582.0	2185.57	375.43	129.42
ko:K03756	3716.9300000000003	677.71	1353.9099999999999	3987.13	2973.9400000000005	22101.079999999998	303816.31	25511.55	2118.17	7715.569999999999
ko:K03757	1166.16	581.13	509.52000000000004	343.0	7140.99	78.39	5025.58	6625.33	1775.27	3748.85
ko:K03758	4347.719999999999	409.71	293.6	216.8	4563.36	171.13	6645.5599999999995	4025.209999999999	1050.42	2200.0
ko:K03759	775.1500000000001	387.41999999999996	321.69000000000005	194.0	3679.7999999999997	44.980000000000004	3310.79	4403.45	1085.8500000000001	1938.4199999999998
ko:K03760	7344.4400000000005	1453.92	5004.0	2287.0	9526.550000000001	4645.9800000000005	38720.92	14558.76	8606.84	18363.0
ko:K03761	394.72	196.70999999999998	143.0	70.8	3606.359999999999	22.25	3491.3900000000003	2461.71	814.42	1815.9999999999998
ko:K03762	1107.94	415.41999999999996	459.0	472.55	8635.77	166.01	10427.28	5472.42	2464.09	5923.2
ko:K03763	52171.9	15695.78	36171.3	37850.009999999995	15067.44	62045.57	542419.57	48055.560000000005	27790.71	54024.14
ko:K03764	386.72	193.70999999999998	1126.83	146.0	1298.86	42.57	1770.79	2456.71	686.4200000000001	1808.9999999999998
ko:K03765	386.72	193.70999999999998	133.86	50.0	1296.43	11.57	1576.57	2183.14	404.43	130.85
ko:K03767	9791.82	2369.74	4545.0	3601.05	11386.010000000002	21914.25	177978.22999999998	18023.87	10965.37	25643.199999999997
ko:K03768	100272.31	22918.829999999998	162498.61	90744.45000000001	65166.03999999999	94837.04999999999	435310.29000000004	83741.63	54824.72	111970.62
ko:K03769	16131.499999999998	2431.8	2466.88	2748.5600000000004	8866.83	3502.03	42106.76	7003.960000000001	4180.8099999999995	13409.79
ko:K03770	43728.26	7139.2300000000005	77228.75	42562.01	42438.96	53294.939999999995	231152.28	40854.73	22469.02	47090.43
ko:K03771	65239.71000000001	9206.57	143850.17	75472.19	62022.70999999999	81939.70000000001	278791.04000000004	56854.329999999994	30445.71	63565.2
ko:K03772	57466.270000000004	6796.289999999999	200417.66999999998	71465.86	54782.64	73020.79999999999	179320.12	61340.22	31575.8	62909.97000000001
ko:K03773	73177.51	8124.459999999999	266806.59	102222.04000000001	74700.39000000001	99680.72	193345.03999999998	69127.99	33424.16	65128.14
ko:K03774	417.72	203.70999999999998	143.0	58.0	2504.11	16.57	1807.79	2405.71	740.42	1832.0
ko:K03775	29398.85	3496.68	68556.22	36251.68	29173.0	31667.58	87203.62	30687.69	16470.47	33781.34
ko:K03776	389.43	208.70999999999998	141.0	58.0	2761.11	11.57	2658.79	2199.71	691.4200000000001	1847.57
ko:K03777	390.72	199.70999999999998	153.0	53.0	1508.86	11.57	1750.79	2299.21	723.4200000000001	1808.9999999999998
ko:K03778	48725.06	12573.3	18515.6	29889.68	28364.579999999998	29413.92	124915.50000000001	30408.04	33678.61	68008.35
ko:K03779	6153.02	1496.1100000000001	5535.04	4825.13	2227.29	3624.9800000000005	10555.32	4183.71	3384.58	3880.05
ko:K03780	5854.02	1514.91	5518.04	4870.13	2235.69	3502.38	9947.92	4253.21	3405.98	4015.25
ko:K03781	14575.119999999999	1837.52	1282.38	28086.13	17408.59	6682.849999999999	27116.469999999998	14867.46	5864.71	12895.09
ko:K03782	405.72	196.70999999999998	141.0	53.0	1434.86	99.13999999999999	2605.29	2267.21	578.4200000000001	1819.9999999999998
ko:K03783	58521.93000000001	11859.09	84854.16	50116.509999999995	35131.71	59652.43000000001	273411.97000000003	46117.65	32363.620000000003	68938.14000000001
ko:K03784	29537.71	7663.79	17093.23	20677.65	14029.36	15937.15	86720.18	20482.53	19247.25	36452.89
ko:K03785	23456.559999999998	7289.7699999999995	9351.630000000001	9049.53	8517.46	11172.900000000001	96687.41	15379.16	10959.57	23884.329999999998
ko:K03786	51749.880000000005	8547.349999999999	89843.70000000001	56350.92999999999	41548.03	59354.02	252250.28000000003	42312.479999999996	32307.02	66228.94
ko:K03787	38330.27	5737.38	69578.27	37823.74	31740.429999999997	43508.34	243932.02999999997	43293.44	19439.87	35192.72
ko:K03788	386.72	193.70999999999998	1126.83	146.0	1298.86	42.57	1770.79	2456.71	686.4200000000001	1808.9999999999998
ko:K03789	36719.62	9980.400000000001	24349.88	24380.27	17909.32	31753.82	233209.53	19252.51	17363.75	39177.46000000001
ko:K03790	33516.06	10214.060000000001	20594.9	20817.25	14749.78	37005.67	251802.29	21259.699999999997	21146.77	38949.25
ko:K03791	3.0	0.0	1643.67	5.0	1080.25	2089.83	287.17	38.0	10.0	8.43
ko:K03793	389.72	193.70999999999998	141.0	58.0	2379.11	11.57	1729.29	2196.71	685.4200000000001	1808.9999999999998
ko:K03794	71.0	7.05	0.0	34.0	711.2	7.69	23.5	5.5	0.0	0.0
ko:K03795	557.0	327.38	0.0	53.0	2975.2	611.45	2409.33	1636.3400000000001	898.67	6.33
ko:K03796	3317.72	234.70999999999998	161.0	91.0	1314.86	44.57	1853.79	2721.21	683.4200000000001	2751.0
ko:K03797	131627.59	22306.14	228289.0	127335.06	102387.66	139964.32	603865.6399999999	118712.0	68899.55	138011.47999999998
ko:K03798	128252.54000000001	33143.32	133204.81	106911.8	58773.490000000005	103101.07999999999	573301.81	95626.20000000001	67572.72	143783.65999999997
ko:K03799	10157.650000000001	2521.4300000000003	5454.93	5326.18	11145.66	22070.99	198236.56999999998	19627.72	8938.960000000001	18664.22
ko:K03800	24981.489999999998	4966.65	7394.91	12546.740000000002	21363.22	10106.29	71846.92000000001	22687.39	7635.2	18913.120000000003
ko:K03801	26863.699999999997	3626.01	3305.5	35408.1	30284.03	20842.18	76966.28	25188.72	17844.78	34384.6
ko:K03802	130.33	23.55	53.0	23.0	772.09	87.0	2163.57	116.78	2216.0	307.0
ko:K03803	42074.509999999995	7026.849999999999	68401.06000000001	41104.009999999995	36000.670000000006	34054.06999999999	106171.61	35110.02	20143.64	38163.34
ko:K03804	386.72	193.70999999999998	1126.83	146.0	1298.86	42.57	1770.79	2458.71	686.4200000000001	1808.9999999999998
ko:K03805	4046.72	597.21	255.83	144.0	2472.94	114.08000000000001	1790.9599999999998	2261.05	1755.42	6716.43
ko:K03806	1938.7199999999998	321.21	2185.4900000000002	330.0	2542.94	145.08	1873.4599999999998	2840.0499999999997	1282.4199999999998	4262.0
ko:K03807	388.72	193.70999999999998	141.0	58.0	2379.11	11.57	1719.79	2196.71	685.4200000000001	1808.9999999999998
ko:K03808	795.44	393.41999999999996	1267.83	209.0	4864.22	54.14	3518.58	4658.42	1398.8400000000001	3623.9999999999995
ko:K03809	488.72	212.70999999999998	163.0	132.0	4224.36	265.7	2049.29	2609.21	1211.42	2344.0
ko:K03810	744.19	260.03999999999996	408.6	255.66000000000003	1341.86	561.5699999999999	2439.46	2914.04	865.4200000000001	2294.33
ko:K03811	25179.620000000003	3516.5099999999998	35140.86	28220.93	27281.490000000005	29349.05	112787.88999999998	29422.95	17368.54	33868.32
ko:K03812	388.43	193.70999999999998	141.0	58.0	2379.11	11.57	1719.29	2196.71	652.4200000000001	1807.57
ko:K03813	2127.0	191.5	1114.6599999999999	260.0	370.83	190.51	951.6700000000001	601.84	716.0	2610.0
ko:K03814	24410.25	2535.55	67925.75	19783.68	23657.86	28597.33	51359.55	20548.31	9878.11	21663.27
ko:K03815	1933.7199999999998	318.21	221.83	144.0	2426.94	83.08000000000001	1758.4599999999998	2235.55	1187.42	4262.0
ko:K03816	52453.259999999995	13875.84	82052.72	58198.03	18420.91	64833.95	373949.55000000005	43509.94	21931.35	52656.81
ko:K03817	4753.72	832.71	728.0	923.3	8392.61	6360.2699999999995	40815.19	6848.209999999999	6072.42	13311.0
ko:K03818	2568.71	1277.03	34141.0	1146.4299999999998	5836.009999999999	9151.48	10130.41	4544.35	4439.38	6050.7699999999995
ko:K03819	386.72	193.70999999999998	141.0	53.0	1298.86	11.57	1719.79	2196.71	681.4200000000001	1807.57
ko:K03820	11525.470000000001	1792.87	1934.08	2879.17	11724.36	3339.91	41709.61	16584.059999999998	9974.09	18467.579999999998
ko:K03821	1009.0	173.33	2.0	61.0	3603.5	34.13	587.83	170.0	80.0	41.0
ko:K03822	0.0	0.0	0.0	0.0	4.0	0.0	0.0	0.0	0.0	0.0
ko:K03823	53083.979999999996	13664.92	36463.729999999996	56949.91	27850.089999999997	36674.59	182152.04	45820.44	33748.0	66255.0
ko:K03824	2428.72	393.71	283.0	101.0	3916.359999999999	162.7	2707.19	2608.21	1517.4199999999998	4572.43
ko:K03825	721.25	391.71	259.5	245.0	2544.11	988.5699999999999	3766.79	2382.21	1336.52	3875.0
ko:K03826	18923.690000000002	6315.16	13747.82	8389.58	4563.0599999999995	6941.3099999999995	30431.04	11368.32	10136.52	20875.22
ko:K03827	59742.95999999999	7183.259999999999	12124.169999999998	57759.020000000004	57398.63	39757.6	131228.9	48731.369999999995	29494.87	58282.74
ko:K03828	393.72	193.70999999999998	191.0	91.0	1413.86	44.57	1853.79	2291.71	713.4200000000001	1808.9999999999998
ko:K03829	0.58	0.0	0.0	34.0	103.0	3.56	1.0	4.0	137.0	2.86
ko:K03830	9634.57	2587.53	998.36	4539.99	6217.280000000001	8487.75	14586.83	8286.07	7262.620000000001	18329.449999999997
ko:K03831	2161.72	463.21	1359.4899999999998	408.0	1454.52	181.92000000000002	2664.46	2558.72	1228.42	4262.0
ko:K03832	122540.2	12054.509999999998	422923.0	128349.45	100885.22	139276.47999999998	554341.27	104315.45999999999	63952.46	148968.80000000002
ko:K03833	5972.719999999999	2283.69	2729.4700000000003	1893.67	4021.7200000000003	2184.6099999999997	16955.89	5784.7699999999995	3226.9300000000003	10317.52
ko:K03834	1901.16	707.13	2447.3499999999995	347.0	5270.33	179.71	5933.58	7392.99	2196.27	4211.85
ko:K03835	1469.44	503.41999999999996	1260.69	201.0	3966.97	137.14	4162.79	4936.28	1509.8500000000001	2402.85
ko:K03836	774.86	387.41999999999996	274.86	108.0	3675.54	23.14	3295.86	4377.849999999999	919.85	1936.99
ko:K03837	386.72	193.70999999999998	1126.83	146.0	1303.86	42.57	2628.79	2466.71	969.42	2132.0
ko:K03838	386.43	193.70999999999998	141.0	53.0	1298.86	11.57	1719.79	2192.71	573.4200000000001	1807.57
ko:K03839	37395.5	4399.3	68982.6	40525.93	35102.909999999996	34567.509999999995	113718.45000000001	35265.91	19093.61	43163.17
ko:K03840	386.72	193.70999999999998	141.0	53.0	1298.86	11.57	1719.79	2196.71	681.4200000000001	1808.9999999999998
ko:K03841	3698.3199999999997	620.4100000000001	1445.6599999999999	766.0	3958.5400000000004	575.6800000000001	3499.3599999999997	3104.45	1803.4199999999998	4888.0
ko:K03851	3126.04	1411.63	501.29999999999995	7513.06	670.9	1185.1	5365.75	2966.4	813.8	2499.9
ko:K03852	201.0	66.0	0.0	0.0	97.0	0.0	0.0	0.0	0.0	0.0
ko:K03855	1058.3600000000001	404.11999999999995	747.8	266.33	2751.35	116.48	4853.75	4497.8099999999995	798.61	420.84
ko:K03856	41305.22	12834.300000000001	23726.34	25946.29	14320.68	31820.57	186160.08	23596.840000000004	23209.989999999998	50913.270000000004
ko:K03857	0.0	0.0	0.0	0.0	0.0	0.0	0.0	83.0	32.0	0.0
ko:K03862	2.0	0.0	0.0	5.0	1086.25	0.0	14.0	0.0	0.0	0.0
ko:K03863	12.29	0.0	4.0	5.0	1121.25	0.0	25.5	99.0	105.0	1.43
ko:K03885	22562.83	1809.8899999999999	68018.27	8799.080000000002	24798.02	20060.57	37279.59	14598.82	8811.81	16892.370000000003
ko:K03886	7.0	0.0	20.0	72.0	642.0	37.13	149.0	12.0	0.0	0.0
ko:K03887	0.0	0.0	0.0	34.0	630.0	4.13	15.0	0.0	0.0	0.0
ko:K03888	0.0	0.0	0.0	34.0	626.0	4.13	15.0	0.0	0.0	0.0
ko:K03889	0.0	0.0	0.0	0.0	43.0	10.0	896.0	1.5	3.0	0.0
ko:K03890	0.0	0.0	0.0	0.0	43.0	10.0	896.0	1.5	3.0	0.0
ko:K03891	0.0	0.0	0.0	0.0	47.0	10.0	896.0	4.5	3.0	0.0
ko:K03892	23359.87	7541.990000000001	5139.710000000001	9115.69	7923.84	16368.56	188629.78999999998	19955.97	11959.25	21141.29
ko:K03893	658.29	103.0	249.14	49.8	2439.6800000000003	14.81	202.82	116.57	311.99	1773.5800000000002
ko:K03894	0.0	0.0	0.0	0.0	0.0	0.0	0.5	83.0	47.0	0.0
ko:K03895	0.0	0.0	0.0	0.0	21.0	10.0	38.5	83.0	47.0	0.0
ko:K03896	2.0	0.0	0.0	5.0	1080.25	0.0	0.5	83.0	32.0	0.0
ko:K03897	0.0	0.0	0.0	0.0	141.0	27.69	83.5	83.0	52.0	0.0
ko:K03918	5.6	0.0	0.0	0.0	25.0	10.0	38.0	0.0	0.0	0.0
ko:K03919	386.72	196.70999999999998	141.0	53.0	1395.86	11.57	1719.79	2196.71	690.4200000000001	1808.9999999999998
ko:K03921	0.0	0.0	0.0	0.0	58.0	20.0	76.0	1.5	0.0	0.0
ko:K03923	3154.72	391.21	1308.49	375.0	2490.77	203.48000000000002	2010.2099999999998	2571.47	1784.4199999999998	6722.75
ko:K03924	101429.37	18891.93	183800.90999999997	107525.06	82882.54	97793.6	311931.44	64054.18	56127.10999999999	106118.97999999998
ko:K03925	63375.850000000006	15118.279999999999	89449.13	38824.14	36963.0	64041.659999999996	380754.77999999997	40633.28	32764.4	69952.43
ko:K03926	1442.2199999999998	338.71	515.0	100.0	1709.86	94.57	2541.29	2538.21	1210.42	2524.9999999999995
ko:K03928	9251.36	796.06	3195.68	2410.16	3081.93	854.67	3155.87	2169.7200000000003	3404.0299999999997	13427.289999999999
ko:K03929	14194.449999999999	4236.51	71450.14	3988.3	3636.0299999999997	13881.34	16398.7	4441.91	3780.99	12640.98
ko:K03930	10501.42	4348.67	10213.09	7995.33	3130.75	6979.889999999999	54122.99	5743.24	8314.85	16600.0
ko:K03931	18959.99	2368.69	2647.53	15104.86	16259.23	10212.56	20025.82	6094.74	9718.01	18914.16
ko:K03932	3282.1	489.2	179.5	1295.5	4867.35	1274.1	5176.4	2881.8999999999996	5063.0	9246.0
ko:K03933	11.0	0.0	20.0	82.0	2176.5	33.0	197.0	157.5	4.0	0.0
ko:K03969	5196.66	1573.53	6867.75	8802.0	4436.21	5472.85	19974.42	6782.610000000001	4503.21	5717.49
ko:K03970	386.72	193.70999999999998	141.0	53.0	1298.86	11.57	1719.79	2196.71	681.4200000000001	1808.9999999999998
ko:K03971	386.72	193.70999999999998	141.0	53.0	1298.86	11.57	1719.79	2196.71	681.4200000000001	1808.9999999999998
ko:K03972	2086.4300000000003	579.97	1211.66	287.67	1346.47	700.05	3321.5699999999997	4203.13	1838.46	2596.25
ko:K03973	38428.96	5295.41	12143.429999999998	41557.35	33854.329999999994	44266.299999999996	212226.23	42783.130000000005	24228.410000000003	46975.47000000001
ko:K03974	571.72	213.51	167.0	95.0	1344.06	153.57	1819.79	2363.71	681.4200000000001	1929.9999999999998
ko:K03975	23832.6	2920.63	2139.86	10624.91	21987.550000000003	12078.82	69837.69	24156.32	13348.460000000001	33092.04
ko:K03976	69535.16	14928.66	30241.13	67245.95000000001	45679.90000000001	51963.11	362871.17	63644.17	38552.94	82943.14
ko:K03977	77923.99	16952.46	96762.29999999999	67441.95000000001	48216.600000000006	77961.94	470221.34	66218.17	40846.94	85326.14
ko:K03978	76778.41	16431.800000000003	96568.88	67157.53	44070.630000000005	77225.61	464618.99000000005	63602.41	39704.020000000004	84326.61
ko:K03979	77612.66	16810.46	96645.79999999999	67334.95000000001	48196.600000000006	77874.94	469349.34	66169.17	40784.94	85176.14
ko:K03980	8697.82	1302.4899999999998	2288.59	1597.0900000000001	9530.539999999999	1613.35	23781.33	8065.070000000001	6830.18	12986.009999999998
ko:K03981	3241.72	394.21	1245.6599999999999	237.0	2609.94	145.08	1857.4599999999998	2707.0499999999997	1874.42	6715.0
ko:K04013	386.43	193.70999999999998	1119.69	143.0	1298.86	42.57	1633.0	2445.57	380.43	129.42
ko:K04014	5081.43	515.71	1309.69	143.0	2026.86	306.57	3450.5	3298.5699999999997	2410.4300000000003	7944.42
ko:K04015	1600.4299999999998	266.71	1153.69	143.0	1344.86	73.57	1665.0	2465.57	915.4300000000001	2582.42
ko:K04016	1618.9299999999998	266.71	1153.69	143.0	1344.86	73.57	1665.0	2465.57	915.4300000000001	2582.42
ko:K04017	404.93	193.70999999999998	133.86	50.0	1298.86	11.57	1582.0	2185.57	375.43	129.42
ko:K04018	404.93	193.70999999999998	1119.69	143.0	1298.86	42.57	1633.0	2445.57	380.43	129.42
ko:K04019	962.7099999999999	544.1199999999999	387.06	306.32	2705.8599999999997	646.13	2086.5	2558.0699999999997	712.4300000000001	1381.85
ko:K04020	875.4300000000001	241.70999999999998	133.86	50.0	1587.86	94.57	2392.0	2475.5699999999997	548.4300000000001	270.85
ko:K04021	894.51	241.70999999999998	133.86	50.0	1590.29	94.57	2397.43	2482.0	548.4300000000001	272.28
ko:K04022	386.72	193.70999999999998	141.0	53.0	1298.86	11.57	1719.29	2192.71	544.4200000000001	1808.9999999999998
ko:K04023	3841.31	1879.3700000000001	598.06	430.32	2200.3599999999997	1174.57	6054.549999999999	5227.57	1188.43	2871.8500000000004
ko:K04024	1666.06	439.79	458.06	182.49	1675.06	400.47	5911.0	3400.5699999999997	789.3299999999999	882.05
ko:K04025	386.43	193.70999999999998	133.86	50.0	1298.86	11.57	1582.0	2185.57	375.43	130.85
ko:K04026	971.7099999999999	558.1199999999999	408.06	317.32	2705.8599999999997	723.5699999999999	2184.5	2653.5699999999997	726.9300000000001	1407.85
ko:K04027	1622.4499999999998	634.2	559.86	446.48	3172.8599999999997	1362.07	6730.9	4129.07	1071.93	2033.8500000000001
ko:K04028	5061.4	2080.92	1088.66	1123.65	4160.15	1707.47	16259.42	5573.349999999999	2211.33	3980.55
ko:K04029	6623.33	2225.83	1071.52	711.3199999999999	5072.92	1346.04	18747.75	7849.14	2364.76	2990.4
ko:K04030	1079.71	352.12	208.26000000000002	217.32	1531.86	810.5699999999999	4998.9	3197.0699999999997	719.4300000000001	1448.85
ko:K04031	8695.83	2715.83	1317.77	953.6499999999999	6044.919999999999	1912.04	20269.5	8323.64	2767.01	4449.4
ko:K04032	1759.71	604.1199999999999	366.06	285.32	3283.8599999999997	808.5699999999999	3681.5	3128.0699999999997	1053.43	1661.85
ko:K04033	387.43	196.70999999999998	133.86	50.0	1301.86	11.57	1612.5	2185.57	379.43	130.85
ko:K04034	11973.61	3780.5800000000004	8624.67	5071.83	2528.7	3085.17	24606.69	6216.04	6770.31	14135.119999999999
ko:K04036	0.0	0.0	0.0	0.0	0.0	0.0	0.0	1.5	0.0	0.0
ko:K04037	0.0	0.0	0.0	0.0	0.0	0.0	59.25	1.5	6.0	7.0
ko:K04038	0.0	0.0	0.0	0.0	0.0	0.0	0.0	1.5	0.0	0.0
ko:K04039	0.0	0.0	0.0	0.0	0.0	0.0	0.0	1.5	0.0	0.0
ko:K04040	0.0	0.0	0.0	0.0	0.0	0.0	0.0	3.0	0.0	0.0
ko:K04041	47245.01	10842.82	84145.36000000002	53854.03	23051.41	39178.51	107789.71	28233.739999999998	24093.33	53237.59
ko:K04042	35207.850000000006	8946.08	19199.95	30095.809999999998	16796.379999999997	39913.850000000006	361817.30000000005	32303.98	17938.33	41549.69
ko:K04043	93366.71999999999	21500.42	107097.4	78708.75	50853.869999999995	86598.94	526954.22	73083.79999999999	50985.07	103505.14
ko:K04044	1938.7199999999998	321.21	1209.6599999999999	237.0	2546.94	114.08000000000001	1822.4599999999998	2589.5499999999997	1306.4199999999998	4262.0
ko:K04045	1605.4299999999998	247.70999999999998	4285.110000000001	1964.5	1506.43	1156.5700000000002	7977.57	3027.14	3255.4300000000003	8687.85
ko:K04046	389.72	196.70999999999998	141.0	58.0	2473.11	11.57	1729.29	2202.21	690.4200000000001	1808.9999999999998
ko:K04047	21735.72	2224.04	3358.85	11219.890000000001	23757.58	23032.309999999998	212805.76	24681.9	8255.17	21092.65
ko:K04053	0.0	0.0	0.0	0.0	94.0	0.0	0.0	0.0	0.0	0.0
ko:K04054	0.0	0.0	0.0	0.0	94.0	0.0	7.0	0.0	0.0	0.0
ko:K04056	546.0	55.0	88.0	0.0	292.0	83.0	812.0	290.0	524.0	626.0
ko:K04058	546.0	55.0	88.0	0.0	386.0	83.0	812.0	290.0	528.0	626.0
ko:K04059	546.0	55.0	88.0	0.0	386.0	83.0	812.0	290.0	524.0	626.0
ko:K04061	9545.599999999999	1058.78	12496.95	9332.66	2769.4400000000005	5096.97	16777.1	2948.4800000000005	6656.700000000001	13761.3
ko:K04062	387.72	196.70999999999998	2112.66	239.0	1395.86	73.57	1838.29	2716.71	706.4200000000001	1808.9999999999998
ko:K04063	1021.72	253.70999999999998	229.0	105.0	2769.11	94.57	2594.79	2626.21	1209.42	2435.0
ko:K04064	388.72	193.70999999999998	141.0	58.0	2379.11	11.57	1726.79	2196.71	681.4200000000001	1808.9999999999998
ko:K04065	734.0100000000001	270.51	141.0	105.0	2462.31	11.57	1743.29	2200.71	994.42	2133.43
ko:K04066	77812.08	16946.79	103214.80000000002	67415.61	48209.600000000006	78324.94	473822.01	66692.5	41530.94	89727.47
ko:K04067	386.72	193.70999999999998	1126.83	146.0	1298.86	42.57	1770.79	2456.71	686.4200000000001	1808.9999999999998
ko:K04068	78450.37	16299.92	99881.87	73155.31	44685.33	85369.06	487878.01	65929.64	44958.26	104649.04000000001
ko:K04069	102194.03	24805.61	220269.07	74481.76999999999	58466.06999999999	88022.17	359224.30000000005	66795.29999999999	58539.04000000001	121102.68
ko:K04070	39074.100000000006	11259.17	25989.5	28443.49	12459.14	42552.4	338376.6	28255.65	20480.8	43997.05
ko:K04072	23891.14	6622.2	14347.849999999999	21011.61	10106.47	30075.61	201217.41	15418.21	15498.93	25717.04
ko:K04073	54.29	2.8	0.0	36.0	670.2	30.0	142.0	35.5	34.0	35.43
ko:K04074	28176.059999999998	8009.070000000001	14110.939999999999	23271.129999999997	10759.85	40950.270000000004	376843.99999999994	28145.739999999998	15703.21	35046.729999999996
ko:K04075	79552.32	17666.71	97475.54999999999	67420.45000000001	47563.350000000006	95042.94	574929.34	67419.42	41023.94	86899.14
ko:K04076	1700.5	261.23	447.14	944.0	1169.19	789.77	13566.64	990.7	3006.36	1365.07
ko:K04077	77542.66	16785.260000000002	96660.79999999999	67392.95000000001	47820.8	77851.94	470251.34	66027.67	40787.94	85176.14
ko:K04078	79535.66	16817.260000000002	96439.79999999999	67334.95000000001	47067.8	77782.94	469255.84	66489.17	40798.44	85296.64
ko:K04079	75175.84	16469.54	95346.66	67000.53	48256.11000000001	49741.61	204251.99000000002	54866.07	42820.42	88072.51000000001
ko:K04080	388.72	196.70999999999998	141.0	58.0	2379.11	11.57	1719.79	2196.71	685.4200000000001	1808.9999999999998
ko:K04081	386.72	193.70999999999998	141.0	53.0	1298.86	11.57	1719.79	2196.71	681.4200000000001	1808.9999999999998
ko:K04082	1938.7199999999998	321.21	1209.6599999999999	237.0	2542.94	114.08000000000001	1822.4599999999998	2589.5499999999997	1277.4199999999998	4262.0
ko:K04083	48637.350000000006	13289.59	28596.460000000003	31442.850000000002	19249.28	46226.08000000001	376548.66000000003	36658.75	24356.0	50162.67
ko:K04084	33409.15	3696.95	68704.48	36004.68	31387.839999999997	31862.74	87756.42	31320.549999999996	18191.309999999998	36039.700000000004
ko:K04085	17852.32	4852.24	8854.14	7917.16	8887.539999999999	6875.95	26062.239999999998	12751.97	6036.83	14356.119999999999
ko:K04086	485.5	120.0	349.25	509.13	1111.0	1931.1299999999999	29360.0	1261.75	1194.6	2732.75
ko:K04087	10773.25	1615.56	5739.26	2259.0	5877.89	3098.3799999999997	32198.569999999996	5226.799999999999	4731.67	15564.95
ko:K04088	10355.45	1519.56	5530.66	1938.0	4321.64	1229.3799999999999	4280.719999999999	4057.05	3632.8200000000006	12985.2
ko:K04090	174.0	18.0	0.0	0.0	285.0	0.0	26.5	1.5	25.0	0.0
ko:K04091	395.01	196.70999999999998	143.0	97.0	4088.3599999999997	58.81	2893.79	2381.71	821.42	1810.4299999999998
ko:K04092	824.75	234.32999999999998	369.92	651.4200000000001	2435.97	3687.0	54367.02	3033.92	943.85	4741.2
ko:K04093	398.0	102.0	153.0	264.0	1796.25	1841.0	25570.0	1104.5	388.0	1954.0
ko:K04094	33559.149999999994	8999.720000000001	14527.78	20885.85	12828.64	38693.130000000005	346990.58	27192.649999999998	15663.099999999999	34214.72
ko:K04095	14486.130000000001	3780.15	12991.19	15325.22	10641.91	9044.02	39998.86	11282.59	12130.8	25490.72
ko:K04096	77028.66	17187.8	98570.97	84080.78	47449.84000000001	80916.94	472081.34	67033.68	41479.69	84045.89
ko:K04098	0.0	0.0	0.0	0.0	10.0	0.0	7.0	0.0	0.0	0.0
ko:K04099	0.29	0.0	0.0	0.0	3.0	0.0	0.0	87.0	90.0	1.43
ko:K04100	0.0	0.0	0.0	0.0	3.0	0.0	0.0	0.0	0.0	0.0
ko:K04101	0.0	0.0	0.0	0.0	6.0	0.0	0.0	84.5	61.0	0.0
ko:K04102	0.0	0.0	0.0	0.0	3.0	0.0	0.0	0.0	0.0	0.0
ko:K04103	0.29	0.0	7.140000000000001	3.0	20.43	0.0	143.22	17.57	305.99	1679.5800000000002
ko:K04107	229.0	142.0	105.0	90.0	8.0	46.0	843.0	38.0	0.0	0.0
ko:K04108	0.0	0.0	0.0	0.0	3.0	0.0	0.0	0.0	0.0	0.0
ko:K04110	0.0	0.0	0.0	0.0	97.0	0.0	0.0	0.0	0.0	0.0
ko:K04112	5080.0	628.0	1459.67	1624.0	767.0	1519.0	4254.0	2010.5	954.5	3867.0
ko:K04113	4975.0	600.0	1459.67	1605.0	767.0	1519.0	4242.0	2010.5	954.5	3867.0
ko:K04115	1214.0	73.0	34.0	0.0	46.0	31.0	32.0	20.0	535.0	2453.0
ko:K04116	466.43	201.70999999999998	215.69000000000003	165.0	1382.69	175.41	1723.5	2507.74	392.43	248.42
ko:K04117	772.86	387.41999999999996	267.72	100.0	2717.72	33.14	3202.0	4371.14	750.86	258.84
ko:K04118	1.0	0.0	0.0	0.0	0.0	0.0	2.5	0.0	0.0	0.0
ko:K04127	2.0	0.0	0.0	5.0	1080.25	0.0	0.0	1.5	4.0	0.0
ko:K04333	386.72	193.70999999999998	141.0	53.0	1298.86	11.57	1719.79	2200.71	681.4200000000001	1808.9999999999998
ko:K04334	386.43	193.70999999999998	141.0	53.0	1298.86	11.57	1719.79	2192.71	652.4200000000001	1807.57
ko:K04335	386.43	193.70999999999998	133.86	50.0	1298.86	11.57	1582.5	2187.57	483.43	129.42
ko:K04336	386.43	193.70999999999998	141.0	53.0	1301.86	11.57	1719.79	2194.71	652.4200000000001	1807.57
ko:K04337	386.43	193.70999999999998	141.0	53.0	1301.86	11.57	1719.79	2194.71	652.4200000000001	1807.57
ko:K04338	386.43	193.70999999999998	141.0	53.0	1301.86	11.57	1719.79	2194.71	652.4200000000001	1807.57
ko:K04342	22.25	23.0	38.25	40.0	1025.8	3.25	1935.35	694.75	89.0	290.2
ko:K04343	6.0	0.0	0.0	15.0	3334.75	4.13	7.0	3.0	29.0	0.0
ko:K04477	27615.739999999998	8269.330000000002	16930.82	47277.17	11645.33	38751.57	159227.47999999998	20699.99	19549.58	39916.14
ko:K04478	0.0	0.0	0.0	7.8	0.0	0.0	20.6	0.0	0.0	0.0
ko:K04480	22.0	0.75	5.0	307.0	35.0	21.0	95.5	23.5	73.0	107.0
ko:K04483	0.0	0.0	0.0	0.0	20.0	0.0	0.0	0.0	0.0	0.0
ko:K04484	0.0	0.0	0.0	0.0	20.0	0.0	0.0	0.0	0.0	0.0
ko:K04485	74612.16	15993.130000000001	95706.79999999999	67084.95000000001	41948.3	77329.61000000002	463008.11000000004	63935.93	39202.270000000004	80970.48000000001
ko:K04486	87828.39	17348.77	32390.86	49028.59	53097.84	57069.880000000005	308958.67000000004	41643.079999999994	35913.16	79828.74
ko:K04487	104009.87	29237.190000000002	65742.8	72028.6	40066.4	77001.35999999999	476418.36	52104.45	53992.28999999999	106511.79000000001
ko:K04488	48506.100000000006	14492.14	30887.11	32247.14	21430.95	46356.08	386542.55000000005	37895.74	24594.65	52783.47
ko:K04496	86.0	26.0	0.0	0.0	3.0	0.0	0.0	0.0	0.0	0.0
ko:K04516	33446.93	3367.5400000000004	67273.02	38191.68	27335.850000000006	33430.86	113846.01000000001	29354.25	16744.54	38927.020000000004
ko:K04517	47683.009999999995	12753.83	28103.54	30120.369999999995	24398.399999999998	36276.49	240802.40999999997	29225.019999999997	30420.39	64105.08
ko:K04518	70612.38	14557.63	94680.96	66145.05	41733.240000000005	76850.62	464342.48	60283.5	37928.99	79966.01999999999
ko:K04561	9.0	5.5	1041.08	158.32999999999998	1175.75	34.0	1062.25	277.5	41.75	24.0
ko:K04562	9376.7	1136.25	12439.75	9197.5	2269.44	4816.129999999999	12109.0	2153.98	8084.8	13125.6
ko:K04564	39321.69	5438.12	16492.22	49299.34	40325.03	28562.85	128753.43	40115.509999999995	22614.83	50824.31
ko:K04565	1915.4099999999999	571.64	1607.3	1412.0	1709.1	1259.81	17967.96	3720.9400000000005	2281.4300000000003	5329.59
ko:K04566	38.0	11.0	147.0	7.0	57.0	61.0	2021.0	397.5	96.0	147.0
ko:K04567	76807.38	17157.17	98701.73999999999	67864.45000000001	49661.86	78168.35	472936.91000000003	67842.98000000001	41120.369999999995	85257.98999999999
ko:K04568	577.7199999999999	208.70999999999998	1128.83	146.0	1338.86	42.57	1773.79	2553.21	733.42	1814.9999999999998
ko:K04618	13.0	0.0	122.0	11.0	5.0	74.0	21.0	36.0	37.0	41.0
ko:K04651	21793.53	6688.65	11895.26	10286.28	8447.04	10486.23	77801.33	18838.28	12924.16	29298.0
ko:K04652	27003.77	8152.87	16412.9	14699.95	7956.389999999999	13570.3	75752.79000000001	17973.63	13905.85	22575.75
ko:K04653	15054.15	2481.9799999999996	3102.44	1923.2399999999998	7268.73	4297.24	30288.449999999997	14422.439999999999	4855.26	13679.149999999998
ko:K04654	14758.39	2336.2699999999995	3058.31	1791.2399999999998	5949.040000000001	4294.16	30928.99	12639.89	3877.84	9591.58
ko:K04655	29325.83	7095.87	16351.059999999998	11758.9	7567.7699999999995	11112.39	57331.340000000004	18260.51	11449.29	25960.13
ko:K04656	12960.39	2112.2699999999995	2879.1099999999997	1784.2399999999998	5898.040000000001	4241.16	28611.99	12271.89	3867.84	9539.58
ko:K04691	1632.72	360.71	1238.83	241.0	3209.11	88.57	2626.29	2586.21	742.42	1808.9999999999998
ko:K04719	2.0	3.0	4.0	5.0	1632.25	13.56	45.0	1.5	9.0	0.0
ko:K04720	51189.22	11860.060000000001	23549.3	52250.32	24350.19	43032.95	260405.4	41004.31	25319.65	50639.520000000004
ko:K04739	18.0	0.0	0.0	0.0	9.0	0.0	0.0	5.0	0.0	6.0
ko:K04744	8240.32	1153.04	4263.91	2184.33	5985.9400000000005	11809.91	155225.54	16559.89	3305.8399999999997	8912.329999999998
ko:K04748	1176.6	234.2	233.0	632.8	2225.85	434.7300000000001	920.5	251.89999999999998	0.0	17.0
ko:K04749	10378.5	2262.3	1156.7199999999998	2504.14	4371.01	1567.44	11469.94	3879.0499999999997	2241.76	8480.27
ko:K04750	5830.72	294.46	154.0	2265.8	4262.36	80.7	2027.39	2632.21	1385.4199999999998	8930.0
ko:K04751	32306.72	7732.860000000001	110052.64	51513.22	21209.940000000002	39734.05	100928.0	22145.81	18708.36	37215.82
ko:K04752	5932.22	1851.4299999999998	2370.16	7712.17	3133.6400000000003	725.4100000000001	6213.46	4652.549999999999	2293.42	6642.5
ko:K04753	386.72	193.70999999999998	1126.83	146.0	1298.86	42.57	1770.79	2458.21	686.4200000000001	1808.9999999999998
ko:K04754	5823.72	497.21	1297.6599999999999	289.0	3925.189999999999	197.08	2641.46	3397.05	1811.4199999999998	5836.0
ko:K04755	1938.7199999999998	321.21	1209.6599999999999	251.0	2684.94	134.08	1898.4599999999998	2591.0499999999997	1280.4199999999998	4262.0
ko:K04756	0.0	0.0	0.0	14.0	116.0	0.0	7.0	1.5	8.0	20.0
ko:K04757	4114.6	765.6300000000001	910.3399999999999	1525.6399999999999	3742.31	2034.37	12474.3	4122.879999999999	693.36	4183.07
ko:K04758	108318.5	30651.25	61252.25	75000.66	38777.31	72950.07	469249.05	55292.979999999996	51259.95	111912.1
ko:K04759	130077.44	34235.73	122510.38999999998	98668.12	63727.79999999999	122064.97	651378.9299999999	84598.72	64496.13	136295.17
ko:K04760	2047.7199999999998	338.21	1209.6599999999999	237.0	2542.94	114.08000000000001	1822.4599999999998	2589.5499999999997	1277.4199999999998	4262.0
ko:K04761	27400.07	2659.26	11757.0	34907.58	27722.64	22178.36	77102.08	25894.75	13594.570000000002	29794.399999999998
ko:K04762	29392.85	3507.08	68559.75	35923.35	29263.46	31627.94	87868.29000000001	30556.22	16428.11	33752.27
ko:K04763	114375.22	29576.920000000002	118163.77	112016.89	76148.92	107333.94	556822.29	90667.27	69149.85	152857.22999999998
ko:K04764	28879.75	3122.38	68302.08	33325.18	22902.19	29563.17	53656.55	21550.989999999998	11173.78	22946.6
ko:K04765	1350.65	328.71	1233.33	209.0	2704.11	199.57	2607.79	2879.21	1298.42	2482.0
ko:K04766	0.0	0.0	0.0	47.8	689.0	28.13	43.6	10.0	0.0	0.0
ko:K04767	1962.8	480.05	3160.6	493.0	1703.2	1980.1299999999999	29566.02	1551.75	2495.85	6540.75
ko:K04768	712.0	116.0	88.0	88.8	949.0	87.13	847.6	298.0	524.0	632.0
ko:K04769	37624.69	11071.54	23249.09	28315.49	12029.73	32399.17	191261.02000000002	18658.71	19595.81	38617.619999999995
ko:K04770	392.72	193.70999999999998	1128.83	151.0	2398.11	42.57	1773.79	2546.71	737.42	1808.9999999999998
ko:K04771	90493.63	23689.78	112115.86000000002	52623.490000000005	39472.68	85804.02000000002	570312.5700000001	66192.03	49084.44	104523.95
ko:K04772	1503.16	636.63	1410.83	257.0	5204.33	65.71000000000001	5251.87	6955.63	2105.26	5427.0
ko:K04773	35907.35	4336.25	72144.28	38058.68	30773.29	43314.07	248351.62	44066.3	17428.86	35468.52
ko:K04774	392.72	193.70999999999998	1128.83	151.0	2419.11	52.57	1811.79	2546.71	737.42	1808.9999999999998
ko:K04775	386.72	193.70999999999998	141.0	53.0	1298.86	11.57	1719.79	2196.71	681.4200000000001	1808.9999999999998
ko:K04780	0.0	0.0	0.0	34.0	128.0	10.0	38.0	1.5	0.0	0.0
ko:K04781	0.0	0.0	0.0	0.0	4.0	0.0	0.0	0.0	29.0	0.0
ko:K04782	378.0	96.0	140.0	307.0	1645.25	1831.0	25483.0	1173.0	422.6	1965.0
ko:K04783	99.28999999999999	12.0	21.0	34.0	99.0	0.0	32.0	31.0	58.0	1.43
ko:K04784	1093.0	92.0	147.0	43.67	1118.25	15.0	1125.0	231.67000000000002	82.0	54.0
ko:K04785	0.0	0.0	0.0	0.0	0.0	0.0	0.0	0.0	29.0	0.0
ko:K04786	489.0	48.0	0.0	94.0	289.0	83.0	810.0	290.0	236.0	140.0
ko:K04787	0.0	0.0	0.0	0.0	4.0	0.0	0.0	0.0	0.0	0.0
ko:K04788	0.0	0.0	0.0	0.0	4.0	0.0	0.0	0.0	0.0	0.0
ko:K04794	5849.0	654.0	3703.0	2570.0	1365.0	2600.0	5383.0	3580.5	2597.33	4001.0
ko:K04795	0.0	0.0	0.0	0.0	20.0	0.0	0.0	0.0	0.0	0.0
ko:K04796	0.0	0.0	0.0	0.0	40.0	0.0	0.0	0.0	0.0	0.0
ko:K04797	0.0	0.0	0.0	0.0	20.0	0.0	0.0	0.0	0.0	0.0
ko:K04798	0.0	0.0	0.0	0.0	20.0	0.0	0.0	0.0	0.0	0.0
ko:K04799	0.0	0.0	0.0	0.0	20.0	0.0	0.0	0.0	0.0	0.0
ko:K04800	0.0	0.0	0.0	0.0	20.0	0.0	0.0	0.0	0.0	0.0
ko:K04801	0.0	0.0	0.0	0.0	20.0	0.0	0.0	0.0	0.0	0.0
ko:K04802	0.0	0.0	0.0	0.0	20.0	0.0	0.0	0.0	0.0	0.0
ko:K04835	490.6	16.0	17.0	12.0	15.0	0.0	121.0	93.0	0.0	1.43
ko:K04844	818.0	16.0	1370.0	75.0	80.0	46.0	21.9	280.0	28.0	34.0
ko:K04940	577.27	179.41	41.59	518.96	963.55	726.6700000000001	1772.5	1534.48	669.67	1662.0
ko:K05020	1483.4	117.0	109.6	507.6	1004.2	179.09	26771.299999999996	924.0	701.4	2172.2
ko:K05245	4459.43	1893.71	5047.860000000001	4534.0	1328.86	2943.5699999999997	7725.0	3625.5699999999997	3259.4300000000003	3360.42
ko:K05275	792.7199999999999	196.70999999999998	163.0	58.0	2560.11	278.57	2435.79	2275.21	602.4200000000001	1813.4299999999998
ko:K05281	0.0	0.0	0.0	0.0	0.0	0.57	0.0	0.0	0.0	0.0
ko:K05286	194.0	38.0	78.0	162.5	839.0	93.5	1329.5	1709.0	0.0	0.0
ko:K05296	0.0	0.0	0.0	0.0	0.0	0.0	7.0	0.0	0.0	0.0
ko:K05297	12921.5	4255.0	7425.67	15791.32	6462.75	4838.0	13082.16	6808.0	4555.17	7052.5
ko:K05299	642.0	69.3	10.0	620.34	496.4	135.4	1242.6	527.34	609.4	733.2
ko:K05301	1.0	0.0	0.0	0.0	194.0	0.0	2.5	0.0	5.0	0.0
ko:K05303	697.8	214.0	239.0	165.0	45.4	158.8	637.2	626.0	113.8	482.4
ko:K05305	894.0	83.0	319.0	141.0	67.0	47.0	4481.0	458.0	830.0	1663.0
ko:K05306	17605.17	3293.74	1138.1	7402.429999999999	17034.2	15509.08	41278.990000000005	12705.699999999999	8994.49	20261.3
ko:K05311	2991.63	947.5800000000002	3170.99	599.13	763.63	501.93	3936.68	664.59	1040.6100000000001	3595.57
ko:K05337	10237.94	1527.89	5633.68	4880.03	3981.75	3732.0600000000004	17047.94	5830.12	3291.54	5834.709999999999
ko:K05338	2354.0	231.0	62957.67	828.8	441.0	10045.39	3393.27	477.5	771.2	3058.0
ko:K05339	0.8	0.0	8.6	41.8	0.0	3.56	344.20000000000005	145.0	37.2	25.0
ko:K05340	14573.779999999999	2383.42	1288.67	7118.9	11145.419999999998	6737.36	47875.36000000001	16338.769999999999	12317.69	26503.27
ko:K05341	11565.65	2455.0	4732.25	3123.5	4685.75	2900.15	15823.95	5455.75	2977.9	6043.4
ko:K05342	1823.0	174.0	1502.0	164.0	873.0	121.0	1567.5	235.5	14.0	82.0
ko:K05343	19701.489999999998	5435.33	69181.92	16402.91	8333.2	16110.73	69979.51999999999	15179.75	12185.65	27358.2
ko:K05346	43.0	14.66	59.34	88.34	139.64000000000001	33.56	3505.94	459.34000000000003	177.0	499.2
ko:K05349	321791.64999999997	63054.09	365434.36	242838.14999999997	226238.78000000003	269680.21	940231.83	159051.51	170743.73	369601.49
ko:K05350	14128.619999999999	5170.14	13903.0	11394.75	9013.17	7869.280000000001	47721.16	11439.1	14006.98	32549.53
ko:K05351	0.0	0.0	32.0	0.0	96.8	0.0	483.6	104.0	118.0	178.06
ko:K05352	2187.05	382.0	1091.6	1623.27	52.0	6.0	21549.699999999997	181.17000000000002	261.75	756.5
ko:K05358	6.87	0.0	9.14	8.0	1099.25	0.0	141.29	101.14	447.99	1682.4400000000003
ko:K05362	917.6600000000001	508.65999999999997	380.33	704.47	1073.67	1907.24	29245.35	1962.92	1133.35	2589.25
ko:K05363	3256.05	1422.05	1927.35	835.8	4546.45	2435.5	65256.369999999995	4262.25	2306.35	5218.5
ko:K05364	23106.589999999997	7009.3099999999995	17588.37	21624.58	6535.63	27201.57	167697.54	11574.82	11669.869999999999	23330.25
ko:K05365	2907.0499999999997	854.71	1964.33	597.0	3206.11	306.57	5424.789999999999	2857.71	815.42	2058.0
ko:K05366	97180.87000000001	20259.579999999998	173561.61000000002	91415.26999999999	51427.200000000004	107508.81999999999	649090.75	89591.16	45427.350000000006	93697.31
ko:K05367	13177.920000000002	1695.0100000000002	1377.33	5132.0	10610.89	4350.28	16698.160000000003	9417.25	8505.82	20622.399999999998
ko:K05368	388.72	193.70999999999998	141.0	58.0	2379.11	11.57	1719.79	2196.71	685.4200000000001	1808.9999999999998
ko:K05372	2.0	0.0	0.0	5.0	1080.25	0.0	7.0	0.0	29.0	0.0
ko:K05373	0.0	0.0	0.0	0.0	0.0	0.0	0.0	0.0	29.0	0.0
ko:K05374	0.0	0.0	0.0	0.0	0.0	0.0	0.0	0.0	29.0	0.0
ko:K05375	388.72	193.70999999999998	141.0	92.0	2507.11	21.57	1764.79	2205.71	685.4200000000001	1808.9999999999998
ko:K05378	4.0	4.0	57242.67	0.0	6.0	8834.83	1472.67	193.0	1.0	0.0
ko:K05379	4.0	4.0	57242.67	0.0	6.0	8834.83	1472.67	193.0	1.0	0.0
ko:K05380	4.0	4.0	57242.67	0.0	6.0	8834.83	1472.67	193.0	1.0	0.0
ko:K05384	18.0	0.0	0.0	0.0	9.0	0.0	0.0	5.0	0.0	6.0
ko:K05386	18.0	0.0	2767.67	0.0	9.0	2089.83	277.67	40.0	1.0	6.0
ko:K05396	3071.02	579.1999999999999	1735.48	3066.8199999999997	2376.8599999999997	1486.3	4679.58	4111.18	2207.58	5494.58
ko:K05499	22239.260000000002	1907.75	97647.73999999999	7899.75	21671.940000000002	22354.879999999997	33445.61	11211.880000000001	14268.27	26390.199999999997
ko:K05501	1685.7199999999998	266.71	1207.6599999999999	232.0	1440.69	114.08000000000001	1816.9599999999998	2499.5499999999997	1226.42	4262.0
ko:K05515	93889.23	22918.71	103203.2	68638.16	46645.19	101405.54999999999	584897.4299999999	75502.51000000001	50048.94	100680.44
ko:K05516	55698.45	13410.96	79132.35	53094.009999999995	34056.33	55495.22	237651.90000000002	34373.340000000004	25367.17	54691.340000000004
ko:K05517	386.72	193.70999999999998	141.0	53.0	1298.86	11.57	1719.79	2196.71	685.4200000000001	1808.9999999999998
ko:K05518	0.0	0.0	0.0	34.0	626.0	4.13	15.0	0.0	0.0	0.0
ko:K05519	0.0	0.0	0.0	34.0	99.0	4.13	15.0	0.0	0.0	0.0
ko:K05520	9657.619999999999	2759.0	2021.0	5310.48	15883.66	13994.75	61999.979999999996	18720.71	8234.01	13736.47
ko:K05521	75.34	17.66	48.870000000000005	442.5	31.67	336.5	244.17000000000002	412.34000000000003	80.0	192.0
ko:K05522	386.72	195.04	177.67	73.67	1349.53	26.130000000000003	2821.46	2301.38	711.4200000000001	1903.0
ko:K05523	386.43	193.70999999999998	133.86	57.8	1296.43	11.57	1576.57	2179.14	390.43	129.42
ko:K05524	4581.65	226.13	208.0	282.75	3594.7	266.40999999999997	3090.04	1606.7599999999998	1097.8999999999999	3791.4
ko:K05526	388.72	193.70999999999998	141.0	58.0	2379.11	11.57	1726.79	2196.71	729.42	1808.9999999999998
ko:K05527	786.44	390.41999999999996	1271.83	209.0	4893.22	54.14	3506.08	4833.42	1474.84	3617.9999999999995
ko:K05539	1937.7199999999998	321.21	1209.6599999999999	237.0	2542.94	114.08000000000001	1819.9599999999998	2591.0499999999997	1277.4199999999998	4262.0
ko:K05540	45983.619999999995	12676.76	25625.100000000002	29448.160000000003	15628.59	34612.69	224220.91	23604.01	23030.58	47340.119999999995
ko:K05541	1047.72	518.04	1128.83	204.0	5251.110000000001	626.9000000000001	3233.62	4173.05	1636.09	1815.33
ko:K05548	781.02	387.41999999999996	284.0	111.0	4857.969999999999	23.14	3452.58	4649.42	1639.8400000000001	3623.72
ko:K05549	3.29	0.0	0.0	5.0	1108.25	10.0	47.5	83.0	81.0	0.0
ko:K05550	3.29	0.0	0.0	5.0	1084.25	0.0	9.5	83.0	81.0	0.0
ko:K05551	0.0	0.0	0.0	0.0	4.0	0.0	0.0	0.0	0.0	0.0
ko:K05553	0.0	0.0	0.0	0.0	0.0	0.0	0.0	1.5	0.0	0.0
ko:K05555	0.0	0.0	0.0	0.0	25.0	10.0	38.0	1.5	0.0	0.0
ko:K05557	0.0	0.0	0.0	0.0	0.0	0.0	0.0	1.5	0.0	0.0
ko:K05558	0.0	0.0	0.0	0.0	0.0	0.0	0.0	1.5	0.0	0.0
ko:K05559	496.0	48.0	2.0	52.0	1485.25	83.0	815.5	380.0	224.00000000000003	140.0
ko:K05560	8.0	0.0	2.0	5.0	1196.25	0.0	8.0	90.0	51.0	0.0
ko:K05561	8.0	0.0	2.0	5.0	1196.25	0.0	8.0	90.0	51.0	0.0
ko:K05562	8.0	0.0	2.0	5.0	1196.25	0.0	8.0	91.5	51.0	0.0
ko:K05563	8.0	0.0	2.0	5.0	1196.25	0.0	8.0	90.0	51.0	0.0
ko:K05564	106.0	50.0	48.0	17.0	1214.25	0.0	8.0	155.0	51.0	0.0
ko:K05565	4742.23	1193.33	4637.54	2929.93	1290.54	1759.87	9538.63	2600.33	3352.57	10188.7
ko:K05566	5248.33	1743.9299999999998	10103.34	2138.93	1292.74	1669.4699999999998	8490.43	2252.33	5282.17	18337.5
ko:K05567	4289.73	1369.33	7285.34	2141.93	2336.79	1679.87	8666.029999999999	2393.83	3855.5699999999997	12371.7
ko:K05568	11955.109999999999	3724.1	13425.02	6338.59	4626.13	4856.52	21974.08	8807.199999999999	9796.73	29571.9
ko:K05569	4311.73	1372.1299999999999	7283.34	2122.93	1235.74	1679.87	8663.029999999999	2303.83	3808.57	12371.7
ko:K05570	4337.73	1372.1299999999999	7283.34	2122.93	1257.74	1679.87	8501.029999999999	2266.83	3785.57	12316.7
ko:K05571	753.67	258.46000000000004	2918.34	284.26	1952.45	965.8	2996.1	1164.83	1134.17	4099.5
ko:K05575	71.0	7.05	0.0	0.0	85.2	0.0	8.5	5.5	0.0	0.0
ko:K05576	107.0	8.379999999999999	36.67	6.67	130.87	21.0	1148.17	118.67	27.0	106.0
ko:K05577	0.0	0.0	0.0	41.8	3.0	0.0	20.6	0.0	0.0	0.0
ko:K05578	71.0	7.05	0.0	0.0	85.2	0.0	8.5	7.0	0.0	0.0
ko:K05580	89.0	7.05	0.0	0.0	31.2	0.0	8.5	10.5	0.0	6.0
ko:K05587	169.0	12.0	0.0	0.0	0.0	0.0	0.0	0.0	0.0	0.0
ko:K05589	10668.95	3823.09	8098.7300000000005	6928.719999999999	7353.1900000000005	15083.74	176781.62	19061.059999999998	7611.76	17776.219999999998
ko:K05590	386.72	193.70999999999998	1126.83	146.0	1298.86	42.57	1770.79	2456.71	686.4200000000001	1808.9999999999998
ko:K05591	20861.35	2073.25	66484.92000000001	32994.68	21629.46	28253.429999999997	46215.450000000004	16250.210000000001	8998.11	18773.27
ko:K05592	61975.22	12134.66	95034.26999999999	58638.28	41398.9	71226.01000000001	477157.01	65653.67	34794.41	73738.06
ko:K05593	2160.39	773.66	224.78	981.56	973.39	671.0	6779.25	1460.42	2590.25	4507.64
ko:K05594	386.43	193.70999999999998	141.0	53.0	1298.86	11.57	1719.79	2192.71	656.4200000000001	1807.57
ko:K05595	47427.259999999995	6739.140000000001	10984.18	65478.88	44688.91	37263.45	109354.95000000001	34063.26	23055.8	52672.310000000005
ko:K05596	410.72	193.70999999999998	143.0	72.0	2527.11	11.57	1736.79	2291.71	740.42	1814.9999999999998
ko:K05597	3543.72	587.71	449.35	403.0	2503.6	203.76	2508.17	2335.75	1478.43	5036.85
ko:K05599	3.0	0.0	0.0	5.0	1080.25	0.0	2.5	0.0	4.0	0.0
ko:K05600	3.0	0.0	0.0	5.0	1080.25	0.0	2.5	0.0	4.0	0.0
ko:K05601	50646.85	9600.22	76146.41	55073.41	30925.63	53252.479999999996	191692.44	31172.74	23979.260000000002	44299.91
ko:K05602	169.0	12.0	35.0	14.0	43.0	10.0	1062.0	38.5	26.0	75.0
ko:K05603	2.0	0.0	0.0	5.0	1083.25	0.0	7.0	0.0	112.0	0.0
ko:K05606	31968.73	3956.4199999999996	5347.0	38586.01	30847.050000000003	34659.990000000005	242345.07	41403.34	17850.61	34863.6
ko:K05685	1295.22	400.71	2415.83	241.0	2832.11	171.57	3446.69	2881.21	994.4200000000001	2151.43
ko:K05687	18.0	0.0	0.0	0.0	9.0	0.0	0.0	5.0	0.0	6.0
ko:K05708	0.0	0.0	0.0	0.0	21.0	10.0	38.0	87.0	32.0	0.0
ko:K05709	0.0	0.0	0.0	0.0	0.0	0.0	0.0	87.0	32.0	0.0
ko:K05710	2.0	0.0	35.0	5.0	1228.25	20.0	952.5	88.5	85.0	0.0
ko:K05711	0.0	0.0	0.0	0.0	0.0	0.0	0.0	87.0	32.0	0.0
ko:K05712	7.58	3.0	2.0	5.0	1385.25	30.0	147.5	185.5	140.0	2.86
ko:K05713	1.29	0.0	0.0	0.0	0.0	0.0	2.5	4.0	29.0	1.43
ko:K05714	1.29	0.0	0.0	0.0	198.0	0.0	2.5	4.0	29.0	1.43
ko:K05715	0.0	0.0	0.0	0.0	20.0	0.0	0.0	0.0	0.0	0.0
ko:K05716	0.0	0.0	0.0	0.0	20.0	0.0	0.0	0.0	0.0	0.0
ko:K05739	71.0	1.86	26.28	656.0	192.42	45.85	531.0	210.28	134.72	212.14
ko:K05770	19031.95	3620.01	1713.26	4191.009999999999	10717.41	11066.63	36564.020000000004	14540.639999999998	10697.900000000001	20341.19
ko:K05772	1305.44	333.38	339.0	530.16	469.2	906.5	4150.5	1493.25	849.6499999999999	1220.75
ko:K05773	896.94	129.38	102.0	60.16	429.2	139.5	2989.5	749.25	554.25	732.75
ko:K05774	548.29	55.0	95.14	8.0	1466.25	83.0	949.79	301.14	833.99	2305.58
ko:K05775	386.72	193.70999999999998	141.0	53.0	1298.86	11.57	1719.79	2196.71	681.4200000000001	1808.9999999999998
ko:K05776	21521.5	2481.3	67804.0	32724.43	20772.61	27350.58	47838.05	17850.81	10270.11	22132.27
ko:K05777	386.72	193.70999999999998	141.0	53.0	1298.86	11.57	1719.79	2196.71	573.4200000000001	1808.9999999999998
ko:K05778	386.72	193.70999999999998	141.0	53.0	1298.86	11.57	1719.79	2196.71	573.4200000000001	1808.9999999999998
ko:K05779	386.72	193.70999999999998	141.0	53.0	1298.86	11.57	1719.79	2196.71	573.4200000000001	1808.9999999999998
ko:K05780	1035.29	258.8	95.14	22.0	1591.45	88.0	1010.29	335.14	1591.9899999999998	5355.58
ko:K05781	981.29	256.0	95.14	22.0	1571.25	88.0	1010.29	335.14	1591.9899999999998	5355.58
ko:K05782	454.32000000000005	196.51	143.0	58.0	2617.31	11.57	1741.79	2371.21	779.4200000000001	1808.9999999999998
ko:K05783	881.29	381.6	359.00000000000006	1119.0	3899.8499999999995	1478.6	1398.5	751.8000000000001	2125.4	2676.4
ko:K05784	232.29	142.0	105.0	95.0	1092.25	46.0	852.5	125.0	81.0	0.0
ko:K05785	604.7199999999999	277.21	182.5	215.5	3578.36	398.57	2844.29	3723.2100000000005	727.4200000000001	1949.0
ko:K05786	5315.8099999999995	882.5	4683.780000000001	675.4599999999999	5684.0599999999995	2838.38	30647.48	5074.049999999999	3620.34	12843.5
ko:K05787	388.72	197.70999999999998	68802.83	151.0	2379.11	5272.57	2676.79	2612.7099999999996	690.4200000000001	1808.9999999999998
ko:K05788	6630.72	991.0399999999998	58628.5	341.0	2859.11	9621.73	6352.289999999999	5236.55	2696.0899999999997	5848.33
ko:K05789	394.03000000000003	193.70999999999998	1126.83	151.0	2380.11	42.57	1770.79	2452.71	659.4200000000001	1807.57
ko:K05790	386.72	193.70999999999998	141.0	53.0	1298.86	11.57	1719.79	2196.71	681.4200000000001	1808.9999999999998
ko:K05791	0.0	0.0	55569.0	0.0	67.0	6775.0	1261.0	158.0	0.0	0.0
ko:K05792	258.67	57.33	55569.0	36.66	62.0	7249.0	1509.67	640.3299999999999	147.0	538.33
ko:K05793	0.0	0.0	0.0	0.0	46.0	20.0	76.0	0.0	0.0	0.0
ko:K05794	1048.47	294.37	57654.26	280.09000000000003	4700.75	9102.4	11457.150000000001	4153.299999999999	1173.67	3814.2000000000003
ko:K05795	1068.1399999999999	224.66	111634.6	1076.72	1423.0	14801.32	7882.41	1665.06	581.4	1602.8600000000001
ko:K05796	1920.4399999999998	637.22	440.0	811.0	2955.42	153.14	8348.58	5124.67	2530.09	8560.749999999998
ko:K05797	0.0	3.0	0.0	0.0	13.0	0.0	0.0	0.0	29.0	0.0
ko:K05798	389.01	193.70999999999998	141.0	58.0	2379.11	11.57	1719.79	2196.71	681.4200000000001	1810.4299999999998
ko:K05799	28271.14	5723.629999999999	20773.76	21080.739999999998	16965.26	15873.4	71229.95999999999	23873.72	12933.66	23830.83
ko:K05800	5243.25	1728.55	37956.42	26979.18	9460.36	16034.33	23573.550000000003	11035.31	5629.11	8722.27
ko:K05801	15848.600000000002	1808.4	60686.0	29780.93	17592.36	20777.08	36580.15	14241.41	6443.71	9268.869999999999
ko:K05802	5474.44	917.7499999999999	59755.75	402.5	5620.22	9705.3	8296.08	7592.759999999999	2963.51	4531.33
ko:K05803	386.72	193.70999999999998	1126.83	146.0	1298.86	42.57	1826.79	2517.71	686.4200000000001	1808.9999999999998
ko:K05804	773.73	387.41999999999996	282.0	106.0	2597.72	23.14	3440.08	4393.42	1391.8400000000001	3617.9999999999995
ko:K05805	2092.7200000000003	317.71	221.83	144.0	2716.94	166.08	2578.46	2529.55	1398.42	4402.0
ko:K05807	33883.35	3997.08	68611.08	36002.68	32375.79	32274.270000000004	88997.95000000001	32883.39	17817.78	35232.6
ko:K05808	59557.91	13589.96	90481.39000000001	61751.950000000004	46203.020000000004	73033.43000000001	451003.42000000004	60554.33	34181.61	73317.89
ko:K05809	386.72	193.70999999999998	1126.83	146.0	1298.86	42.57	1770.79	2456.71	686.4200000000001	1808.9999999999998
ko:K05810	52859.17999999999	10312.949999999999	88578.34	56816.22	37011.240000000005	39228.94	121472.34	32988.020000000004	24430.260000000002	52065.850000000006
ko:K05811	388.72	193.70999999999998	141.0	58.0	2379.11	11.57	1719.79	2196.71	681.4200000000001	1808.9999999999998
ko:K05812	390.72	196.70999999999998	141.0	63.0	3556.359999999999	88.57	2486.79	2196.71	689.4200000000001	1813.9999999999998
ko:K05813	8154.81	3762.51	1945.0	2893.0	3677.46	2783.6000000000004	21306.66	5494.88	4970.22	11721.83
ko:K05814	8397.579999999998	4889.5	2057.34	3327.67	4155.280000000001	3788.97	22397.020000000004	7569.21	5906.02	14466.66
ko:K05815	8052.55	3840.77	2455.8100000000004	3508.0	3037.37	3032.9700000000003	29099.82	6263.68	5937.98	14014.099999999999
ko:K05816	6670.41	1389.51	5910.0	7004.0	2972.7599999999998	4988.200000000001	12244.56	4744.379999999999	4680.82	6545.63
ko:K05817	6.29	0.0	2.0	5.0	1193.25	0.0	3.5	177.0	113.0	0.0
ko:K05818	2.29	0.0	0.0	0.0	3.0	0.0	5.0	4.0	29.0	1.43
ko:K05819	0.29	0.0	0.0	0.0	0.0	0.0	7.0	87.0	61.0	1.43
ko:K05820	5969.55	2555.04	1855.8400000000001	866.4699999999999	4603.0199999999995	1897.3000000000002	7984.950000000001	5051.199999999999	1633.09	4766.83
ko:K05822	1330.67	336.65999999999997	1338.3400000000001	3490.46	1539.0	2902.8	32834.92	2412.08	1625.52	3530.75
ko:K05823	1233.23	361.65999999999997	1297.65	3521.0199999999995	1383.3899999999999	2812.8	30292.519999999997	2345.08	1534.52	3485.64
ko:K05825	18409.379999999997	5575.44	11899.36	17028.59	12059.33	33590.61	297307.43999999994	22598.52	12418.109999999999	23909.4
ko:K05826	5.6	0.0	0.0	0.0	0.0	0.0	0.0	0.0	0.0	0.0
ko:K05827	104.6	18.0	5.0	0.0	0.0	0.0	0.0	0.0	0.0	0.0
ko:K05828	5.6	0.0	0.0	0.0	0.0	0.0	0.0	0.0	0.0	0.0
ko:K05829	20.6	0.0	13.0	0.0	178.0	0.0	0.0	3.0	0.0	0.0
ko:K05830	22.6	2.8	0.0	0.0	20.2	0.0	0.0	0.0	0.0	0.0
ko:K05831	392.32000000000005	193.70999999999998	141.0	53.0	1298.86	11.57	1719.29	2194.71	681.4200000000001	1808.9999999999998
ko:K05832	51301.64000000001	12845.7	30894.660000000003	33121.87	14718.060000000001	32097.89	340419.05	37707.64	23636.45	60928.07
ko:K05833	51527.64	13085.86	30934.160000000003	33435.87	14811.730000000001	32190.559999999998	339720.22	37846.47	23680.95	60781.57
ko:K05834	2340.7200000000003	424.21	175.0	58.0	2617.11	44.07	1758.79	2299.71	1276.4199999999998	4262.0
ko:K05835	390.72	193.70999999999998	143.0	53.0	1317.86	11.57	1722.79	2286.71	728.42	1808.9999999999998
ko:K05836	189.29	12.0	7.140000000000001	8.0	1188.68	0.0	171.22	101.57000000000001	361.99	1685.5800000000002
ko:K05837	76111.6	16796.47	96192.85	59873.14	41165.990000000005	77327.18000000001	485460.64	63646.58	39379.020000000004	84252.14000000001
ko:K05838	2150.47	459.04	1266.75	2123.42	3916.0800000000004	11031.57	155539.81	14795.63	871.6700000000001	2646.2000000000003
ko:K05839	386.72	193.70999999999998	141.0	53.0	1298.86	11.57	1719.79	2196.71	681.4200000000001	1808.9999999999998
ko:K05841	0.0	0.0	0.0	0.0	4.0	0.0	0.0	0.0	0.0	0.0
ko:K05844	4062.72	821.7099999999999	2468.83	1866.0	4353.110000000001	68.57	21600.79	2549.21	915.4200000000001	2575.0
ko:K05845	3200.2400000000002	645.52	2683.34	6511.24	4561.9	6086.54	40725.54	7324.45	4555.7	11262.14
ko:K05846	3945.58	814.2299999999999	2910.15	6695.049999999999	7600.8099999999995	5980.110000000001	45342.74999999999	9256.17	5338.71	14309.630000000001
ko:K05847	2217.4	500.03	1580.75	3703.59	4214.6	4186.37	38444.72	5922.889999999999	3461.28	8921.48
ko:K05851	388.72	193.70999999999998	1126.83	151.0	2379.11	42.57	1770.79	2456.71	690.4200000000001	1808.9999999999998
ko:K05873	317.59000000000003	97.33	80.0	77.83	89.89	110.5	2266.57	189.45000000000002	280.0	328.0
ko:K05874	1159.2900000000002	602.13	423.00000000000006	159.0	4278.58	34.71	5232.37	6586.13	2110.26	5422.71
ko:K05875	1178.2900000000002	592.93	453.76000000000005	176.0	5477.32	34.71	5798.32	6649.98	3079.2199999999993	12135.31
ko:K05876	772.86	387.41999999999996	298.48	112.0	2699.01	23.14	3733.9500000000003	4422.99	1858.82	6971.440000000001
ko:K05877	386.43	193.70999999999998	162.42000000000002	62.0	1400.15	11.57	2151.45	2237.42	1591.39	6842.02
ko:K05878	10189.14	1182.53	4034.34	3318.3	3639.8	4426.77	38764.659999999996	9195.630000000001	3000.29	15733.779999999999
ko:K05879	10081.95	1317.1999999999998	1242.2	3404.63	3646.93	4444.04	38527.27	9072.82	2637.5	13981.0
ko:K05880	386.72	193.70999999999998	133.86	50.0	1298.86	11.57	1582.0	2185.57	404.43	130.85
ko:K05881	996.12	343.03999999999996	791.53	553.47	1810.73	2096.97	29375.12	3792.99	889.9300000000001	2363.8
ko:K05882	44.25	48.75	44.5	79.5	1930.05	3.25	2429.35	905.0	89.0	195.2
ko:K05884	0.0	0.0	0.0	0.0	20.0	0.0	0.0	0.0	0.0	0.0
ko:K05886	0.29	3.0	0.0	0.0	0.0	0.0	7.0	4.0	34.0	1.43
ko:K05887	615.72	335.71	238.86	140.0	1306.86	57.57	2425.0	2223.57	375.43	130.85
ko:K05889	2.0	0.0	0.0	0.0	14.0	0.0	4.0	5.5	0.0	0.0
ko:K05895	15186.490000000002	5330.4800000000005	11203.33	10771.73	4286.79	17992.800000000003	183586.14	20729.110000000004	9245.23	25220.550000000003
ko:K05896	43288.56	12952.880000000001	28006.300000000003	31473.27	15291.09	45650.93000000001	378867.71	32827.87	22930.159999999996	49761.34
ko:K05898	0.29	0.0	0.0	0.0	0.0	0.0	7.0	7.5	29.0	1.43
ko:K05910	0.0	14.0	28.0	33.0	50.0	29.0	905.1	170.5	104.5	66.5
ko:K05913	159.0	3.0	140.0	5.0	1083.25	0.0	14.0	0.0	0.0	84.0
ko:K05916	1647.2799999999997	271.57	367.05000000000007	638.36	3222.9700000000003	355.66999999999996	5210.54	2623.12	1355.1399999999999	4409.030000000001
ko:K05917	1.33	0.0	1.5	0.0	0.0	0.0	1.0	0.0	0.0	0.0
ko:K05919	41823.46000000001	9475.79	82258.52	28611.43	8346.89	35503.93	221620.8	30596.5	20670.13	37518.05
ko:K05921	4.87	0.0	0.0	10.0	2358.5	3.56	30.0	4.0	126.0	4.29
ko:K05922	790.86	387.41999999999996	274.86	103.0	2605.29	23.14	3295.86	4376.849999999999	921.85	1942.99
ko:K05927	404.43	193.70999999999998	141.0	312.0	1579.86	10968.57	152216.29	13669.71	546.4200000000001	1828.5700000000002
ko:K05928	0.0	0.0	0.0	0.0	0.0	0.0	0.0	1.5	0.0	0.0
ko:K05934	23451.56	7195.42	15034.74	13210.189999999999	6745.92	20364.78	199466.86	24008.7	13409.31	26789.52
ko:K05936	42146.44	9048.11	15219.49	22835.62	24362.87	37161.85	236048.94999999998	33390.4	20663.0	42327.59
ko:K05937	46.0	0.0	10.0	11.0	18.0	78.13	36.0	72.0	37.0	60.0
ko:K05939	4864.82	705.04	1216.83	199.0	4549.86	709.9000000000001	4071.12	4995.8	2167.3399999999997	2607.08
ko:K05946	32886.4	7514.08	68451.61	15703.54	24755.410000000003	39091.93	247005.52999999997	34758.18	16440.809999999998	31722.670000000002
ko:K05952	2.29	0.0	985.83	98.0	1080.25	31.0	51.5	264.0	142.0	1.43
ko:K05962	35.33	17.0	1.5	40.0	121.0	25.0	97.0	181.0	10.0	23.0
ko:K05964	1203.12	315.71	1394.6	212.0	1381.86	246.57	2474.39	2620.71	818.0200000000001	2234.0
ko:K05966	3823.1	1546.71	441.74	391.0	2600.74	552.53	3452.71	3220.28	2410.41	8689.64
ko:K05967	60.5	16.93	43.39	345.0	1339.21	26.77	408.25	194.14	92.11	933.07
ko:K05970	113237.01000000001	11938.669999999998	23640.52	102891.65	73527.27	67473.17	190071.05	53624.759999999995	53259.84	140078.86000000002
ko:K05972	0.0	0.0	0.0	0.0	21.0	10.0	38.0	1.5	0.0	0.0
ko:K05973	1.0	6.0	0.0	0.0	118.0	10.0	54.5	0.0	20.0	0.0
ko:K05979	1113.17	138.88	321.17	177.49	1576.6200000000001	1109.29	4387.8	1415.2800000000002	31.4	45.2
ko:K05982	386.72	193.70999999999998	141.0	87.0	1324.86	1026.13	4927.79	2375.71	681.4200000000001	1808.9999999999998
ko:K05984	386.72	193.70999999999998	141.0	53.0	1298.86	11.57	1719.79	2194.71	681.4200000000001	1808.9999999999998
ko:K05985	22833.52	6694.55	13622.720000000001	21062.190000000002	9377.41	38730.11	346703.09	26177.24	12460.460000000001	28300.79
ko:K05988	8862.34	1475.93	2267.67	3649.1600000000003	2140.6	5631.93	35328.17	2128.3	3813.0	13687.4
ko:K05989	67721.59	11344.029999999999	126624.61	85040.69	52561.73	50218.41	115597.84999999999	41581.3	34906.979999999996	72933.34
ko:K05991	0.0	0.0	0.0	0.0	21.0	10.0	1754.0	0.0	0.0	0.0
ko:K05994	116.0	17.0	20.0	38.0	16.0	33.0	141.0	12.0	0.0	0.0
ko:K05995	23443.690000000002	6596.86	117910.6	12896.49	10201.03	21271.11	71962.98	22218.379999999997	17518.77	35356.33
ko:K05996	20.0	0.75	42.2	76.0	34.0	66.0	276.5	32.5	0.0	0.0
ko:K05997	779.44	387.41999999999996	1269.83	204.0	3696.97	54.14	3493.58	4743.42	1418.8400000000001	3617.9999999999995
ko:K05998	0.0	0.0	0.0	0.0	0.0	0.0	14.0	0.0	5.0	0.0
ko:K05999	0.0	0.0	0.0	0.0	0.0	0.0	7.0	0.0	5.0	0.0
ko:K06001	44956.86	8593.46	69210.87000000001	51860.01	35661.22	38150.759999999995	136175.65999999997	38003.92	25524.180000000004	47965.55
ko:K06006	775.44	387.41999999999996	282.0	111.0	3677.97	23.14	3439.58	4393.42	1366.8400000000001	3617.9999999999995
ko:K06012	33611.44	8947.54	22520.510000000002	26117.49	12122.279999999999	30637.17	176412.5	17594.61	16369.810000000001	30186.87
ko:K06013	2381.1	250.2	3128.83	568.0	1357.4299999999998	568.11	972.47	349.73999999999995	608.0	2759.0
ko:K06015	12328.720000000001	3076.42	1977.2	3913.33	4543.57	1509.8400000000001	5966.4	4519.0	2902.17	9717.36
ko:K06016	4779.08	440.0	819.0799999999999	1027.33	2772.2799999999997	1235.14	7259.6900000000005	1611.5100000000002	1082.15	4058.0599999999995
ko:K06019	3783.2800000000007	1874.3	3350.2	1382.4299999999998	4952.139999999999	8259.369999999999	16231.35	4817.76	5559.63	7631.53
ko:K06020	2936.72	586.21	472.58000000000004	298.5	2893.94	212.07999999999998	3426.46	2662.55	1796.4199999999998	4894.0
ko:K06022	184.0	15.0	13.0	0.0	190.0	0.0	0.0	3.0	0.0	0.0
ko:K06023	43426.96	11589.83	24512.35	29271.520000000004	16394.14	35061.5	221337.85	21796.2	22697.83	44836.67
ko:K06024	43535.56	12881.880000000001	28020.300000000003	31419.27	15352.09	45610.93000000001	378254.71	32834.87	22946.159999999996	49770.34
ko:K06027	17.0	4.25	0.0	0.0	65.0	0.0	8.5	5.5	0.0	0.0
ko:K06034	0.0	0.0	0.0	0.0	20.0	0.0	0.0	0.0	0.0	0.0
ko:K06039	496.72	193.70999999999998	1146.83	184.0	1323.86	75.57	1904.79	2473.71	686.4200000000001	1814.9999999999998
ko:K06041	36681.43	4456.91	71633.28	37891.57	33363.68	43444.270000000004	241200.69999999995	44815.72	18647.030000000002	38580.99
ko:K06042	41891.009999999995	8967.400000000001	14939.88	22452.519999999997	23113.440000000002	37073.08	237321.18	31171.459999999995	20483.77	45425.37
ko:K06044	2943.0	41.0	13.0	10.0	2457.5	10.0	903.5	515.5	8.0	2596.0
ko:K06045	988.5	627.66	0.0	106.0	54.0	1188.66	3004.66	3254.1800000000003	1787.34	12.66
ko:K06046	0.0	0.0	0.0	0.0	0.0	0.0	0.0	1.5	0.0	0.0
ko:K06048	466.47	236.03999999999996	182.92000000000002	196.42000000000002	3688.28	63.57	3710.7099999999996	2900.6299999999997	767.6700000000001	2462.0
ko:K06049	0.0	0.0	0.0	0.0	0.0	0.0	0.0	3.0	0.0	0.0
ko:K06073	386.72	193.70999999999998	141.0	53.0	1298.86	11.57	1719.79	2196.71	681.4200000000001	1808.9999999999998
ko:K06074	386.72	193.70999999999998	141.0	53.0	1298.86	11.57	1719.79	2196.71	681.4200000000001	1808.9999999999998
ko:K06075	641.3	457.71	288.14	126.0	2753.0399999999995	74.57	2901.01	3633.2799999999997	1058.41	3864.01
ko:K06076	29615.6	3543.5	71027.66	35416.93	27396.370000000003	30412.699999999997	82363.79000000001	27176.89	17816.11	37308.270000000004
ko:K06077	4450.719999999999	605.04	1214.83	204.0	5710.110000000001	709.9000000000001	4049.62	4884.05	1867.0900000000001	3060.33
ko:K06078	386.72	193.70999999999998	141.0	53.0	1298.86	11.57	1719.79	2196.71	681.4200000000001	1808.9999999999998
ko:K06079	16601.0	1765.3	1250.0	8120.429999999999	17245.61	13715.75	26798.08	6216.81	8986.11	18767.27
ko:K06080	386.72	193.70999999999998	141.0	53.0	1298.86	11.57	1719.79	2196.71	681.4200000000001	1808.9999999999998
ko:K06113	46929.71000000001	4938.5	158165.91	56032.490000000005	23795.87	46498.11	67633.4	20095.2	20770.469999999998	60282.409999999996
ko:K06118	0.0	0.0	35.0	0.0	0.0	0.0	0.0	0.0	0.0	0.0
ko:K06120	92.0	13.8	21.0	25.0	39.2	209.0	448.25	103.0	192.0	319.0
ko:K06121	92.0	13.8	21.0	25.0	39.2	209.0	517.25	103.0	192.0	319.0
ko:K06122	92.0	13.8	21.0	0.0	20.2	0.0	180.0	31.0	6.0	7.0
ko:K06131	108753.83	22620.14	182353.63	109739.35	72639.79	90368.19	331296.76	77546.84	64564.86	128905.12000000001
ko:K06132	15847.76	4074.8399999999992	20131.29	14231.34	4746.280000000001	9984.960000000001	29370.56	8288.8	9904.470000000001	17721.72
ko:K06133	22011.010000000002	5670.129999999999	19150.91	16089.66	8051.56	9678.75	49143.81	10892.150000000001	10566.09	23573.370000000003
ko:K06134	7.0	3.0	2.0	5.0	1196.25	0.0	12.5	90.0	56.0	0.0
ko:K06135	0.0	0.0	0.0	0.0	0.0	0.0	0.0	0.0	4.0	0.0
ko:K06136	3.0	0.0	0.0	5.0	1080.25	0.0	9.5	1.5	9.0	0.0
ko:K06137	7.0	0.0	2.5	15.0	3334.75	0.0	9.5	1.5	9.0	0.0
ko:K06138	3.0	0.0	2.5	5.0	1080.25	0.0	9.5	0.0	9.0	0.0
ko:K06139	2672.28	1395.6499999999999	162.0	1156.4299999999998	9357.650000000001	2830.2400000000002	5046.45	3610.48	4709.63	4270.53
ko:K06140	497.05	193.70999999999998	152.5	75.0	2391.11	85.57	1778.29	2390.21	784.4200000000001	1958.9999999999998
ko:K06141	386.72	193.70999999999998	141.0	53.0	1298.86	11.57	1719.79	2196.71	681.4200000000001	1808.9999999999998
ko:K06142	92867.40999999999	11485.460000000001	274457.09	112783.70000000001	86756.89000000001	149053.72	871737.04	138630.49	50449.66	101022.13999999998
ko:K06143	7455.820000000001	757.51	514.0	3799.0	4644.3099999999995	1352.77	3979.6900000000005	3308.41	3290.8199999999997	11578.400000000001
ko:K06144	386.72	193.70999999999998	141.0	53.0	1298.86	11.57	1719.79	2196.71	681.4200000000001	1808.9999999999998
ko:K06145	558.01	211.70999999999998	158.14000000000001	61.0	2663.5399999999995	11.57	1870.01	2225.2799999999997	1020.41	3490.0100000000007
ko:K06146	2.29	0.0	7.140000000000001	8.0	1082.68	0.0	142.72	17.57	201.99	1679.5800000000002
ko:K06147	477810.26	121582.03	420953.58999999997	356328.2	219098.35	426817.27	2392761.1500000004	283815.35	252050.87	550811.11
ko:K06148	48388.44	15874.16	39985.58	34515.83	22235.4	38073.369999999995	302958.36	40005.22	43810.880000000005	99619.13
ko:K06149	3426.5699999999997	492.71	1358.94	206.56	3317.0	322.57	4282.46	3362.71	2200.42	5367.89
ko:K06151	27.5	3.0	20.0	43.0	1289.25	33.57	141.0	12.0	35.0	0.0
ko:K06152	498.0	51.0	20.0	43.0	1578.25	116.0	951.0	302.0	206.0	140.0
ko:K06153	84426.52	19323.13	97886.56	67764.04000000001	49304.52	78627.07	472674.74	67946.5	42487.090000000004	90530.13
ko:K06155	7909.420000000001	1787.21	6850.43	7972.900000000001	4142.82	3876.51	12864.72	6260.71	3830.05	5189.9
ko:K06156	6044.920000000001	1500.71	5303.1	4746.4	3009.0599999999995	3121.74	8862.789999999999	4094.11	3945.55	5197.4
ko:K06157	6475.63	1530.71	6457.790000000001	7461.400000000001	3200.89	3232.01	8786.0	3991.14	3625.5600000000004	3500.8199999999997
ko:K06158	114422.98999999999	24518.11	175290.40000000002	111781.37	72740.12000000001	116221.02	561883.48	90069.73000000001	59565.67	123418.43
ko:K06159	386.72	193.70999999999998	141.0	53.0	1299.86	11.57	1733.79	2196.71	681.4200000000001	1808.9999999999998
ko:K06160	388.72	193.70999999999998	141.0	58.0	2380.11	11.57	1733.79	2196.71	714.4200000000001	1808.9999999999998
ko:K06161	0.0	0.0	0.0	0.0	0.0	0.0	0.0	0.0	29.0	0.0
ko:K06162	1035.29	258.8	95.14	22.0	1685.45	88.0	1010.29	335.14	1596.9899999999998	5355.58
ko:K06163	1035.29	258.8	95.14	22.0	1591.45	88.0	1010.29	335.14	1591.9899999999998	5355.58
ko:K06164	1035.29	258.8	95.14	22.0	1591.45	88.0	1010.29	335.14	1591.9899999999998	5355.58
ko:K06165	1035.29	258.8	95.14	22.0	1591.45	88.0	1010.29	335.14	1591.9899999999998	5355.58
ko:K06166	1035.29	258.8	95.14	22.0	1591.45	88.0	1010.29	335.14	1591.9899999999998	5355.58
ko:K06167	32546.490000000005	3670.71	70561.23000000001	37353.67999999999	30990.129999999997	32895.479999999996	91776.54000000001	30864.149999999998	19122.75	41254.81
ko:K06168	76377.3	16647.46	95976.09	66939.39	46524.91	75896.94	439906.42000000004	64467.52	39419.59	82221.67000000001
ko:K06169	6.29	0.0	9.14	8.0	1101.68	0.0	146.22	107.57000000000001	356.99	1679.5800000000002
ko:K06173	93970.93000000001	22982.45	115723.85	83645.95	51389.58	89397.15000000001	511199.52999999997	74910.35	52344.0	105892.51000000001
ko:K06174	0.0	0.0	0.0	0.0	20.0	0.0	0.0	0.0	0.0	0.0
ko:K06175	1615.7199999999998	266.71	2176.66	315.0	1376.86	187.74	2129.46	2752.88	1228.42	4262.0
ko:K06176	388.72	193.70999999999998	1126.83	151.0	2400.11	42.57	1770.79	2458.21	694.4200000000001	1808.9999999999998
ko:K06177	49262.47	6046.32	130722.91	69653.16	52071.89	62772.02	198330.96000000002	48260.13	27036.6	55858.39
ko:K06178	81205.74	17391.469999999998	97020.19	68140.20000000001	53613.840000000004	80202.66	480673.31	71184.70999999999	41699.97	84253.54000000001
ko:K06179	54495.75	15104.779999999999	30319.860000000004	35982.16	15419.18	48353.48	367683.06	39484.12	28201.199999999997	57422.8
ko:K06180	197589.40999999997	43368.75	267246.55000000005	179608.56	120481.6	208999.50000000003	1145229.0	157068.47999999998	94991.24	196014.5
ko:K06181	4432.47	731.79	1287.58	741.25	7416.110000000001	2010.6499999999999	7692.620000000001	7260.549999999999	1631.09	1815.33
ko:K06182	23908.64	5070.79	14595.58	11718.81	12134.59	10579.49	49496.02	16648.199999999997	14248.83	29994.510000000002
ko:K06183	68429.51999999999	19358.940000000002	36885.62	49518.34999999999	32150.5	64603.87999999999	428817.31000000006	44516.380000000005	35824.28	73236.94
ko:K06186	1938.7199999999998	321.21	1209.6599999999999	237.0	2542.94	114.08000000000001	1822.4599999999998	2591.0499999999997	1277.4199999999998	4262.0
ko:K06187	77503.66	16798.46	96645.79999999999	67340.95000000001	48196.600000000006	77865.94	469337.34	66081.17	40784.94	85176.14
ko:K06188	10396.070000000002	1149.2600000000002	2695.03	31214.0	22561.11	13142.52	38316.53999999999	11375.66	7240.82	9580.1
ko:K06189	2707.72	444.21	1297.6599999999999	284.0	2843.94	197.08	2634.46	2886.0499999999997	1801.4199999999998	4894.0
ko:K06190	1938.7199999999998	321.21	1209.6599999999999	237.0	2542.94	114.08000000000001	1822.4599999999998	2589.5499999999997	1277.4199999999998	4262.0
ko:K06191	988.0699999999999	349.03999999999996	403.12	563.4200000000001	3647.63	1903.14	33580.86	4535.879999999999	2111.52	6246.15
ko:K06192	7255.94	727.42	438.0	158.0	4264.969999999999	168.14	4329.58	5234.42	2974.84	10092.0
ko:K06193	851.58	300.14	1562.93	950.89	3557.1000000000004	2153.0099999999998	34213.799999999996	4172.05	2007.88	4572.21
ko:K06194	5922.44	738.92	1777.6599999999999	399.0	5028.55	171.65	4399.25	5336.76	2009.8400000000001	6256.0
ko:K06195	3904.72	550.04	141.0	111.0	5329.110000000001	595.9000000000001	3186.62	4334.05	1584.0900000000001	2757.33
ko:K06196	5779.78	2945.7499999999995	2232.78	1000.3299999999999	2344.39	20189.399999999998	122852.11000000002	9203.529999999999	5999.79	7968.68
ko:K06197	386.72	193.70999999999998	141.0	53.0	1298.86	15.13	1719.79	2192.71	681.4200000000001	1808.9999999999998
ko:K06198	915.3599999999999	206.0	659.71	834.36	1589.8899999999999	3822.13	54838.619999999995	2483.25	1552.35	4605.14
ko:K06199	33087.32	5596.6900000000005	72486.93	13758.08	39321.259999999995	31354.870000000003	103574.05	33754.45	21672.780000000002	41749.979999999996
ko:K06200	56802.88	12591.560000000001	80461.08	51670.83	35925.45	42771.39	138799.7	43922.22	30358.33	64429.82
ko:K06201	40726.630000000005	8979.57	47682.92999999999	42547.81	32512.379999999997	31264.260000000002	116938.5	28375.58	30726.850000000006	66761.62000000001
ko:K06202	1849.7199999999998	321.21	1160.83	151.0	2522.11	92.24000000000001	1817.4599999999998	2478.38	1230.42	4262.0
ko:K06203	1315.32	351.90999999999997	1269.83	633.0	3510.7100000000005	421.1700000000001	2633.19	2689.6099999999997	690.4200000000001	1814.9999999999998
ko:K06204	6521.72	611.21	1440.6599999999999	374.0	4233.19	313.08	4440.959999999999	3703.5499999999997	2335.42	6462.0
ko:K06205	775.44	387.41999999999996	1267.83	204.0	3685.97	54.14	3490.58	4653.42	1371.8400000000001	3617.9999999999995
ko:K06206	22647.66	4368.32	12511.369999999999	9263.42	6839.5	7481.950000000001	25470.059999999998	13461.73	6708.83	15080.52
ko:K06207	77485.16	16798.46	96645.79999999999	67334.95000000001	48196.600000000006	77841.94	469329.34	66071.17	40784.94	85176.14
ko:K06208	440.5	47.98	450.14	365.0	663.4100000000001	131.21	8314.0	113.64	195.36	365.07
ko:K06209	31057.32	8493.6	24710.77	20770.62	7863.110000000001	25415.37	224590.72	26615.98	19201.45	39099.05
ko:K06211	389.22	193.70999999999998	1126.83	146.0	1302.86	67.57	1770.79	2486.71	686.4200000000001	1832.9999999999998
ko:K06212	2323.72	593.21	1421.6599999999999	400.0	1430.19	165.08	6351.459999999999	2894.0499999999997	2098.42	8696.0
ko:K06213	79307.59	17829.739999999998	34912.68	78045.3	38287.82	57768.55	264333.1	43135.32	36643.34	73114.15
ko:K06214	386.43	193.70999999999998	141.0	53.0	1301.86	11.57	1719.79	2194.71	652.4200000000001	1807.57
ko:K06215	12445.13	3497.65	101892.28	7060.62	5532.5599999999995	17682.12	58933.62999999999	5810.860000000001	9157.8	17045.690000000002
ko:K06216	0.0	0.0	0.0	7.8	0.0	0.0	20.6	0.0	0.0	3.0
ko:K06217	77189.37999999999	16663.840000000004	96344.79999999999	67311.95000000001	46177.56999999999	77176.18000000001	467243.23	66482.26000000001	40451.19	86880.31
ko:K06218	4847.93	1232.3400000000001	5662.67	5177.0	2255.03	3267.0699999999997	50201.06	5067.379999999999	5482.42	12744.77
ko:K06219	557.7199999999999	205.70999999999998	141.0	58.0	2379.11	11.57	1719.79	2196.71	685.4200000000001	1808.9999999999998
ko:K06221	5607.87	1197.46	2034.3600000000001	3245.4700000000003	5933.650000000001	661.55	34862.82	8104.9	3065.77	8744.349999999999
ko:K06222	780.44	390.41999999999996	276.86	108.0	3788.54	23.14	3309.36	4469.85	1175.85	1939.85
ko:K06223	23694.63	5324.78	22561.579999999998	25401.83	15239.619999999999	15341.51	58257.29	19656.54	26421.89	51698.9
ko:K06236	0.0	0.0	0.0	14.0	0.0	0.0	0.0	0.0	3.0	0.0
ko:K06281	10686.61	1709.1	2375.52	1520.08	7487.52	3992.23	19920.41	13862.529999999999	3609.27	5825.32
ko:K06282	10424.61	1634.1	2287.52	1473.08	7484.52	3992.23	19918.41	13862.529999999999	3258.27	5339.32
ko:K06283	37448.44	11371.54	23720.510000000002	28941.49	12759.48	33163.17	191446.1	19613.21	20074.81	38916.869999999995
ko:K06284	21944.97	6539.22	9218.869999999999	20194.16	9066.79	26188.390000000003	152277.73	13962.279999999999	13423.8	24016.7
ko:K06285	794.4300000000001	135.05	207.67000000000002	493.33000000000004	797.53	390.46	8159.83	330.5	204.0	287.0
ko:K06286	722.3599999999999	266.0	736.71	549.36	1590.69	2005.1299999999999	30621.019999999997	1614.65	1247.35	2759.4700000000003
ko:K06287	78926.32999999999	16956.67	95600.2	66744.15000000001	49514.53999999999	65052.020000000004	291552.85000000003	55210.97	40884.01	86775.89
ko:K06288	0.0	0.0	0.0	34.0	0.0	3.56	0.0	0.0	0.0	0.0
ko:K06289	45.0	10.0	0.0	68.0	4.5	3.56	0.0	0.0	0.0	0.0
ko:K06290	0.0	0.0	0.0	68.0	0.0	3.56	0.0	0.0	0.0	0.0
ko:K06291	0.0	0.0	0.0	68.0	0.0	0.0	0.0	0.0	0.0	0.0
ko:K06292	45.0	10.0	0.0	34.0	4.5	3.56	0.0	0.0	0.0	0.0
ko:K06293	0.0	0.0	0.0	68.0	0.0	3.56	0.0	0.0	0.0	0.0
ko:K06294	0.0	0.0	0.0	34.0	626.0	4.13	15.0	0.0	0.0	0.0
ko:K06295	26741.25	8336.71	8267.75	22109.0	12552.6	24720.11	162360.4	11691.62	12953.73	22836.75
ko:K06296	9826.22	2881.85	1992.1100000000001	810.56	6163.790000000001	19554.17	126030.17	4125.5	3370.4	4545.889999999999
ko:K06297	9281.47	2424.5	2307.03	1994.8899999999999	7091.47	18971.210000000003	131783.75	5234.5	7797.4	8837.64
ko:K06298	20058.76	5853.530000000001	16471.17	14878.82	5509.1	8951.53	39758.68	8339.35	10655.02	18996.88
ko:K06299	17.0	2.8	0.0	102.0	1272.2	12.39	0.0	0.0	0.0	0.0
ko:K06300	0.0	0.0	0.0	34.0	626.0	4.13	0.0	0.0	0.0	0.0
ko:K06301	0.0	0.0	0.0	34.0	626.0	4.13	0.0	0.0	0.0	0.0
ko:K06302	0.0	0.0	0.0	34.0	626.0	4.13	0.0	0.0	0.0	0.0
ko:K06303	0.0	0.0	0.0	34.0	626.0	4.13	0.0	0.0	0.0	0.0
ko:K06304	0.0	0.0	0.0	34.0	626.0	12.39	0.0	0.0	0.0	0.0
ko:K06305	1173.0	176.0	116.0	124.0	1825.0	174.13	1305.0	338.0	74.0	111.0
ko:K06306	6439.5599999999995	1956.6599999999999	6864.37	6828.66	4065.2	3885.2	11964.85	5105.08	4551.72	13934.95
ko:K06307	0.0	0.0	0.0	0.0	527.0	0.0	0.0	0.0	0.0	0.0
ko:K06308	0.0	0.0	0.0	0.0	1779.0	4.7	15.0	0.0	0.0	0.0
ko:K06309	195.0	170.0	6.0	44.0	26.5	0.0	40.0	0.0	21.0	22.0
ko:K06310	6110.709999999999	1821.45	2282.58	1427.33	2894.1000000000004	1476.19	5512.52	1480.8700000000001	2990.3	3495.6
ko:K06311	304.0	55.8	226.0	223.0	24.7	400.56	202.0	344.0	2212.4	382.0
ko:K06312	486.5	76.8	147.0	351.0	99.2	116.12	8067.0	52.0	195.0	241.0
ko:K06313	9138.75	3013.3900000000003	1959.92	1262.33	5855.11	18085.29	130562.91	3828.67	5067.0	7102.75
ko:K06314	0.0	0.0	0.0	68.0	1252.0	8.83	30.0	0.0	0.0	0.0
ko:K06315	0.0	0.0	0.0	34.0	626.0	4.13	0.0	0.0	0.0	0.0
ko:K06317	5628.97	1311.7	5746.27	5072.6900000000005	2233.09	2344.2999999999997	8832.869999999999	3284.18	4088.9700000000003	6680.599999999999
ko:K06318	0.0	0.0	0.0	34.0	626.0	4.13	15.0	0.0	0.0	0.0
ko:K06319	0.0	0.0	0.0	34.0	0.0	0.0	0.0	0.0	0.0	0.0
ko:K06320	12373.6	2683.2	21402.75	18117.5	396.2	12309.0	29872.8	4209.6	10775.2	13727.8
ko:K06321	0.0	0.0	0.0	34.0	0.0	0.0	0.0	0.0	0.0	0.0
ko:K06322	0.0	0.0	0.0	34.0	0.0	0.0	0.0	0.0	0.0	0.0
ko:K06323	0.0	0.0	0.0	34.0	0.0	0.0	0.0	0.0	5.0	0.0
ko:K06324	85.0	6.0	0.0	34.0	536.0	0.0	0.0	0.0	0.0	0.0
ko:K06325	0.0	0.0	0.0	34.0	527.0	3.56	0.0	0.0	0.0	0.0
ko:K06327	0.0	16.0	0.0	34.0	725.0	7.69	15.0	45.0	0.0	0.0
ko:K06328	0.0	16.0	6.0	34.0	1065.0	4.13	15.0	45.0	0.0	0.0
ko:K06329	0.0	0.0	0.0	34.0	0.0	0.0	0.0	0.0	0.0	0.0
ko:K06330	811.0	291.0	293.0	160.0	764.8	36.56	4691.6	368.0	766.0	4440.2
ko:K06331	13959.11	3937.65	13478.08	10002.33	1643.9900000000002	6849.900000000001	28364.19	5410.9	7507.450000000001	16273.55
ko:K06332	0.0	0.0	0.0	34.0	527.0	3.56	15.0	0.0	0.0	0.0
ko:K06333	26374.44	7796.14	17431.91	23292.690000000002	9034.28	27487.0	148459.9	13757.16	13783.130000000001	26344.82
ko:K06334	29273.980000000003	8828.900000000001	18803.65	31630.75	10188.49	28802.239999999998	173298.3	15399.6	14338.19	27605.29
ko:K06335	0.0	0.0	0.0	34.0	626.0	3.56	0.0	0.0	0.0	0.0
ko:K06336	13.0	0.0	10.0	45.0	203.0	75.14	21.0	36.0	37.0	41.0
ko:K06337	14060.11	3943.65	13531.08	10025.33	1569.88	6936.900000000001	30504.26	5520.68	7512.450000000001	16278.55
ko:K06338	619.4	204.0	339.25	154.5	292.2	1045.4	3592.6	317.0	99.4	547.2
ko:K06340	0.0	0.0	0.0	34.0	0.0	0.0	0.0	0.0	0.0	0.0
ko:K06341	0.0	0.0	0.0	34.0	0.0	0.0	0.0	0.0	0.0	0.0
ko:K06342	3.12	0.0	44.22	51.120000000000005	528.78	4.13	91.34	12.0	0.0	49.78
ko:K06343	3.12	32.0	44.22	51.120000000000005	100.78	0.0	91.34	102.0	0.0	49.78
ko:K06344	3.12	32.0	50.22	51.120000000000005	440.78	0.0	91.34	102.0	0.0	49.78
ko:K06345	2.5	4.0	0.0	34.0	630.0	4.13	0.0	0.0	0.0	0.0
ko:K06346	44438.31	12936.380000000001	27842.72	31371.47	16104.810000000001	45650.67	381115.79	33477.28	23493.16	50488.54
ko:K06347	0.0	0.0	0.0	41.8	626.0	4.13	35.6	0.0	0.0	0.0
ko:K06348	926.56	22.0	64.11	42.56	1332.8899999999999	4.13	45.67	18.0	0.0	24.89
ko:K06349	0.0	0.0	0.0	34.0	626.0	4.13	15.0	0.0	0.0	0.0
ko:K06350	1644.24	180.13	257.92	263.28999999999996	777.4000000000001	592.59	2406.45	538.0	440.15	1445.2
ko:K06351	569.9	127.8	178.92000000000002	197.93	749.4000000000001	303.09000000000003	1485.5500000000002	383.0	427.15	1334.2
ko:K06359	0.0	0.0	0.0	170.0	0.0	0.0	0.0	0.0	0.0	0.0
ko:K06360	0.0	0.0	0.0	68.0	0.0	0.0	0.0	0.0	0.0	0.0
ko:K06361	0.0	0.0	0.0	102.0	0.0	0.0	0.0	0.0	0.0	0.0
ko:K06362	0.0	0.0	0.0	34.0	0.0	0.0	0.0	0.0	0.0	0.0
ko:K06366	0.0	0.0	0.0	102.0	0.0	0.0	0.0	0.0	0.0	0.0
ko:K06367	0.0	0.0	0.0	68.0	0.0	0.0	0.0	0.0	0.0	0.0
ko:K06368	0.0	0.0	0.0	34.0	0.0	0.0	0.0	0.0	0.0	0.0
ko:K06369	0.0	0.0	0.0	34.0	0.0	0.0	0.0	0.0	0.0	0.0
ko:K06370	926.56	22.0	64.11	42.56	1332.8899999999999	4.13	60.67	18.0	0.0	24.89
ko:K06371	0.0	0.0	0.0	0.0	0.0	7.69	0.0	0.0	0.0	0.0
ko:K06372	0.0	0.0	0.0	34.0	0.0	0.0	0.0	0.0	0.0	0.0
ko:K06373	42964.17	7866.11	79747.22	52298.37	30751.140000000003	52912.17	188953.96000000002	27034.55	19099.53	39547.54
ko:K06374	22442.04	6610.070000000001	12928.8	18862.190000000002	11048.54	23847.81	140219.8	10943.55	10788.84	22630.940000000002
ko:K06375	0.0	0.0	0.0	34.0	626.0	4.13	15.0	0.0	0.0	0.0
ko:K06376	0.0	0.0	0.0	34.0	99.0	4.13	15.0	0.0	0.0	0.0
ko:K06377	0.0	0.0	0.0	34.0	1273.0	17.12	38.0	4.5	0.0	0.0
ko:K06378	40183.84	11611.54	24040.510000000002	29517.49	13974.68	32393.57	192494.7	19065.71	20669.21	39497.07
ko:K06379	38547.44	11451.54	23917.510000000002	28805.49	13218.48	32517.17	192242.1	18796.21	20047.81	38782.869999999995
ko:K06380	0.0	0.0	0.0	34.0	626.0	4.13	15.0	0.0	0.0	0.0
ko:K06381	101558.37	24839.05	103276.78	82066.84999999999	39634.51	85740.42	430077.89999999997	57096.68999999999	48167.43	94063.94
ko:K06382	38532.44	11451.54	23904.510000000002	28805.49	13032.48	32517.17	192242.1	18793.21	20047.81	38782.869999999995
ko:K06383	23156.58	6947.03	18356.620000000003	15380.55	10620.21	27719.51	169296.44	13143.869999999999	13345.48	25043.260000000002
ko:K06384	9745.470000000001	2430.8	4188.870000000001	13434.72	3735.94	21662.940000000002	127716.48999999999	6874.92	6022.03	9998.21
ko:K06385	36744.44	11268.59	23479.510000000002	28773.49	10376.48	32520.729999999996	192450.0	18833.11	20117.81	38848.2
ko:K06386	1162.0	180.0	116.0	130.0	1779.0	74.13	866.0	93.0	0.0	0.0
ko:K06387	33962.24	10626.34	17891.54	26076.22	12513.82	31389.67	182806.85	17864.04	16844.81	29965.510000000002
ko:K06388	0.0	0.0	0.0	34.0	0.0	0.0	0.0	0.0	0.0	0.0
ko:K06389	0.0	0.0	0.0	34.0	0.0	0.0	0.0	0.0	0.0	0.0
ko:K06390	37370.44	11287.54	23794.510000000002	28709.49	12318.48	32447.17	191391.1	18745.21	20047.81	38782.869999999995
ko:K06391	19684.08	5593.799999999999	10789.51	21186.16	7788.92	25946.010000000002	160424.84	10924.84	9883.58	15118.77
ko:K06392	37370.44	11287.54	23794.510000000002	28709.49	12318.48	32447.17	191391.1	18745.21	20047.81	38782.869999999995
ko:K06393	37372.0	11287.54	23816.620000000003	28718.050000000003	12319.369999999999	32447.17	191436.77000000002	18751.21	20047.81	38807.759999999995
ko:K06394	37372.0	11287.54	23816.620000000003	28718.050000000003	12319.369999999999	32447.17	191436.77000000002	18751.21	20047.81	38807.759999999995
ko:K06395	12843.220000000001	4922.8	4039.74	13667.86	5488.97	21235.109999999997	102143.04000000001	9918.49	6479.83	12050.67
ko:K06396	37345.44	11287.54	23739.059999999998	28691.99	12276.48	32447.17	191393.5	18745.21	20031.81	38774.869999999995
ko:K06397	37903.2	11295.54	19663.22	26985.85	13418.369999999999	31843.17	190171.37	18637.81	18132.08	31810.16
ko:K06398	38543.44	11472.54	23910.510000000002	28811.49	13471.48	32517.17	192247.1	18854.21	20047.81	38786.869999999995
ko:K06399	38805.44	11638.8	23818.65	29079.49	13478.689999999999	33078.14	193190.93000000002	20531.69	21008.84	38895.27
ko:K06400	32340.06	8097.74	23430.199999999997	32523.73	10760.21	51503.03999999999	328830.15	20073.7	16483.56	39063.6
ko:K06401	1.56	16.0	28.11	42.56	1066.89	4.13	60.67	51.0	0.0	24.89
ko:K06402	20639.5	6576.09	7699.42	14461.83	8551.3	24259.29	159526.98	10618.45	12084.73	21445.25
ko:K06403	13577.61	3888.3300000000004	13433.220000000001	10017.33	2134.31	6768.67	26325.12	5310.76	7502.81	16274.619999999999
ko:K06404	13577.61	3888.3300000000004	13433.220000000001	10017.33	2134.31	6768.67	26325.12	5310.76	7502.81	16274.619999999999
ko:K06405	38538.44	11452.29	23904.510000000002	28805.49	14000.48	32517.739999999998	192265.6	18798.71	20052.81	38782.869999999995
ko:K06406	38538.44	11468.29	23910.510000000002	28805.49	14013.48	32517.739999999998	192451.6	18843.71	20122.81	38845.869999999995
ko:K06407	38607.19	11459.34	23904.510000000002	28839.49	13749.68	32521.869999999995	192289.1	18804.21	20052.81	38784.2
ko:K06408	14506.82	3751.3999999999996	19579.870000000003	22191.989999999998	3357.76	8600.939999999999	34507.0	7743.03	9814.32	22825.45
ko:K06409	62098.93000000001	18295.190000000002	45813.600000000006	43162.2	22479.87	53583.18	407045.86	40655.83	33394.479999999996	66478.95
ko:K06410	23204.77	5938.48	12234.170000000002	19609.329999999998	9672.15	26071.7	167371.52	12759.6	11774.2	26360.38
ko:K06411	23480.1	6074.48	12388.84	19665.659999999996	9673.68	25751.03	168079.45	12757.2	11509.2	25403.050000000003
ko:K06412	20884.550000000003	5345.51	19645.74	13604.44	9506.45	9691.400000000001	64002.49	9981.14	15119.380000000001	29575.71
ko:K06413	4928.35	475.8	640.75	25042.25	4169.0	4328.48	8088.57	4964.9	306.5	1202.0
ko:K06415	512.22	204.95999999999998	194.0	115.0	3202.0	102.69999999999999	3905.3599999999997	2318.4900000000002	695.4200000000001	1819.9999999999998
ko:K06416	2633.33	658.8	770.65	1355.0	1513.3400000000001	1453.1299999999999	14814.32	1638.78	2801.4	8273.25
ko:K06417	0.0	0.0	0.0	34.0	626.0	4.13	15.0	0.0	0.0	0.0
ko:K06418	272.68	143.86	187.61	191.68	740.0899999999999	85.45	1239.01	108.28	0.72	86.81
ko:K06419	272.68	143.86	187.61	191.68	740.0899999999999	61.1	1239.01	108.28	0.72	86.81
ko:K06420	39.0	1.86	16.28	42.0	4.42	3.28	214.0	52.28	0.72	12.14
ko:K06421	15238.539999999999	4166.93	15230.65	10675.14	2282.96	7146.03	28779.72	5662.97	10186.970000000001	18033.07
ko:K06422	0.0	0.0	0.0	34.0	527.0	4.13	0.0	0.0	0.0	0.0
ko:K06423	386.5	55.05	0.0	34.0	715.2	4.13	23.5	5.5	2201.0	302.0
ko:K06425	67.5	10.3	0.0	34.0	749.2	11.82	15.0	0.0	0.0	0.0
ko:K06426	1.56	16.0	28.11	42.56	1065.89	4.13	60.67	51.0	0.0	24.89
ko:K06427	0.0	0.0	0.0	34.0	0.0	0.0	0.0	0.0	0.0	0.0
ko:K06428	0.0	0.0	0.0	34.0	626.0	4.13	15.0	0.0	0.0	0.0
ko:K06429	0.0	0.0	0.0	34.0	527.0	4.13	0.0	0.0	0.0	0.0
ko:K06431	0.0	0.0	0.0	34.0	626.0	4.13	15.0	0.0	0.0	0.0
ko:K06432	0.0	0.0	0.0	34.0	527.0	4.13	15.0	0.0	0.0	0.0
ko:K06433	0.0	0.0	0.0	34.0	626.0	4.13	15.0	0.0	0.0	0.0
ko:K06434	1398.5	161.0	0.0	50.0	527.0	4.13	15.0	0.0	5.0	0.0
ko:K06436	1673.5	247.98000000000002	203.14	460.0	1916.3000000000002	159.77	3486.07	313.41999999999996	2343.36	476.07
ko:K06437	0.0	0.0	0.0	34.0	0.0	0.0	0.0	0.0	0.0	0.0
ko:K06438	37455.0	11303.54	23870.620000000003	28775.050000000003	12938.369999999999	32514.17	191444.77000000002	18817.21	20067.81	38828.759999999995
ko:K06439	35.5	0.0	0.0	34.0	540.0	7.12	0.0	0.0	0.0	0.0
ko:K06440	0.0	0.0	0.0	68.0	1054.0	7.12	0.0	0.0	0.0	0.0
ko:K06441	246.0	51.5	0.0	0.0	0.0	0.0	0.0	0.0	0.0	0.0
ko:K06442	43148.58	13009.7	27730.78	31444.91	17196.79	46476.67	382502.55	35092.88	22291.83	50495.649999999994
ko:K06443	0.0	0.0	0.0	0.0	22.0	0.0	0.0	0.0	0.0	0.0
ko:K06445	388.72	196.70999999999998	141.0	58.0	2567.11	11.57	1719.79	2279.71	741.42	1808.9999999999998
ko:K06446	35.0	13.0	104.83	125.0	1476.08	21.84	26.0	115.17	9.0	10.0
ko:K06447	392.72	193.70999999999998	143.0	58.0	2398.11	11.57	1729.79	2286.71	776.4200000000001	1808.9999999999998
ko:K06518	56650.77	11565.24	85717.98000000001	56353.14	36021.47	46787.34	181901.78	45295.81	34018.76	74295.05000000002
ko:K06545	115.4	1.4	68.6	40.800000000000004	20.4	165.0	858.8	49.8	0.0	0.0
ko:K06580	5009.25	914.0	5469.0	6137.0	143.0	3224.0	7706.0	1529.0	3029.0	3573.0
ko:K06595	0.0	0.0	0.0	34.0	1153.0	4.13	30.0	0.0	0.0	0.0
ko:K06596	1494.33	222.0	163.5	118.0	1165.25	192.17000000000002	942.67	286.17	653.0	2603.0
ko:K06597	2.0	0.0	0.0	5.0	1080.25	0.0	0.0	0.0	0.0	0.0
ko:K06598	2.0	0.0	0.0	5.0	1080.25	0.0	0.0	0.0	4.0	0.0
ko:K06599	2.0	0.0	0.0	5.0	1080.25	0.0	0.0	0.0	4.0	0.0
ko:K06600	2.0	0.0	0.0	5.0	1080.25	0.0	0.0	0.0	4.0	0.0
ko:K06601	2924.0	39.0	0.0	0.0	0.0	0.0	0.0	511.0	0.0	125.0
ko:K06602	2924.0	39.0	0.0	0.0	0.0	0.0	0.0	511.0	0.0	125.0
ko:K06603	5916.7	955.45	12373.75	9080.5	2132.7400000000002	4802.57	10749.0	1509.98	7804.8	11848.6
ko:K06605	0.29	0.0	35.0	34.0	0.0	0.0	7.0	0.0	29.0	1.43
ko:K06606	606.29	29.0	183.0	218.0	0.0	228.0	493.0	106.0	155.0	576.4300000000001
ko:K06607	0.0	0.0	7.0	41.8	626.0	3.56	262.6	7.0	19.0	3.0
ko:K06608	124.33	24.0	115.5	125.0	0.0	139.0	370.25	149.0	71.0	329.0
ko:K06609	0.8699999999999999	0.0	35.0	136.0	0.0	7.12	18.0	9.0	33.0	14.149999999999999
ko:K06610	7.0	0.0	35.0	68.0	116.3	0.0	645.6	139.5	89.0	175.2
ko:K06714	2351.4	664.1	534.5	853.0	5191.18	3382.04	8285.77	2250.84	2360.4	7718.2
ko:K06718	234.6	142.0	105.0	90.0	126.0	59.0	974.0	39.5	19.0	824.0
ko:K06720	0.0	0.0	0.0	0.0	101.0	0.0	15.0	1.5	0.0	0.0
ko:K06726	4090.35	828.94	3205.0899999999997	2549.13	3059.67	11734.069999999998	156115.09	14739.1	1837.58	5667.219999999999
ko:K06857	2552.23	483.58	346.0	240.16	473.43	266.5	4769.93	843.9300000000001	1098.0	3169.4300000000003
ko:K06858	661.2199999999999	208.70999999999998	141.0	58.0	2476.11	11.57	1726.79	2196.71	690.4200000000001	1808.9999999999998
ko:K06859	6914.5	290.5	299.5	1104.5	4352.5	2830.5	8748.0	6128.0	278.0	73.43
ko:K06860	0.0	0.0	0.0	0.0	22.0	0.0	0.0	0.0	0.0	0.0
ko:K06861	35918.45	4337.58	71857.33	37850.01	32651.79	43302.770000000004	240131.69999999998	44418.39	18426.530000000002	38386.6
ko:K06862	0.0	0.0	0.0	0.0	20.0	0.0	0.0	0.0	0.0	0.0
ko:K06863	0.0	0.0	0.0	0.0	20.0	0.0	0.0	0.0	0.0	0.0
ko:K06864	16672.769999999997	5569.31	8353.01	6642.1900000000005	7158.2699999999995	14837.699999999999	176895.00999999998	19164.13	7139.75	14276.45
ko:K06865	0.0	0.0	0.0	0.0	20.0	0.0	0.0	0.0	0.0	0.0
ko:K06866	386.72	193.70999999999998	1126.83	146.0	1298.86	42.57	1770.79	2456.71	686.4200000000001	1808.9999999999998
ko:K06867	3462.62	665.9399999999999	1693.4299999999998	409.8	7778.41	947.41	5274.16	4037.26	2177.09	4280.33
ko:K06871	119885.55	25725.52	180407.37	112156.44	72978.4	127946.75	718950.22	100060.59	63168.920000000006	141119.38
ko:K06872	67918.44	14289.77	95605.68000000001	65405.76	44078.1	61997.259999999995	250875.09	52719.44	34963.45	64699.05
ko:K06873	0.0	0.0	0.0	0.0	63.0	0.0	0.0	0.0	0.0	0.0
ko:K06874	0.0	0.0	0.0	0.0	20.0	0.0	0.0	0.0	0.0	0.0
ko:K06875	0.0	0.0	0.0	0.0	20.0	0.0	0.0	0.0	0.0	0.0
ko:K06876	1.0	0.0	0.0	0.0	4.0	0.0	2.5	0.0	5.0	0.0
ko:K06877	4551.84	958.84	785.1700000000001	8111.5	1583.67	2669.13	9196.17	2688.67	1645.0	2691.5
ko:K06878	850.23	298.71	442.13	560.8	3506.6800000000003	1952.6999999999998	31006.019999999997	3674.39	1583.7800000000002	2768.67
ko:K06879	2249.8199999999997	476.40999999999997	1546.6599999999999	766.0	3917.0400000000004	741.6800000000001	3724.86	3113.45	1266.42	2518.9999999999995
ko:K06880	326.8	117.0	225.6	173.39999999999998	579.0	50.31999999999999	189.4	184.4	12.4	20.2
ko:K06881	75104.54999999999	16598.92	96119.93000000002	67685.09	45212.58	77913.86	466103.13	62507.200000000004	39347.270000000004	79174.83
ko:K06882	269.16999999999996	115.67	42.83	371.67	38.5	18.0	647.17	12.67	872.0	198.5
ko:K06883	308.33	146.0	140.5	7316.5	207.0	120.0	915.0	171.0	123.0	407.0
ko:K06884	475.72	193.70999999999998	148.14000000000001	100.0	3988.79	15.13	1862.51	2210.2799999999997	850.41	3487.1500000000005
ko:K06885	16460.39	1708.3899999999999	8161.46	8621.79	16709.39	13900.439999999999	30394.06	4532.25	9608.04	17892.989999999998
ko:K06886	8.0	6.0	66.83	165.8	907.8299999999999	101.19999999999999	269.27	36.34	10.0	0.0
ko:K06887	388.43	193.70999999999998	141.0	58.0	2577.11	11.57	1726.29	2192.71	552.4200000000001	1807.57
ko:K06888	1968.29	260.8	151.81	338.56	236.79000000000002	542.9	1358.27	1024.5	202.9	479.59
ko:K06889	168312.77	31523.510000000002	209691.65000000002	161637.9	118548.95	138782.15	688496.23	122471.89000000001	93628.79	200472.39
ko:K06890	21587.35	4701.17	71433.63	31129.63	9576.789999999999	20507.68	74604.18	21814.35	10267.43	23448.07
ko:K06891	17118.5	1626.5300000000002	59380.34	15837.099999999999	15526.82	17040.65	24378.489999999998	7507.13	7598.71	17057.87
ko:K06893	4.0	0.0	0.0	45.67	2202.5	20.0	76.0	0.0	4.0	0.0
ko:K06894	13546.35	1889.02	1511.19	5193.0	13045.269999999999	4333.35	18289.730000000003	11611.89	8891.75	20775.320000000003
ko:K06895	1891.73	923.87	432.03	612.6	4762.280000000001	653.55	5075.889999999999	3922.629999999999	2001.6699999999998	6105.0
ko:K06896	1037.4	190.0	1406.83	569.0	551.09	2182.5299999999997	31352.85	2042.5299999999997	1180.0	2827.95
ko:K06897	13308.61	2566.9900000000002	40113.17	7168.0	6232.869999999999	10054.57	28197.229999999996	6611.379999999999	5235.62	12040.650000000001
ko:K06898	12827.529999999999	4252.97	8469.51	4936.1900000000005	6619.94	4133.870000000001	33959.68	7714.960000000001	7876.25	15749.95
ko:K06899	620.72	335.71	1231.83	246.0	3467.359999999999	88.57	2616.29	2494.71	690.4200000000001	1808.9999999999998
ko:K06901	42730.47	11289.18	89221.52	55975.270000000004	24757.719999999998	40532.649999999994	292370.15	42671.71	26222.019999999997	58146.45
ko:K06902	16267.09	6651.0599999999995	6450.1	7321.75	4606.2	6854.58	36781.03999999999	9660.63	9132.98	23930.13
ko:K06903	6068.06	310.03999999999996	402.0	2399.16	2498.11	225.07	1820.79	2306.71	1117.4199999999998	9059.0
ko:K06904	5083.75	2617.5	5518.58	4478.0	3035.33	2783.84	17958.75	1351.17	5955.0	15569.25
ko:K06905	2242.22	410.51	980.0	933.0	2517.81	442.07	3656.79	2649.21	758.92	2047.4999999999995
ko:K06906	388.43	193.70999999999998	133.86	55.0	2379.11	11.57	1582.5	2185.57	408.43	129.42
ko:K06907	13625.060000000001	702.04	1282.0	5475.16	2772.11	1150.07	4039.79	3280.71	1951.75	17308.0
ko:K06908	2339.22	423.71	1226.0	1053.0	2503.61	472.07	3584.79	2651.21	583.25	1828.4999999999998
ko:K06909	5049.0	2752.0	3985.9399999999996	5485.0	1468.8	7298.83	28731.47	4758.4	5398.6	11180.0
ko:K06910	3808.3199999999997	772.3699999999999	2606.83	555.78	2756.5500000000006	774.41	6898.7699999999995	5153.45	3452.93	9627.0
ko:K06911	30921.02	4398.99	2813.05	12974.24	40731.79	21016.67	81388.24	29521.13	20444.14	39845.07000000001
ko:K06913	0.0	0.0	0.0	0.0	20.0	0.0	0.0	0.0	0.0	0.0
ko:K06914	0.0	0.0	0.0	0.0	20.0	0.0	0.0	0.0	0.0	0.0
ko:K06915	8011.84	1666.75	6431.040000000001	3260.73	4081.9400000000005	18791.67	96196.13	5381.110000000001	4198.42	15171.89
ko:K06916	397.72	196.70999999999998	143.0	82.0	4705.61	31.57	1808.29	2286.71	777.42	1808.9999999999998
ko:K06917	519.72	205.69	169.14	100.0	3124.5200000000004	123.21000000000001	2839.96	2306.35	960.78	2149.0699999999997
ko:K06918	386.72	193.70999999999998	1126.83	146.0	1298.86	42.57	1770.79	2456.71	686.4200000000001	1808.9999999999998
ko:K06919	61374.969999999994	14253.65	35357.18	31875.82	20097.43	36274.950000000004	99544.66	37350.66	32324.329999999998	66010.8
ko:K06920	34257.08	4793.5	79412.69	42396.04	28340.68	50308.23	252079.81	35833.06	16344.130000000001	31657.489999999998
ko:K06921	70806.51000000001	6218.710000000001	400669.9	29373.1	40058.44	83484.40000000001	119045.82000000002	36321.17	23657.2	78350.4
ko:K06922	0.0	0.0	0.0	0.0	0.0	0.0	18.0	9.0	4.0	7.0
ko:K06923	31326.21	9161.11	25037.370000000003	27223.489999999998	6828.3	14739.57	87551.77	16274.95	21080.949999999997	43981.3
ko:K06925	74579.95000000001	16759.46	96652.94	67337.95000000001	48178.03	77841.94	469512.55999999994	65579.23999999999	41090.93	85913.72
ko:K06926	27240.46	4035.31	11330.41	44105.479999999996	18358.82	18782.47	49469.62	8657.37	15937.18	37706.63
ko:K06927	0.0	0.0	0.0	0.0	20.0	0.0	0.0	0.0	0.0	0.0
ko:K06928	5076.66	1959.6599999999999	972.3299999999999	442.34000000000003	1969.67	406.67	2396.4	1716.8400000000001	88.5	248.0
ko:K06929	2337.72	495.19	619.39	622.33	2905.2699999999995	2373.8399999999997	32911.29	4232.6	4746.38	5627.82
ko:K06931	0.0	0.0	1206.0	34.0	0.0	997.0	7100.0	4116.0	0.0	0.0
ko:K06932	0.0	0.0	0.0	0.0	20.0	0.0	0.0	0.0	0.0	0.0
ko:K06933	6.0	3.93	8.14	8.0	22.21	1.64	108.5	36.14	0.36	6.07
ko:K06934	11587.73	2947.78	5632.35	5648.089999999999	3036.63	4159.139999999999	15453.760000000002	8115.67	4714.32	9960.599999999999
ko:K06936	0.0	0.0	0.0	0.0	20.0	0.0	0.0	0.0	0.0	0.0
ko:K06937	1798.6	283.0	265.0	84.0	314.0	98.0	1200.0	408.5	600.9999999999999	872.0
ko:K06938	396.72	193.70999999999998	143.0	63.0	3575.359999999999	11.57	1748.79	2286.71	642.42	1808.9999999999998
ko:K06940	26144.23	8061.63	19136.199999999997	17072.2	13392.19	15461.11	84041.94	15916.18	18132.68	34462.2
ko:K06941	81163.66	17959.96	97380.63	67948.95000000001	49519.48	78443.45000000001	470225.41000000003	66662.41	41365.94	88436.14
ko:K06942	77521.66	16798.46	96645.79999999999	67334.95000000001	48225.600000000006	77841.94	469329.34	66076.17	40784.94	85182.14
ko:K06943	0.0	0.0	0.0	0.0	20.0	0.0	0.0	0.0	0.0	0.0
ko:K06944	0.0	0.0	0.0	0.0	20.0	0.0	0.0	0.0	0.0	0.0
ko:K06945	0.0	0.0	0.0	0.0	42.0	20.0	76.0	176.5	123.0	0.0
ko:K06946	18.0	0.0	20.14	3.0	180.43	0.0	161.22	33.57	280.99	1685.1500000000003
ko:K06948	1647.36	288.0	778.71	549.36	2296.69	2005.1299999999999	30621.019999999997	1614.65	1247.35	2759.4700000000003
ko:K06949	82611.37	18025.8	96725.15	69875.20000000001	48021.97	78948.24	469182.15	66887.48999999999	43650.35999999999	94765.47
ko:K06950	75803.42	13356.0	154962.7	64654.0	51452.15	89626.97	330898.62	51954.55	49146.03999999999	101339.4
ko:K06951	1497.0	327.3	368.0	207.0	418.2	337.0	7158.0	526.75	558.25	758.75
ko:K06952	4788.34	1688.0	4697.28	1637.33	911.0	750.5	4249.57	583.67	2463.0	7874.0
ko:K06953	0.0	0.0	0.0	0.0	94.0	0.0	0.0	0.0	9.0	0.0
ko:K06954	0.0	3.0	0.0	0.0	7.0	0.0	0.5	5.5	24.0	0.0
ko:K06955	2.0	0.0	0.0	5.0	1084.25	3.56	0.0	1.5	9.0	0.0
ko:K06956	624.22	250.07	380.53	677.13	2192.9700000000003	499.48	6588.81	3444.7699999999995	1033.79	2928.84
ko:K06957	386.72	193.70999999999998	1126.83	146.0	1298.86	42.57	1770.79	2458.21	686.4200000000001	1808.9999999999998
ko:K06958	43359.03	12772.59	28133.380000000005	31546.27	13356.75	45669.75000000001	369016.85	35411.33	24537.58	54625.54
ko:K06959	59966.64	13760.46	92009.88	61193.700000000004	39802.97	44733.95	191782.15999999997	39906.740000000005	32220.690000000002	72579.61
ko:K06960	44915.31	13251.710000000001	27841.72	31408.47	18969.81	46205.0	382305.62	35089.12	24380.33	50485.369999999995
ko:K06961	0.0	0.0	0.0	0.0	20.0	0.0	0.0	0.0	0.0	0.0
ko:K06962	5383.29	1484.49	3594.99	3021.13	1821.8000000000002	13521.599999999999	187092.6	13720.67	2681.01	10078.32
ko:K06965	0.0	0.0	0.0	0.0	20.0	0.0	0.0	0.0	0.0	0.0
ko:K06966	51418.600000000006	9520.21	85283.93	74165.58	42105.55	48706.92	164669.96	40452.91	24000.050000000003	51758.56999999999
ko:K06967	42877.4	12607.05	27280.690000000002	31121.29	14275.45	44453.670000000006	369712.2	31637.359999999997	22114.91	44818.45
ko:K06968	937.72	250.70999999999998	1214.83	151.0	2676.11	125.57	2585.29	2748.21	1214.42	2435.0
ko:K06969	105403.13	25522.97	115168.48999999999	83773.63	66028.28	81201.94	391758.16000000003	78998.86000000002	59723.18	113946.76000000001
ko:K06970	1273.72	575.3100000000001	520.0	1210.0	5222.71	1523.17	3242.79	2969.51	2761.82	4485.400000000001
ko:K06971	900.2	224.0	179.0	131.0	223.1	364.76	552.8	871.0	142.2	486.6
ko:K06972	23720.57	5856.84	20454.07	13744.33	3584.4800000000005	20482.04	183564.47	21000.260000000002	11165.39	26128.12
ko:K06973	57296.64	12518.72	27625.699999999997	59109.03	40052.64	50968.53	260625.83999999997	43786.78	29891.839999999997	59313.94
ko:K06974	0.0	0.0	1643.67	0.0	0.0	2089.83	277.67	35.0	1.0	0.0
ko:K06975	30333.050000000003	5381.65	3754.2799999999997	39536.479999999996	22977.560000000005	29801.9	225880.93	42514.11	16018.710000000001	41903.97
ko:K06976	2665.99	683.9399999999999	122.64	372.0	179.88	434.77000000000004	2081.83	511.97	245.36	432.07
ko:K06977	0.8	11.0	21.6	74.8	5.0	3.56	481.20000000000005	23.0	72.0	40.0
ko:K06978	5652.280000000001	2356.99	339.5	1864.7299999999998	5115.65	6985.079999999999	12439.890000000001	4854.799999999999	8122.790000000001	13905.87
ko:K06979	0.0	0.0	0.0	34.0	99.0	0.57	15.0	0.0	0.0	0.0
ko:K06980	1938.7199999999998	322.53999999999996	1246.33	257.67	2588.61	135.07999999999998	2962.13	2692.72	1307.4199999999998	4356.0
ko:K06981	0.0	0.0	0.0	0.0	20.0	0.0	0.0	0.0	0.0	0.0
ko:K06982	0.0	0.0	0.0	0.0	20.0	0.0	0.0	0.0	0.0	0.0
ko:K06984	0.0	0.0	0.0	0.0	20.0	0.0	0.0	0.0	0.0	0.0
ko:K06985	7.0	0.0	0.0	10.0	2160.5	0.0	7.5	0.0	4.0	0.0
ko:K06986	111.0	12.0	0.0	5.0	1084.25	33.0	20.0	98.0	5.0	0.0
ko:K06987	16042.830000000002	3841.34	22748.91	21619.84	3020.25	14770.57	27358.34	7483.34	14970.0	33772.43
ko:K06988	1710.0	323.0	431.5	572.25	1287.0	609.25	4448.0	2650.5	93.25	576.0
ko:K06989	17257.48	1883.69	4348.9	5907.429999999999	4777.15	5838.45	12390.16	6196.47	8586.220000000001	22103.07
ko:K06990	6177.389999999999	880.61	34131.83	155.75	510.27	2737.15	1556.1	1410.83	2665.65	1657.2
ko:K06991	2.0	3.0	0.0	5.0	1174.25	0.0	7.0	0.0	9.0	0.0
ko:K06992	7.0	0.0	2.0	5.0	1099.25	0.0	5.5	8.5	29.0	0.0
ko:K06993	9172.7	2404.83	11995.14	11025.5	1406.5	16092.14	175017.22	13779.79	6095.009999999999	12703.17
ko:K06994	229.0	142.0	175.0	179.8	1514.0	137.25	2284.6	106.0	33.0	85.0
ko:K06995	8.0	0.0	0.0	20.0	4419.0	0.0	14.0	83.0	88.0	0.0
ko:K06996	7827.1900000000005	604.4000000000001	541.54	3663.0	6146.080000000001	1371.47	5219.42	4199.969999999999	2034.19	10407.579999999998
ko:K06997	74438.1	16735.46	96254.69	67238.39	47872.91	77728.94	468661.27	65323.77	40703.94	84099.35
ko:K06998	2714.72	1568.6599999999999	284.83	776.6700000000001	3158.37	731.6300000000001	1933.0	1421.17	626.9	1785.2
ko:K06999	3680.22	334.71	243.5	408.05	5883.21	45.449999999999996	6926.99	4572.209999999999	1040.17	5583.4
ko:K07000	2498.44	551.92	117086.17	8901.0	3844.7999999999997	20800.31	15959.59	10449.759999999998	1955.8400000000001	6071.0
ko:K07001	95027.15	14009.380000000001	80317.9	83574.18	86439.43	71582.1	206786.8	65443.06	50761.549999999996	94454.9
ko:K07002	11.0	3.0	4.0	39.8	1216.25	0.0	57.1	263.0	154.0	817.0
ko:K07003	51200.11	12176.62	87137.73000000001	33555.26	17314.88	45875.91	174771.76	24088.6	32697.87	71259.67
ko:K07004	5819.0	133.13	202.67	2327.67	1785.6200000000001	4471.57	6240.42	652.92	583.5	7026.25
ko:K07005	55856.83	13216.279999999999	83157.86	73120.11	29521.57	66149.26	374454.83	46442.83	26441.56	60650.55
ko:K07006	1539.04	179.5	121.25	185.75	2782.5499999999997	320.56	2587.35	981.75	834.25	3489.63
ko:K07007	76793.69	20961.260000000002	112986.05000000002	55033.85	31133.829999999998	85745.78	581724.3500000001	63180.99	43155.47	89928.13
ko:K07008	0.0	0.0	0.0	0.0	25.0	10.0	38.0	1.5	0.0	0.0
ko:K07009	9258.89	2280.8199999999997	3340.69	11723.22	5568.280000000001	4414.34	74999.45999999999	4889.37	3142.52	6355.95
ko:K07010	26881.57	6959.76	7064.85	9385.91	6403.07	8862.68	74257.98999999999	12311.04	10434.45	34187.61
ko:K07011	115417.61	18921.33	151927.24	75023.04999999999	77921.23999999999	83795.25	234792.98	73837.04999999999	56332.869999999995	121704.83
ko:K07012	26074.210000000003	7197.64	48583.64	29319.129999999997	8390.34	34895.52	129842.06	18996.8	13356.77	25493.82
ko:K07013	697.0	114.0	0.0	0.0	311.0	86.0	869.0	290.0	192.0	140.0
ko:K07014	1872.32	295.90999999999997	2812.5	633.0	2752.7100000000005	2290.9999999999995	2131.86	2601.1099999999997	1222.42	4262.0
ko:K07015	34592.16	10017.11	26098.6	21267.46	11759.05	34081.2	191952.65000000002	19349.54	22091.800000000003	47866.55
ko:K07016	172.0	34.5	1657.67	46.0	72.0	2169.33	2809.0699999999997	635.5	22.0	75.0
ko:K07017	14511.32	1284.49	1874.9900000000002	6606.93	4363.5599999999995	4702.76	35923.54	4461.39	5215.539999999999	20936.62
ko:K07018	3055.0	44.0	2.0	19.0	1205.25	0.0	12.5	606.0	59.0	131.0
ko:K07019	2570.7200000000003	437.21	311.83000000000004	191.0	2834.94	166.08	2583.46	2621.05	1796.4199999999998	4888.0
ko:K07020	20.0	0.0	0.0	5.0	1114.25	10.0	38.0	6.5	4.0	6.0
ko:K07022	25.0	0.0	20.0	38.0	25.0	33.0	134.0	17.0	0.0	6.0
ko:K07023	54158.18	14196.65	29324.079999999998	50454.3	16563.27	40349.399999999994	213259.21999999997	25032.63	27635.699999999997	52354.3
ko:K07024	0.0	0.0	0.0	34.0	0.0	0.0	0.0	0.0	0.0	0.0
ko:K07025	155262.63999999998	29964.79	288884.32	154634.3	104692.93000000001	151385.75	586425.53	107715.38	82223.55	174801.35
ko:K07026	386.43	193.70999999999998	141.0	53.0	1298.86	11.57	1719.79	2192.71	652.4200000000001	1807.57
ko:K07027	53812.44	8826.970000000001	86984.95000000001	50070.240000000005	31936.04	38482.96	83514.24	30382.54	19928.0	49254.229999999996
ko:K07028	106.0	0.0	35.0	5.0	1110.25	10.0	902.5	6.5	9.0	6.0
ko:K07029	6091.92	1603.73	9203.09	8704.560000000001	2905.27	8024.7699999999995	47587.35999999999	5487.93	6908.11	15020.02
ko:K07030	43235.96000000001	12713.880000000001	27518.02	31117.190000000002	14110.510000000002	45456.17	374689.79	32083.53	22681.16	48542.34
ko:K07031	2061.57	327.17	1570.43	645.67	2565.5	585.4	3360.67	3791.0700000000006	1419.6000000000001	2599.2
ko:K07032	704.0	391.83	26.0	90.47	1833.25	599.4000000000001	1841.4299999999998	1731.8400000000001	956.17	21.83
ko:K07033	38067.46	12122.89	28845.589999999997	27979.64	8512.84	22324.5	142097.11000000002	14914.3	23660.52	49312.380000000005
ko:K07034	925.22	384.26	249.25	421.0	1502.56	162.63	4614.54	2479.71	1535.1699999999998	4964.0
ko:K07035	28883.12	9787.67	16988.879999999997	16055.02	9020.59	12408.470000000001	68559.63	13821.4	12990.55	23809.19
ko:K07037	30946.560000000005	4830.67	68690.02	34317.51	27025.67	30433.48	56279.92	19344.32	12339.16	19302.199999999997
ko:K07038	4277.549999999999	1585.51	699.59	388.32	5784.880000000001	440.17999999999995	8398.119999999999	5599.700000000001	2320.56	5345.03
ko:K07039	2692.72	511.21	328.83000000000004	268.0	3386.9400000000005	212.64999999999998	3474.46	2667.55	1462.4199999999998	4435.0
ko:K07040	46223.69	13313.59	28447.93	28194.94	21104.75	35084.58	230967.68000000002	26227.5	25396.25	54065.869999999995
ko:K07041	17.0	2.8	0.0	0.0	40.2	0.0	0.0	0.0	0.0	0.0
ko:K07042	49961.53	13613.92	29332.38	31669.27	21521.75	46349.08	384423.18000000005	38199.67	25664.25	55779.869999999995
ko:K07043	77431.11	17205.800000000003	62163.58	57639.81	43920.13	58483.84	285979.32	51505.840000000004	38378.42	82962.23000000001
ko:K07044	22.0	0.0	8.0	15.0	3349.75	10.0	78.0	443.0	294.0	0.0
ko:K07045	36104.47	8423.2	16972.58	26950.89	11997.39	37385.3	166709.34000000003	20780.190000000002	22592.339999999997	42809.43
ko:K07046	489.0	51.0	0.0	0.0	289.0	83.0	817.0	293.0	173.0	142.86
ko:K07048	507.72	287.71	173.86	161.0	1523.36	456.13	2750.3999999999996	2448.5699999999997	687.4300000000001	1133.28
ko:K07050	2.0	2.0	112.0	0.0	97.0	0.0	31.0	1.5	9.0	0.0
ko:K07051	485.0	315.33	0.0	53.0	2885.0	584.33	1457.33	1627.8400000000001	893.67	6.33
ko:K07052	123568.25	17579.260000000002	104161.4	96371.13	85028.21	96820.23999999999	536429.38	73347.06999999999	63904.020000000004	139547.97
ko:K07053	60980.03	15953.34	37315.89	29307.39	24354.32	70694.57	420412.81	33875.7	34798.24	84122.73999999999
ko:K07054	2005.7199999999998	346.53999999999996	1512.5	211.67000000000002	4175.03	338.24	3840.13	2709.55	1332.4199999999998	4560.0
ko:K07055	0.0	0.0	0.0	0.0	20.0	0.0	0.0	0.0	0.0	0.0
ko:K07056	106369.79	20045.0	105683.18	103061.63	74966.28	100551.48	550738.5	93453.51000000001	56422.630000000005	116972.41
ko:K07057	2.0	0.0	0.0	5.0	1080.25	0.0	0.0	0.0	0.0	0.0
ko:K07058	56172.87	11891.61	80935.38	63510.95	40990.46000000001	56140.96	330755.12	56255.45	31079.11	67433.86
ko:K07060	0.0	0.0	0.0	0.0	40.0	0.0	0.0	0.0	0.0	0.0
ko:K07061	122.0	8.0	1889.67	143.0	79.0	2201.83	338.67	48.0	1.0	0.0
ko:K07062	33.5	15.0	2.0	68.75	1310.75	27.75	260.5	46.0	48.25	438.0
ko:K07063	19.0	2.8	0.0	5.0	1100.45	0.0	0.0	0.0	0.0	0.0
ko:K07064	1.0	3.0	0.0	0.0	69.0	20.0	78.5	0.0	0.0	0.0
ko:K07065	0.0	0.0	0.0	0.0	21.0	10.0	896.0	0.0	0.0	0.0
ko:K07066	7.0	6.0	0.0	0.0	43.0	62.0	123.0	149.0	0.0	19.0
ko:K07067	332.5	119.51	134.81	432.67	973.77	137.76999999999998	7128.74	496.59	710.36	4262.07
ko:K07068	4.0	0.0	0.0	5.0	1429.25	20.0	81.0	3.0	0.0	0.0
ko:K07069	139.0	33.0	133.0	95.0	112.5	73.56	1097.0	425.75	107.25	290.75
ko:K07070	392.72	193.70999999999998	143.0	58.0	2398.11	11.57	1722.79	2286.71	732.42	1808.9999999999998
ko:K07071	4987.22	1461.64	2107.83	2088.8	11893.71	3097.7000000000003	12051.220000000001	9094.85	3977.49	4966.7300000000005
ko:K07072	0.0	0.0	0.0	0.0	20.0	0.0	0.0	0.0	0.0	0.0
ko:K07074	1748.5	147.0	352.0	183.0	708.0	267.86	207.17000000000002	684.1700000000001	583.0	2565.0
ko:K07075	34703.05	3564.6499999999996	242730.01	16013.59	23602.0	49485.16	66366.73000000001	21103.88	8536.460000000001	27187.52
ko:K07076	488.0	4.43	30.14	9.0	1123.3500000000001	238.64	744.57	97.92	29.36	27.07
ko:K07077	0.0	0.0	0.0	0.0	103.0	0.0	0.0	1.5	0.0	0.0
ko:K07078	25475.21	2775.2900000000004	2118.67	10077.23	24297.100000000006	18360.839999999997	64755.59	12511.5	14775.79	32291.77
ko:K07079	115830.51000000001	28531.54	45103.27	75108.18000000001	66452.29000000001	69574.07999999999	369071.39	73453.39	56277.259999999995	131711.21999999997
ko:K07080	26004.08	4435.36	13180.880000000001	22262.690000000002	5887.6	29135.0	322399.12	29613.699999999997	9617.9	17834.45
ko:K07081	207.5	35.0	78.0	0.0	139.0	546.0	2306.0	1072.0	0.0	0.0
ko:K07082	74727.95999999999	15876.8	96124.23	67216.15000000001	42881.6	93474.61	567882.68	64667.08	39577.020000000004	85775.06
ko:K07084	389.2	23.33	1219.5	156.47000000000003	1233.92	116.80000000000001	373.44000000000005	475.34000000000003	144.00000000000003	422.0
ko:K07085	110736.41999999998	12815.150000000001	197176.61	120397.92	108009.18999999999	124386.05	280995.06999999995	85462.14	60104.05	119216.15000000001
ko:K07086	0.0	0.0	0.0	0.0	0.0	0.0	15.0	0.0	0.0	0.0
ko:K07088	97262.8	25298.3	115626.56	98206.48000000001	31723.87	77667.38999999998	483705.01	57549.89	47885.13	102774.0
ko:K07089	37577.490000000005	12711.310000000001	21985.269999999997	46540.29	16414.21	28154.289999999997	147776.13	30992.33	28230.380000000005	58434.41
ko:K07090	79431.51000000001	20794.09	137248.61000000002	38589.04	45906.490000000005	87828.25	620521.63	65329.549999999996	35292.87	73761.12
ko:K07091	34027.78	4122.789999999999	68449.93999999999	36005.68	33672.22	32285.840000000004	90574.52000000002	35061.03	17918.210000000003	35039.020000000004
ko:K07092	2.0	0.0	0.0	5.0	1080.25	0.0	0.0	0.0	0.0	0.0
ko:K07093	35.0	8.0	13.0	52.0	1267.25	13.56	50.5	109.0	51.0	0.0
ko:K07094	24.0	2.8	20.0	79.8	662.2	37.13	169.6	12.0	0.0	0.0
ko:K07095	100426.35999999999	25670.32	117037.05000000002	109074.20999999999	55436.340000000004	81579.34	399498.95	68915.83	56340.95999999999	116448.21
ko:K07096	751.0	123.0	88.0	47.0	312.0	83.0	812.0	290.0	524.0	626.0
ko:K07097	5.6	0.0	15.0	61.0	627.0	7.69	15.0	0.0	9.0	0.0
ko:K07098	119008.69	25668.4	162885.77000000002	105651.08	72087.68	105226.26999999999	502322.81999999995	81560.07	54843.87	116818.09
ko:K07099	28990.39	9546.35	13866.009999999998	20910.16	10560.55	37523.04000000001	317334.83	27066.090000000004	13681.91	27163.52
ko:K07100	2.0	0.0	0.0	5.0	1102.25	10.0	45.0	3.0	17.0	0.0
ko:K07101	7765.0	212.82999999999998	1547.5	2312.67	779.5	2159.51	6822.84	464.01000000000005	1077.0	9480.0
ko:K07102	5905.08	767.3299999999999	248.82999999999998	7574.5	4857.58	829.8399999999999	4429.0	2774.6800000000003	1938.6699999999998	4206.83
ko:K07103	0.0	0.0	0.0	0.0	20.0	0.0	0.0	0.0	0.0	0.0
ko:K07104	416.6	108.0	257.2	431.6	1097.0	1879.1299999999999	29229.9	1192.5	1167.75	2604.5
ko:K07105	22910.63	5865.45	16410.300000000003	15985.22	5375.76	12810.01	79154.11	13381.190000000002	12773.41	23095.59
ko:K07106	30631.340000000004	3022.55	40288.69	10474.98	27814.7	22693.92	57346.24	18979.73	15920.0	35777.05
ko:K07107	83295.96	11052.89	144280.65000000002	99960.84999999999	75312.29000000001	81560.13	384881.62	79540.89	55134.42	107610.95
ko:K07108	0.0	0.0	0.0	0.0	20.0	0.0	858.0	0.0	0.0	0.0
ko:K07109	6154.65	1392.42	1586.69	2435.5	9175.79	2733.6400000000003	40131.36	16175.849999999999	7876.85	14370.419999999998
ko:K07110	0.0	0.0	75.60000000000001	42.0	467.8	71.0	108.4	44.9	1228.2	1654.0
ko:K07112	11177.04	4233.389999999999	5984.5199999999995	4769.36	9675.65	2792.94	18233.47	10357.579999999998	3258.41	7544.41
ko:K07113	392.72	193.70999999999998	143.0	92.0	3047.1100000000006	15.700000000000001	1737.79	2288.21	734.42	1808.9999999999998
ko:K07114	69242.78	9545.55	136223.04	74054.54000000001	71343.84999999999	68533.25	197739.9	67801.76999999999	36128.94	70447.45
ko:K07115	6546.5199999999995	443.90999999999997	1280.23	2680.0	3981.91	327.37	2058.09	2766.71	2480.6200000000003	10397.0
ko:K07116	4.0	0.0	0.0	10.0	2160.5	0.0	0.0	1.5	13.0	0.0
ko:K07117	18.5	0.0	0.0	0.0	624.0	4.13	22.0	1.5	5.0	0.0
ko:K07118	7107.25	626.5999999999999	587.58	3683.83	6663.179999999999	2707.81	7496.75	3417.72	2721.5	10102.9
ko:K07119	447.72	196.70999999999998	143.0	104.8	3805.359999999999	35.129999999999995	2688.39	2200.71	694.4200000000001	1814.9999999999998
ko:K07120	1683.3200000000002	503.51	3049.0	159.8	4095.31	115.69999999999999	2668.89	2501.71	1921.42	5721.0
ko:K07121	2357.7200000000003	392.71	1250.83	198.0	2736.11	156.57	2617.79	2858.21	1796.4199999999998	4888.0
ko:K07122	1953.7199999999998	321.21	1222.6599999999999	237.0	2623.9400000000005	114.08000000000001	1822.4599999999998	2595.5499999999997	1277.4199999999998	4262.0
ko:K07123	0.0	0.0	0.0	0.0	24.0	0.0	0.0	0.0	0.0	0.0
ko:K07124	37814.240000000005	9943.17	20286.27	30987.05	23686.67	20804.309999999998	160823.74	33637.649999999994	26001.47	51597.78
ko:K07125	427.0	0.0	1007.83	93.0	16.0	268.0	902.0	328.0	9.0	27.0
ko:K07126	56558.0	10670.64	92272.17	71454.97	44495.83	75474.27	393289.30000000005	63470.03	36668.009999999995	71433.67
ko:K07127	7.29	3.0	9.14	17352.0	1761.25	2019.56	2528.7900000000004	1516.14	376.99	1679.5800000000002
ko:K07129	2695.66	868.0100000000001	70.0	124.0	65.67	303.0	165.32999999999998	321.33	768.0	3083.0
ko:K07130	7001.87	2387.51	590.1800000000001	8070.63	2499.83	19235.579999999998	116503.12	3494.84	2121.1	7551.25
ko:K07131	0.0	0.0	0.0	0.0	42.0	20.0	76.0	179.5	108.0	0.0
ko:K07132	1422.4	199.0	34590.0	193.0	599.2	3115.4	2402.6	860.0	917.3999999999999	1010.2
ko:K07133	190492.69	22985.8	665340.5700000001	157608.24	125574.59	190154.58000000002	389947.56	104056.15	81410.41	223037.43
ko:K07134	0.0	0.0	0.0	0.0	20.0	0.0	0.0	0.0	0.0	0.0
ko:K07135	0.0	0.0	0.0	0.0	20.0	0.0	0.0	0.0	0.0	0.0
ko:K07136	386.72	193.70999999999998	141.0	53.0	1298.86	11.57	1726.79	2196.71	681.4200000000001	1808.9999999999998
ko:K07137	108179.93	27887.54	120518.20999999999	93758.98999999999	51758.049999999996	106882.68999999999	611911.4400000001	79102.0	56013.97	117091.27
ko:K07138	60051.47	11835.17	21980.989999999998	26191.02	34847.24	27222.97	135447.16	48202.950000000004	28129.88	63588.649999999994
ko:K07139	54154.020000000004	10184.21	85046.29000000001	57752.53999999999	37408.55	71439.77	441640.88999999996	54194.490000000005	28163.34	57794.53
ko:K07140	388.72	196.70999999999998	141.0	58.0	2597.11	21.57	1764.79	2199.71	700.42	1808.9999999999998
ko:K07141	29369.66	8239.66	14089.31	15734.83	9512.990000000002	11162.91	44487.990000000005	14360.05	12268.73	24291.57
ko:K07142	0.0	0.0	0.0	0.0	20.0	0.0	0.0	0.0	0.0	0.0
ko:K07144	0.0	0.0	0.0	0.0	20.0	0.0	0.0	0.0	0.0	0.0
ko:K07145	0.0	0.0	0.0	49.6	725.0	0.57	20.6	0.0	0.0	0.0
ko:K07146	815.52	298.71	404.6	510.8	3747.1100000000006	1917.6999999999998	30866.989999999998	3624.71	1888.67	4404.0
ko:K07147	389.72	196.70999999999998	141.0	58.0	2476.11	11.57	1729.29	2196.71	692.4200000000001	1808.9999999999998
ko:K07148	36403.08	5630.58	5793.57	32104.859999999997	38365.16	33556.299999999996	74608.23	30301.93	23361.010000000002	43168.53
ko:K07149	7651.98	3231.52	39395.119999999995	12866.0	5043.11	6024.48	12969.76	6224.110000000001	3070.55	6624.549999999999
ko:K07150	18470.879999999997	4908.43	15025.25	6718.99	6755.32	6095.7699999999995	52799.47	10866.65	10095.14	27549.63
ko:K07151	1995.0	1035.0	148.0	65.0	333.0	107.0	1216.0	444.0	552.0	943.0
ko:K07152	55.6	20.200000000000003	28.0	77.0	2409.85	195.3	333.4	109.39999999999999	18.0	6.0
ko:K07153	392.72	193.70999999999998	1128.83	151.0	2398.11	42.57	1773.79	2548.21	737.42	1808.9999999999998
ko:K07154	73054.23000000001	10611.65	273913.89	88062.26000000001	53216.31	96914.05	153307.29	44651.979999999996	42763.39	88556.41
ko:K07155	0.0	0.0	0.0	34.0	0.0	0.0	0.0	0.0	0.0	0.0
ko:K07156	386.72	193.70999999999998	141.0	53.0	1950.86	15.13	1755.79	2206.71	708.42	1808.9999999999998
ko:K07157	3.0	3.0	0.0	5.0	1181.25	0.0	9.5	1.5	9.0	0.0
ko:K07158	229.0	142.0	105.0	90.0	28.0	46.0	843.0	38.0	0.0	0.0
ko:K07159	0.0	0.0	0.0	0.0	20.0	0.0	0.0	0.0	0.0	0.0
ko:K07160	2228.81	406.84	1706.0	498.28999999999996	6397.009999999999	643.41	6100.99	3510.96	1186.57	3356.63
ko:K07161	60.0	5.0	0.0	0.0	116.0	10.0	55.0	14.0	5.0	0.0
ko:K07162	8055.87	2610.66	3151.67	4201.34	3047.2799999999997	976.31	7692.02	2350.18	861.26	3162.67
ko:K07164	34904.96	5746.1	67937.09000000001	35938.68	32363.050000000003	32223.85	92510.82	30704.01	19398.36	34583.6
ko:K07165	245.58	31.0	35533.67	34262.0	11742.5	8740.83	5471.67	2965.0	85.0	2.86
ko:K07166	40611.350000000006	11736.12	84975.20000000001	55066.57000000001	13898.04	57372.729999999996	389194.51999999996	38286.8	22856.300000000003	49686.08
ko:K07168	1405.29	181.0	178.0	52.0	1786.25	166.0	1636.5	675.0	858.0	936.4300000000001
ko:K07169	2.0	0.0	0.0	5.0	1101.25	10.0	49.5	0.0	4.0	0.0
ko:K07171	69932.46	15654.98	46204.34	46546.22	21805.91	47335.14	252013.32	40921.020000000004	37720.65	69905.02
ko:K07172	2820.0299999999997	340.71	283.69	180.0	1550.06	95.41	2279.17	2349.81	1580.0300000000002	5262.62
ko:K07173	45786.91	11742.810000000001	88822.66	56901.4	27469.620000000003	58252.84	262069.97000000003	32645.120000000003	23628.120000000003	49618.61
ko:K07175	21540.6	3485.8500000000004	2821.08	9467.0	19325.98	11623.84	31692.04	9110.039999999999	6796.9	17075.4
ko:K07176	0.0	0.0	0.0	0.0	99.0	0.0	0.0	0.0	0.0	0.0
ko:K07177	1393.55	179.32999999999998	369.52	534.4200000000001	3507.97	1905.13	32121.869999999995	2245.17	1294.1	3398.95
ko:K07178	2.0	0.0	0.0	5.0	1100.25	0.0	0.0	1.5	112.0	0.0
ko:K07180	514.22	204.95999999999998	194.0	115.0	3202.0	102.69999999999999	3910.3599999999997	2318.4900000000002	695.4200000000001	1819.9999999999998
ko:K07182	10.0	0.0	20.0	43.0	1220.25	33.57	166.5	15.0	6.0	0.0
ko:K07183	8.89	3.0	25.61	13.56	1206.14	0.0	1022.67	183.0	56.0	24.89
ko:K07184	1638.7199999999998	266.71	1160.83	151.0	2443.11	73.57	1802.79	2488.21	1225.42	4274.0
ko:K07186	2.29	0.0	992.97	101.0	1082.68	31.0	194.22	277.57	314.99	1679.5800000000002
ko:K07189	2.25	0.0	0.0	0.0	0.0	0.0	0.0	0.0	0.0	0.0
ko:K07190	0.0	0.0	0.0	0.0	527.0	0.0	0.0	0.0	0.0	0.0
ko:K07192	19437.02	4813.57	10845.130000000001	12161.4	10910.97	13997.709999999997	31449.940000000002	9606.279999999999	14720.19	31020.9
ko:K07212	0.0	0.0	0.0	0.0	1.0	0.0	0.0	0.0	0.0	0.0
ko:K07213	10518.779999999999	2493.64	60933.759999999995	5582.469999999999	11672.470000000001	12719.27	42413.1	12402.15	8743.78	17373.27
ko:K07214	51373.1	3485.54	67897.01	49055.3	31157.960000000003	31387.51	66068.55	25866.86	17471.530000000002	54662.12999999999
ko:K07215	2.0	0.0	0.0	5.0	1080.25	0.0	0.0	0.0	4.0	0.0
ko:K07216	17077.57	4422.78	25191.65	21537.059999999998	2876.65	15821.7	46164.7	7416.550000000001	16896.55	23183.95
ko:K07217	3862.5	800.0	408.66999999999996	1742.5	4810.69	510.69	7099.7	1993.18	6331.5	11884.83
ko:K07218	1217.0	73.0	34.0	5.0	1220.25	48.17	39.67	21.67	537.0	2453.0
ko:K07219	4541.4400000000005	586.38	1339.83	3087.16	2225.0299999999997	656.01	7136.67	1302.0900000000001	1225.25	3621.75
ko:K07220	27515.86	3716.62	3535.2	17586.559999999998	21181.190000000002	34151.06999999999	338085.73	39178.95	10202.09	24941.47
ko:K07221	12365.86	2979.0699999999997	890.2	28047.86	18388.95	14447.95	28242.57	10821.119999999999	11433.990000000002	18711.73
ko:K07222	2.29	0.0	0.0	12.8	1290.25	0.0	21.0	3.0	72.0	1.43
ko:K07223	7060.22	743.8100000000001	797.25	3755.13	6246.71	3369.67	32449.64	4243.51	4486.07	14066.900000000001
ko:K07224	801.7199999999999	289.71	362.0	430.8	2318.86	1886.57	30574.89	3421.71	1807.92	4440.5
ko:K07225	388.72	196.70999999999998	141.0	58.0	2473.11	11.57	1726.79	2196.71	681.4200000000001	1808.9999999999998
ko:K07226	2.0	0.0	0.0	5.0	1085.25	0.0	76.0	0.0	4.0	0.0
ko:K07227	1600.4299999999998	266.71	167.86	50.0	1343.43	42.57	1608.57	2201.14	910.4300000000001	2582.42
ko:K07228	19.5	6.8	0.0	68.0	108.2	13.56	38.0	4.5	0.0	0.0
ko:K07229	386.72	193.70999999999998	141.0	53.0	1298.86	11.57	1719.79	2196.71	685.4200000000001	1808.9999999999998
ko:K07230	52.75	43.33	1027.75	464.09000000000003	1583.9699999999998	11010.0	152720.02	12538.59	175.25	756.6300000000001
ko:K07231	1544.5	268.5	331.5	486.5	2116.75	604.5	3629.0	2345.5	4.0	0.0
ko:K07232	386.72	196.70999999999998	141.0	53.0	1489.86	11.57	1726.79	2196.71	690.4200000000001	1808.9999999999998
ko:K07233	6.0	0.0	2.0	5.0	1202.25	0.0	3.0	94.0	62.0	0.0
ko:K07234	3.0	0.0	985.83	98.0	1178.25	31.0	53.5	260.0	12.0	0.0
ko:K07235	392.72	193.70999999999998	1128.83	151.0	2398.11	42.57	1773.79	2548.21	737.42	1808.9999999999998
ko:K07236	388.72	193.70999999999998	1126.83	151.0	2379.11	42.57	1770.79	2458.21	690.4200000000001	1808.9999999999998
ko:K07237	388.72	193.70999999999998	1126.83	151.0	2379.11	42.57	1770.79	2458.21	690.4200000000001	1808.9999999999998
ko:K07238	78566.32999999999	18478.79	98940.44	47577.94	34413.39	58785.55	310033.64	54027.17	44102.53	81529.41
ko:K07239	485.0	312.33	0.0	53.0	2853.0	584.33	1457.33	1626.3400000000001	893.67	6.33
ko:K07240	174683.99	34104.66	315706.24	136699.59999999998	111148.25	180600.99	719143.72	124904.36	90033.84	173132.7
ko:K07241	54.29	2.8	7.140000000000001	10.8	45.2	13.56	182.79	11.14	305.99	1679.5800000000002
ko:K07243	857.4699999999999	333.03999999999996	1424.75	913.8900000000001	5007.08	12910.13	183504.41	15960.3	2010.17	5252.13
ko:K07244	0.0	0.0	0.0	0.0	20.0	0.0	0.0	0.0	0.0	0.0
ko:K07245	386.72	196.70999999999998	141.0	53.0	1993.86	25.130000000000003	2644.79	2203.71	708.42	1808.9999999999998
ko:K07246	819.69	128.0	241.0	336.0	1001.6300000000001	811.96	452.03	895.9300000000001	239.4	1206.63
ko:K07248	3039.0	1114.7	557.5	1140.4299999999998	3479.01	2675.6499999999996	7883.9800000000005	3936.51	3589.21	6072.37
ko:K07250	4953.389999999999	1179.38	5411.08	6319.67	2663.2899999999995	3092.38	11248.64	4145.8099999999995	4288.42	5557.249999999999
ko:K07251	408.32000000000005	193.70999999999998	194.0	76.0	1298.86	98.57	3811.19	2302.71	681.4200000000001	1813.9999999999998
ko:K07254	0.0	0.0	0.0	0.0	20.0	0.0	0.0	0.0	0.0	0.0
ko:K07256	0.0	0.0	0.0	0.0	94.0	0.0	0.0	0.0	0.0	0.0
ko:K07257	6687.0	245.8	161.0	2226.0	1413.2	2210.0	7275.0	789.0	932.0	7396.0
ko:K07258	176055.71	49661.92	103065.44	117364.15000000001	56509.22	129747.98999999999	857006.46	101633.53	83833.70999999999	170682.11000000002
ko:K07259	25004.1	2667.08	68662.0	33783.6	25284.260000000002	29210.44	53878.64	19888.47	9707.36	22132.47
ko:K07260	51853.06	12941.310000000001	28971.65	30725.3	21067.589999999997	47534.490000000005	360796.58	33765.270000000004	28262.42	55903.75
ko:K07261	386.72	193.70999999999998	1126.83	146.0	1298.86	42.57	1770.79	2456.71	686.4200000000001	1808.9999999999998
ko:K07262	2707.72	447.21	1302.6599999999999	284.0	2855.94	197.08	2641.46	2884.5499999999997	1801.4199999999998	4894.0
ko:K07263	72063.98999999999	8315.76	127716.76	85751.86	65530.12	63945.8	166985.14	59109.270000000004	35809.77	75041.52
ko:K07264	394.32000000000005	193.70999999999998	141.0	58.0	2379.11	11.57	1719.79	2196.71	581.4200000000001	1808.9999999999998
ko:K07265	1524.0	151.0	88.0	0.0	964.0	249.0	2439.0	874.0	595.0	583.0
ko:K07266	546.0	55.0	88.0	0.0	386.0	83.0	819.0	294.0	249.0	303.0
ko:K07267	1497.3899999999999	941.99	58340.67	17076.0	8979.75	13575.82	15256.66	10783.02	2818.0099999999998	18.990000000000002
ko:K07268	386.72	193.70999999999998	1126.83	146.0	1298.86	42.57	1770.79	2456.71	686.4200000000001	1808.9999999999998
ko:K07269	386.72	193.70999999999998	141.0	53.0	1298.86	11.57	1719.79	2196.71	681.4200000000001	1808.9999999999998
ko:K07270	22.5	0.0	1973.66	214.0	22.0	79.17	110.17	534.17	97.0	244.0
ko:K07271	56077.0	12410.24	149666.3	43910.18	25520.519999999997	47060.19	99727.01000000001	28889.45	30370.219999999998	53290.38
ko:K07272	5245.0	2821.16	1579.0	3031.67	3977.67	4384.33	45337.25	4173.76	5656.27	11232.08
ko:K07273	19132.989999999998	2625.54	348668.8	35089.899999999994	19736.45	68564.88	102277.05	26778.410000000003	13197.27	29803.090000000004
ko:K07274	933.01	251.70999999999998	282.97	189.0	1686.69	135.08	2676.75	2520.69	1245.4099999999999	3791.58
ko:K07275	1200.72	340.71	288.0	58.0	3287.11	262.57	2568.79	2516.71	789.42	1808.9999999999998
ko:K07276	3453.6	353.33	0.0	53.0	2857.0	584.33	1457.33	2308.34	957.67	954.33
ko:K07277	38622.020000000004	5333.57	72123.33	38984.44	35623.939999999995	45434.34999999999	243101.99	45064.69	22147.82	43573.9
ko:K07278	1247.72	319.71	1263.6599999999999	284.0	2797.94	166.08	2602.46	2866.0499999999997	1266.42	2441.0
ko:K07279	386.43	193.70999999999998	133.86	50.0	1296.43	11.57	1576.57	2179.14	375.43	129.42
ko:K07281	485.0	312.33	0.0	53.0	0.0	584.33	1457.33	1626.3400000000001	893.67	6.33
ko:K07282	77022.77	16374.829999999998	90859.34	40051.21000000001	40051.96	61848.659999999996	291265.68000000005	37280.990000000005	42108.380000000005	87699.24
ko:K07283	4891.22	1029.21	311.5	2130.0	5995.860000000001	2440.0699999999997	36612.29	12077.71	7452.419999999999	14101.0
ko:K07284	35845.350000000006	9169.15	21929.08	39655.32	14482.66	18521.260000000002	117738.67	17150.29	18871.44	45809.44
ko:K07285	773.1500000000001	387.41999999999996	1260.69	196.0	2595.29	54.14	3347.36	4637.349999999999	1061.8500000000001	1938.4199999999998
ko:K07286	388.72	193.70999999999998	1126.83	151.0	2379.11	42.57	1770.79	2458.21	690.4200000000001	1808.9999999999998
ko:K07287	1934.7199999999998	321.21	1207.6599999999999	237.0	2523.94	114.08000000000001	1826.4599999999998	2501.0499999999997	1230.42	4262.0
ko:K07288	0.0	0.0	0.0	0.0	0.0	0.0	0.0	0.0	2.0	0.0
ko:K07289	14689.57	2053.76	1741.25	4392.25	13702.31	5797.02	44180.69	16726.41	10302.820000000002	18842.399999999998
ko:K07290	3333.72	237.70999999999998	141.0	58.0	2473.11	11.57	1726.79	2707.71	690.4200000000001	1934.0
ko:K07291	100.6	17.200000000000003	8.0	482.0	327.6	127.60000000000001	51.4	89.39999999999999	0.0	0.0
ko:K07300	387.72	194.64	186.33999999999997	91.0	1927.07	94.33999999999999	2754.96	2285.35	690.7800000000001	1820.07
ko:K07301	66429.20000000001	15106.71	37501.28	49862.14	35217.64	40726.23	191309.65999999997	41021.55	38327.45	77519.31999999999
ko:K07302	2067.13	595.21	570.36	636.5	5584.68	629.0699999999999	6059.07	4466.639999999999	394.43	129.42
ko:K07303	5.0	3.0	0.0	10.0	2160.5	0.0	30.5	0.0	19.0	0.0
ko:K07304	35697.96	5009.18	7103.28	41554.58	30946.85	20986.07	78907.95	28169.629999999997	19619.72	37705.54
ko:K07305	1520.68	571.37	401.38	285.03	4706.92	2792.8999999999996	11863.73	4675.719999999999	2006.5899999999997	2299.72
ko:K07306	6930.879999999999	1313.34	934.5200000000001	480.0	5805.1	574.47	9624.88	10290.55	4212.6900000000005	13472.849999999999
ko:K07307	6056.44	949.92	772.49	398.0	3232.21	427.84	6841.26	6278.609999999999	3114.84	11520.0
ko:K07308	954.44	461.41999999999996	571.0	310.0	2740.65	73.14	5224.01	5634.3499999999985	1284.8400000000001	3748.0
ko:K07309	1602.3000000000002	794.8399999999999	614.86	243.0	5240.01	61.28	7276.94	9129.27	2241.69	5594.56
ko:K07310	1605.72	794.8399999999999	572.72	206.0	5257.08	51.28	7087.22	8942.199999999999	1842.7	3900.98
ko:K07311	785.86	394.41999999999996	290.72	100.0	2614.79	28.14	3403.0699999999997	4514.21	753.86	275.84
ko:K07312	387.01	193.70999999999998	141.0	53.0	1298.86	11.57	1719.79	2196.71	710.4200000000001	1810.4299999999998
ko:K07313	9972.04	4841.75	7200.21	2037.66	3299.79	763.2099999999999	14032.71	7221.1	5130.6	11584.169999999998
ko:K07314	386.43	193.70999999999998	133.86	50.0	1296.43	11.57	1576.57	2179.14	375.43	129.42
ko:K07315	15564.07	2411.79	1767.3899999999999	5023.47	9715.970000000001	3050.07	13560.59	7376.82	2154.1800000000003	10755.27
ko:K07316	22553.809999999998	5058.61	31009.14	14355.46	7297.46	14415.0	45074.63	14318.920000000002	7139.57	27748.2
ko:K07317	195.0	961.93	98.39	7529.0	102.21000000000001	544.64	1239.0	1574.14	280.36	1101.0700000000002
ko:K07318	1671.75	941.41	180.75	683.25	5106.0	2556.41	7348.66	6565.18	2609.34	3096.66
ko:K07319	2374.98	546.66	1953.01	946.25	5996.66	5282.12	17498.8	11406.82	2262.88	3253.6
ko:K07320	2716.5499999999997	551.71	1351.6599999999999	7548.5	2722.4400000000005	234.08	2881.46	2920.0499999999997	1534.4199999999998	4682.5
ko:K07321	19836.36	6479.68	6603.280000000001	5864.64	6225.42	3269.2799999999997	11890.5	2984.7799999999997	3482.7200000000003	5855.14
ko:K07322	37334.88	4968.790000000001	71628.42	61861.659999999996	35522.56	42018.09	108306.86	40702.509999999995	18984.15	35878.14
ko:K07323	8576.720000000001	526.21	1297.6599999999999	284.0	2843.94	197.08	2641.46	3908.0499999999997	1801.4199999999998	5961.0
ko:K07326	2118.79	408.5	93.25	1858.0	2530.5	10958.5	150994.25	11536.5	908.75	3053.43
ko:K07332	0.0	0.0	0.0	0.0	20.0	0.0	0.0	0.0	0.0	0.0
ko:K07333	0.0	0.0	0.0	0.0	40.0	0.0	0.0	0.0	0.0	0.0
ko:K07334	15245.43	718.71	56769.61	6017.33	13039.43	13243.07	25538.62	10589.64	3993.1800000000003	10463.419999999998
ko:K07335	62268.48	21098.08	30763.289999999997	29943.829999999998	19479.510000000002	36721.46	235866.94	30094.090000000004	23019.95	58139.42
ko:K07336	393.72	199.70999999999998	135.86	55.0	2492.68	11.57	1589.07	2273.14	465.43	130.85
ko:K07337	1651.82	381.91	284.0	535.0	2433.46	390.1700000000001	2582.19	2421.6099999999997	685.4200000000001	1808.9999999999998
ko:K07338	2.0	0.0	0.0	1753.0	1177.25	1991.0	2340.0	1412.0	4.0	0.0
ko:K07339	2930.75	194.0	128.57999999999998	268.0	401.58	166.84	913.75	352.66999999999996	1678.0	5145.25
ko:K07340	1501.4	514.21	1337.83	416.0	2975.6100000000006	438.57	4979.789999999999	3257.21	1326.42	2834.5
ko:K07341	6216.05	2576.0	2599.4300000000003	3943.7299999999996	844.83	2232.04	17902.4	1639.57	3782.4	8956.630000000001
ko:K07342	0.0	0.0	0.0	0.0	20.0	0.0	0.0	0.0	0.0	0.0
ko:K07343	3620.7999999999997	920.04	2286.17	3212.33	2809.9400000000005	996.23	6751.949999999999	4728.799999999999	2452.34	4833.08
ko:K07344	492.0	48.0	0.0	52.0	1369.25	83.0	812.5	290.0	173.0	140.0
ko:K07345	1165.3200000000002	587.13	444.4200000000001	178.0	6343.94	34.71	5618.1	6632.41	2755.23	10471.46
ko:K07346	778.02	387.41999999999996	289.14000000000004	119.0	4854.65	23.14	3597.2999999999997	4503.99	1567.8300000000002	5304.73
ko:K07347	1942.47	974.55	719.2800000000001	291.0	11102.16	57.85	8920.89	11101.689999999999	3814.080000000001	12408.45
ko:K07348	386.72	193.70999999999998	141.0	53.0	1298.86	11.57	1719.79	2196.71	681.4200000000001	1810.4299999999998
ko:K07349	387.01	193.70999999999998	133.86	50.0	1298.86	11.57	1583.0	2191.57	404.43	136.57
ko:K07350	386.72	193.70999999999998	141.0	53.0	1298.86	11.57	1719.79	2198.71	685.4200000000001	1810.4299999999998
ko:K07351	0.58	0.0	7.140000000000001	3.0	2.43	0.0	143.72	25.57	338.99	1683.8700000000001
ko:K07352	0.0	0.0	0.0	0.0	0.0	0.0	0.5	0.0	108.0	0.0
ko:K07353	0.0	0.0	0.0	0.0	0.0	0.0	0.5	0.0	108.0	0.0
ko:K07354	0.0	0.0	0.0	0.0	0.0	0.0	0.5	0.0	108.0	0.0
ko:K07355	0.0	0.0	0.0	0.0	0.0	0.0	0.5	0.0	108.0	0.0
ko:K07356	0.0	0.0	0.0	0.0	0.0	0.0	0.5	0.0	108.0	0.0
ko:K07357	774.1500000000001	387.41999999999996	267.72	100.0	2595.29	23.14	3168.0699999999997	4364.71	784.86	263.13
ko:K07358	1.29	0.0	0.0	0.0	0.0	0.0	2.5	0.0	29.0	1.43
ko:K07386	28984.879999999997	3343.3700000000003	92927.18	37302.6	27590.020000000004	41908.92	125557.87	29288.170000000002	16829.19	33765.42
ko:K07387	22327.530000000002	2838.21	2380.5	10152.43	27184.319999999996	16398.42	42938.56999999999	17601.42	14634.53	29737.27
ko:K07388	0.0	0.0	0.0	0.0	20.0	0.0	0.0	0.0	0.0	0.0
ko:K07389	405.0	182.0	0.0	0.0	0.0	0.0	0.0	12.0	788.0	3033.0
ko:K07390	393.72	196.70999999999998	1128.83	151.0	2516.11	52.57	1821.29	2546.71	742.42	1808.9999999999998
ko:K07391	74769.3	16464.96	95821.26000000001	73899.09000000001	47015.33	75741.30000000002	438691.14999999997	64403.68	39031.59	79146.67000000001
ko:K07392	0.0	0.0	0.0	0.0	20.0	0.0	0.0	0.0	0.0	0.0
ko:K07393	4086.7200000000003	2247.71	409.0	157.0	3221.1100000000006	99.57	3120.79	2628.21	747.0200000000001	2522.0
ko:K07394	13.0	0.0	22.0	43.0	1118.25	33.0	137.0	102.0	53.0	0.0
ko:K07395	7.29	3.0	2.0	5.0	1193.25	0.0	5.5	90.0	81.0	1.43
ko:K07396	45.0	3.0	2.0	15.0	3334.75	0.0	0.0	0.0	14.0	0.0
ko:K07397	7689.719999999999	1399.51	825.0	2989.5	11171.06	5102.57	66240.79	15707.71	8083.419999999999	16250.0
ko:K07399	107.5	10.05	0.0	34.0	797.2	14.13	926.5	12.0	8.0	6.0
ko:K07400	1421.72	292.51	1168.83	458.0	3018.31	229.57	4375.79	3210.71	1150.42	2215.0
ko:K07401	2.29	0.0	0.0	5.0	1174.25	0.0	0.0	4.0	33.0	1.43
ko:K07402	42334.34	12283.43	17950.79	20119.8	16451.22	14086.390000000001	64163.520000000004	24801.72	12555.240000000002	31787.239999999998
ko:K07403	14103.84	3260.79	4307.5	4960.71	11188.85	16439.64	169525.70999999996	22064.07	4637.32	4349.83
ko:K07404	28870.68	4573.96	17219.67	41783.59	20137.81	21320.28	55991.21	13494.79	18911.659999999996	41690.32
ko:K07405	28757.129999999997	3617.8700000000003	67395.42000000001	35765.68	29805.850000000006	32160.19	87175.49	29774.84	16538.36	30022.6
ko:K07406	6982.84	1918.73	5067.86	3013.0	3742.0999999999995	2305.9300000000003	27484.86	3941.2299999999996	3744.23	8165.25
ko:K07407	123138.79999999999	24473.66	202633.59999999998	116814.54000000001	58305.76999999999	102768.64000000001	471459.26	69847.87	53443.49	133057.8
ko:K07442	809.35	162.32999999999998	164.92000000000002	171.42000000000002	1572.9699999999998	115.0	4057.02	1132.42	691.2499999999999	1448.2
ko:K07443	31170.79	5383.8099999999995	7726.150000000001	14706.380000000001	29295.03	36449.38	183955.96	26945.79	20924.51	49789.869999999995
ko:K07444	63142.49	14300.39	90783.79999999999	62067.7	32597.120000000003	63106.439999999995	268930.15	36466.4	30072.85	60862.28
ko:K07445	2.0	0.0	0.0	0.0	0.0	0.0	18.0	9.0	4.0	7.0
ko:K07446	0.0	0.0	0.0	0.0	20.0	0.0	0.0	0.0	0.0	0.0
ko:K07447	79592.65	17503.47	96684.79999999999	67476.28	48280.1	77976.27	469635.74000000005	66135.5	40811.94	84487.14
ko:K07448	7888.92	3260.4300000000003	4112.13	15325.69	3425.91	7374.29	55500.31	10899.71	6167.76	12870.55
ko:K07450	515.5	135.5	106.0	112.75	207.5	7.75	363.0	215.5	119.25	533.0
ko:K07451	12455.71	1825.05	6114.389999999999	5030.5599999999995	2624.37	3756.8	18316.86	3724.3399999999997	4301.8	14520.34
ko:K07452	12223.08	3182.66	5366.87	6915.39	3260.81	7019.4	29996.600000000002	3205.17	5756.5	11524.64
ko:K07453	16.0	0.0	5.0	307.0	13.0	21.0	68.0	18.0	67.0	100.0
ko:K07454	435.0	198.0	217.0	95.0	1249.0	27.56	8.5	15.5	92.0	96.0
ko:K07455	275.4	12.2	34199.6	213.8	68.6	3031.0	1841.7999999999997	288.8	356.0	497.0
ko:K07456	78457.84	18368.32	99618.53000000001	69637.20000000001	43348.64	78879.61	466580.76000000007	62471.56999999999	40971.469999999994	84706.70000000001
ko:K07457	48.5	15.0	2.0	71.55	304.5	17.75	713.6	254.0	48.25	562.0
ko:K07458	13570.619999999999	2113.3599999999997	69005.52	8015.3	7178.3099999999995	16600.65	35368.86	12221.009999999998	5618.42	13079.2
ko:K07459	4976.15	1228.41	39251.58	7018.33	2133.29	16803.68	159217.11000000002	15364.199999999999	3617.42	4954.749999999999
ko:K07460	74048.3	16094.960000000001	95816.26000000001	66630.59000000001	45843.58	75465.30000000002	438617.14999999997	64281.18	38648.590000000004	79412.67000000001
ko:K07461	23398.78	6839.91	13679.559999999998	17916.9	10819.68	21584.21	241222.65999999997	27947.52	9327.28	21403.02
ko:K07462	76635.85	16733.13	96498.76999999999	67201.97	45793.740000000005	77842.94	466058.65	65263.75	40617.69	84329.05
ko:K07463	0.0	0.0	0.0	0.0	60.0	0.0	0.0	0.0	0.0	0.0
ko:K07464	44199.16	13720.220000000001	61618.240000000005	41110.46	10970.65	38376.56	182415.24	23248.0	23439.149999999998	49820.72
ko:K07465	338.0	25.33	1.67	6.67	66.67	31.0	319.67	104.67	27.0	94.0
ko:K07466	0.0	0.0	0.0	0.0	20.0	0.0	0.0	0.0	0.0	0.0
ko:K07467	1729.0	133.0	554.6	216.0	177.4	1036.2	8265.85	696.1500000000001	979.45	1138.6799999999998
ko:K07468	0.0	0.0	0.0	0.0	0.0	0.0	0.0	1.5	0.0	0.0
ko:K07469	1847.6	283.0	279.0	91.0	338.0	151.0	3364.0	874.0	610.9999999999999	924.0
ko:K07470	386.72	193.70999999999998	141.0	53.0	1298.86	11.57	1719.79	2196.71	681.4200000000001	1808.9999999999998
ko:K07471	386.43	193.70999999999998	133.86	50.0	1296.43	11.57	1576.57	2179.14	375.43	129.42
ko:K07473	32134.77	9548.68	24127.62	30283.67	8733.42	23716.08	210474.88999999998	24319.96	18806.82	52691.25
ko:K07474	2117.6800000000003	319.9	35536.35	9957.8	2280.2	6142.0	5807.45	3888.2	1482.9	3976.58
ko:K07476	229.0	142.0	105.0	131.8	634.0	50.13	878.6	38.0	0.0	0.0
ko:K07478	80652.56	18536.79	101185.79999999999	69609.95000000001	48455.8	80138.67000000001	492060.52	70454.26	44942.26	95236.42
ko:K07479	630.72	335.71	1244.83	236.0	1484.86	88.57	2613.79	2497.71	686.4200000000001	1808.9999999999998
ko:K07480	672.43	269.71	153.86	413.0	2990.43	44.57	3871.5699999999997	5247.14	375.43	129.42
ko:K07481	1857.0	189.0	379.65999999999997	298.0	83.66	144.68	305.0	337.34000000000003	584.0	2770.0
ko:K07482	981.0	334.0	385.0	654.8	976.0	3758.0	51943.75	2282.25	776.0	3931.25
ko:K07483	21945.57	4319.209999999999	16867.71	17555.33	24998.260000000002	16690.559999999998	242204.02999999997	30766.24	13112.53	29556.61
ko:K07484	28202.82	10196.99	87944.82	46529.69	12535.24	34716.67	53031.31999999999	18194.65	22553.29	50399.07
ko:K07485	939.46	203.5	236.41000000000003	7724.36	1541.8899999999999	1876.5	29417.969999999998	1823.0	1403.85	3768.89
ko:K07486	183.0	12.0	0.0	47.0	70.0	10.0	47.0	0.0	0.0	817.0
ko:K07487	1216.0	73.0	34.0	67.4	1167.25	41.0	131.8	20.0	539.0	2453.0
ko:K07488	57.0	7.0	0.0	0.0	0.0	0.0	0.0	0.0	5.0	0.0
ko:K07489	386.43	193.70999999999998	133.86	50.0	1296.43	11.57	1576.57	2179.14	375.43	129.42
ko:K07490	388.72	193.70999999999998	141.0	58.0	2379.11	11.57	1719.79	2196.71	681.4200000000001	1808.9999999999998
ko:K07491	40127.22	9780.369999999999	22122.739999999998	24008.77	15362.19	15904.710000000001	116507.03	19595.12	21507.660000000003	40315.090000000004
ko:K07492	546.0	55.0	88.0	0.0	292.0	83.0	819.0	290.0	249.0	303.0
ko:K07493	7242.46	766.5	3098.36	11288.18	3708.62	5778.16	72569.5	5624.84	3876.5099999999998	9923.55
ko:K07494	748.24	158.22	121.0	50.24	33.4	16.56	510.68	131.56	1.44	123.84
ko:K07495	18.0	0.0	0.0	0.0	108.0	0.0	120.0	9.0	0.0	6.0
ko:K07496	22534.190000000002	5824.950000000001	5070.24	4021.3	1967.54	5100.469999999999	22339.99	4744.84	6865.5	14512.630000000001
ko:K07497	56086.71000000001	14868.63	18808.949999999997	60787.649999999994	47578.299999999996	43150.88	400544.89	56215.149999999994	43397.200000000004	87195.98000000001
ko:K07498	49.0	0.0	140.0	266.0	158.0	251.0	1705.8	1470.0	0.0	0.0
ko:K07501	30.5	0.0	22.0	38.0	133.0	33.0	146.5	103.5	47.0	0.0
ko:K07502	14355.96	3266.21	12993.42	10090.17	2470.9100000000003	5789.1	21215.35	3826.41	6756.16	14797.869999999999
ko:K07503	52.75	39.33	76.92	137.42000000000002	1280.9699999999998	32.0	3338.02	842.4200000000001	167.25	822.2
ko:K07504	2607.0	192.0	248.83	212.0	1213.83	637.84	8252.0	1572.17	1797.0	2517.0
ko:K07505	39.0	0.0	0.0	13.0	9.0	0.0	105.0	0.0	20.0	21.0
ko:K07506	1130.67	109.7	103.68	88.0	5228.2300000000005	206.8	538.81	108.21000000000001	1906.18	4995.589999999999
ko:K07507	40922.11	6816.6900000000005	75127.49	46934.84	37372.0	62853.0	342370.55	46881.07	23620.47	46289.57
ko:K07511	0.0	0.0	0.0	0.0	0.0	0.0	0.0	83.0	32.0	0.0
ko:K07516	36.0	5.8	0.0	41.8	937.2	4.13	38.5	5.0	10.0	6.0
ko:K07518	0.0	0.0	0.0	0.0	0.0	0.0	7.0	0.0	5.0	0.0
ko:K07533	22036.67	6265.38	16714.85	11048.57	7894.110000000001	10120.43	74882.77	10497.22	12681.189999999999	24110.309999999998
ko:K07534	0.0	0.0	0.0	0.0	97.0	0.0	0.0	0.0	0.0	0.0
ko:K07535	204.4	138.0	52.0	3.0	221.2	20.4	214.6	84.5	64.4	209.2
ko:K07536	5.6	0.0	0.0	0.0	0.0	0.0	0.0	1.5	0.0	0.0
ko:K07538	2.0	0.0	0.0	5.0	1080.25	0.0	0.0	0.0	0.0	0.0
ko:K07540	570.0	55.75	134.82999999999998	86.0	304.83	104.84	822.5	321.66999999999996	249.0	309.0
ko:K07546	0.0	0.0	0.0	0.0	3.0	0.0	0.0	0.0	0.0	0.0
ko:K07549	0.0	0.0	0.0	0.0	94.0	0.0	0.0	0.0	0.0	0.0
ko:K07552	16700.510000000002	2414.78	3593.96	28907.94	15082.750000000002	13688.019999999999	32927.8	17311.65	6848.9800000000005	19692.65
ko:K07557	0.0	0.0	0.0	0.0	20.0	0.0	0.0	0.0	0.0	0.0
ko:K07558	0.0	0.0	0.0	0.0	20.0	0.0	0.0	0.0	0.0	0.0
ko:K07559	4874.93	1054.71	6682.860000000001	5029.0	2455.68	3143.5699999999997	7803.57	3712.6399999999994	4556.43	6472.85
ko:K07560	77462.08	16811.96	96540.29999999999	67355.62	49040.4	77827.69	470195.44	66546.42	40834.19	84530.34
ko:K07561	0.0	0.0	0.0	0.0	20.0	0.0	0.0	0.0	0.0	0.0
ko:K07562	0.0	0.0	0.0	0.0	20.0	0.0	0.0	0.0	0.0	0.0
ko:K07566	78470.99	16841.46	96744.29999999999	68217.95000000001	48076.600000000006	77955.94	469368.34	66184.67	41314.94	86609.14
ko:K07568	104924.04	19943.67	163632.3	102849.20999999999	73590.68	109302.79999999999	550977.08	93081.35	55731.380000000005	112924.88
ko:K07569	0.0	0.0	0.0	0.0	20.0	0.0	0.0	0.0	0.0	0.0
ko:K07570	19098.96	5788.87	9139.02	18293.629999999997	10059.310000000001	27710.97	171809.67	13958.43	13684.75	25061.83
ko:K07571	20797.620000000003	6085.37	11901.380000000001	19933.32	11009.400000000001	36854.16	294319.04000000004	24264.780000000002	13417.65	25837.64
ko:K07572	0.0	0.0	0.0	0.0	20.0	0.0	0.0	0.0	0.0	0.0
ko:K07573	0.0	0.0	0.0	0.0	20.0	0.0	0.0	0.0	0.0	0.0
ko:K07574	43904.869999999995	12875.26	25730.6	31517.04	16896.69	45572.75000000001	380323.51	35225.66	23374.58	50660.32000000001
ko:K07575	0.0	0.0	0.0	0.0	20.0	0.0	0.0	0.0	0.0	0.0
ko:K07576	34376.95	10708.779999999999	24197.95	20076.489999999998	10897.47	14995.400000000001	60364.86	17299.79	19798.72	36565.63
ko:K07577	17.0	2.8	0.0	0.0	114.2	0.0	0.0	0.0	9.0	0.0
ko:K07579	0.0	0.0	0.0	0.0	20.0	0.0	0.0	0.0	0.0	0.0
ko:K07580	0.0	0.0	0.0	0.0	20.0	0.0	0.0	0.0	0.0	0.0
ko:K07581	0.0	0.0	0.0	0.0	20.0	0.0	0.0	0.0	0.0	0.0
ko:K07583	0.0	0.0	0.0	0.0	20.0	0.0	0.0	0.0	0.0	0.0
ko:K07584	32305.780000000002	7391.76	26493.93	27431.850000000002	12611.21	40247.840000000004	316415.04	26800.69	16141.41	29834.84
ko:K07585	0.0	0.0	0.0	0.0	20.0	0.0	0.0	0.0	0.0	0.0
ko:K07586	5814.860000000001	1238.0	11220.21	7751.36	2475.19	6870.129999999999	43972.02	3664.15	7157.35	14201.47
ko:K07588	33076.0	4668.96	8669.109999999999	39775.5	32168.910000000003	45660.56	390636.82	54871.91	17983.29	35683.45
ko:K07589	388.72	196.70999999999998	141.0	58.0	2391.11	11.57	1719.79	2196.71	685.4200000000001	1808.9999999999998
ko:K07590	12881.01	3405.19	7278.45	14624.96	8695.4	14145.63	186315.85	16541.17	5376.92	8967.5
ko:K07592	386.72	193.70999999999998	141.0	53.0	1298.86	11.57	1719.79	2196.71	602.4200000000001	1807.57
ko:K07636	148140.88	24023.190000000002	172531.38	181105.54	93736.31	126062.23999999999	513141.20999999996	111822.56	69144.78	165733.4
ko:K07637	388.72	193.70999999999998	141.0	58.0	2476.11	11.57	1719.79	2196.71	714.4200000000001	1808.9999999999998
ko:K07638	4892.719999999999	362.21	243.83	187.0	3736.189999999999	116.08000000000001	1919.4599999999998	2852.55	1306.4199999999998	5204.0
ko:K07639	394.72	193.70999999999998	143.0	63.0	3572.359999999999	11.57	1729.79	2286.71	732.42	1808.9999999999998
ko:K07640	2117.7200000000003	392.21	1214.83	146.0	2271.86	310.24	4207.96	3334.88	1289.42	2398.0
ko:K07641	617.72	335.71	283.0	148.0	2387.11	57.57	2569.29	2230.71	671.42	1808.9999999999998
ko:K07642	1197.7199999999998	302.01	143.0	53.0	1734.06	113.81	2557.46	2586.38	992.4200000000001	2206.0
ko:K07643	386.72	193.70999999999998	141.0	53.0	1298.86	11.57	1719.79	2196.71	681.4200000000001	1808.9999999999998
ko:K07644	1442.44	453.41999999999996	282.0	126.0	7307.719999999998	106.14	4284.58	4770.42	1431.84	3758.0
ko:K07645	5166.73	553.92	1397.49	376.0	3843.06	166.16000000000003	3559.85	5409.530000000001	2152.84	7014.4299999999985
ko:K07646	64722.2	16172.33	21614.68	53117.66	34075.34	35467.04	118070.9	43935.630000000005	29620.510000000002	59644.83
ko:K07647	388.43	193.70999999999998	133.86	55.0	2376.68	11.57	1576.57	2180.64	375.43	129.42
ko:K07648	400.72	193.70999999999998	1166.83	222.0	1330.86	108.57	2038.79	2480.71	686.4200000000001	1808.9999999999998
ko:K07649	3.29	18.0	0.0	5.0	1659.25	0.0	31.0	0.0	53.0	1.43
ko:K07650	336.56	192.0	420.11	203.56	505.69	521.56	1561.0700000000002	290.4	339.0	1088.22
ko:K07651	3844.33	1106.65	453.67	1628.13	893.9300000000001	5.46	360.43	349.5	218.0	781.0
ko:K07652	7088.97	1282.6599999999999	3989.14	7220.46	5536.0	4660.8	56350.95	4658.08	5090.92	7110.25
ko:K07653	0.0	0.0	35.0	0.0	104.0	10.0	1378.0	191.5	0.0	115.0
ko:K07654	30.5	16.33	3.67	84.42	214.17000000000002	18.75	1269.67	147.67000000000002	78.25	532.0
ko:K07655	0.0	0.0	0.0	0.0	4.0	0.0	0.0	0.0	0.0	0.0
ko:K07657	33634.45	3921.08	67226.92000000001	35623.18	31274.960000000006	32563.76	88245.28	31115.55	17774.78	35092.6
ko:K07658	81803.07	17620.88	102166.78	75956.19	46717.89	64151.26	392302.25999999995	71323.6	48513.07	95374.36
ko:K07659	4883.719999999999	362.21	223.83	144.0	2639.94	83.08000000000001	1778.4599999999998	2840.55	1277.4199999999998	5204.0
ko:K07660	389.01	193.70999999999998	141.0	58.0	2382.11	11.57	1719.79	2196.71	714.4200000000001	1810.4299999999998
ko:K07661	394.72	193.70999999999998	143.0	63.0	3478.359999999999	11.57	1722.79	2286.71	736.42	1808.9999999999998
ko:K07662	1687.72	351.21	1261.6599999999999	237.0	3064.94	249.07999999999998	3399.96	3066.0499999999997	1112.42	2258.0
ko:K07663	406.72	193.70999999999998	141.0	58.0	2388.11	11.57	1726.29	2197.71	563.42	1814.9999999999998
ko:K07664	408.72	193.70999999999998	189.83	139.0	1425.69	52.080000000000005	1729.9599999999998	2314.55	733.42	1814.9999999999998
ko:K07665	4880.9400000000005	1609.1200000000001	3270.67	13143.5	14405.42	8347.17	25259.550000000003	14224.02	5924.64	13034.8
ko:K07666	4835.219999999999	366.21	1256.49	328.0	3810.019999999999	154.59	1837.1299999999999	3206.39	1348.42	5204.0
ko:K07667	35954.74	11674.75	18763.1	28207.64	11818.789999999999	15702.779999999999	69775.54000000001	22881.36	21852.690000000002	44781.36
ko:K07668	14752.29	4023.0200000000004	9263.9	11577.79	5391.78	9151.17	61277.45	9142.33	12957.580000000002	16869.77
ko:K07669	17.0	2.8	35.0	0.0	126.2	10.0	896.0	1.5	0.0	0.0
ko:K07670	30.5	16.33	38.67	84.42	214.17000000000002	18.75	1269.67	147.67000000000002	78.25	532.0
ko:K07671	0.0	0.0	0.0	0.0	4.0	0.0	0.0	0.0	0.0	0.0
ko:K07672	0.0	0.0	35.0	0.0	43.0	10.0	896.0	1.5	0.0	0.0
ko:K07673	2290.1499999999996	514.72	402.52000000000004	280.0	3841.83	135.16000000000003	3351.13	4449.46	1699.8500000000001	4391.42
ko:K07674	774.86	387.41999999999996	1253.55	198.0	3677.97	57.7	3216.0	4631.14	863.86	258.84
ko:K07675	510.34000000000003	210.70999999999998	217.5	179.0	2454.11	287.57	2243.29	2696.7099999999996	723.4200000000001	1971.4299999999998
ko:K07676	386.72	193.70999999999998	141.0	53.0	1298.86	11.57	1719.79	2196.71	681.4200000000001	1808.9999999999998
ko:K07677	392.72	193.70999999999998	141.0	68.0	4727.61	11.57	1747.79	2196.71	695.4200000000001	1808.9999999999998
ko:K07678	408.72	193.70999999999998	165.2	96.0	2414.11	44.57	1856.79	2298.71	732.42	1808.9999999999998
ko:K07679	31.0	0.0	1733.67	139.0	5449.25	2188.83	680.1700000000001	71.0	126.0	0.0
ko:K07680	0.0	0.0	0.0	34.0	0.0	0.0	0.0	0.0	0.0	0.0
ko:K07681	415.8	102.0	241.6	400.8	1102.0	1873.1299999999999	29050.449999999997	1350.75	1159.85	2613.75
ko:K07683	0.0	0.0	0.0	34.8	0.0	0.0	20.6	0.0	7.0	0.0
ko:K07684	2155.72	372.51	270.66	235.0	3663.219999999999	133.59	1813.6299999999999	2355.39	1267.4199999999998	4262.0
ko:K07685	472.43	219.70999999999998	1119.69	143.0	1301.86	42.57	1633.0	2445.57	488.43	129.42
ko:K07686	389.01	193.70999999999998	133.86	55.0	2379.11	11.57	1582.5	2189.57	437.43	132.28
ko:K07687	779.44	393.41999999999996	282.0	121.0	6214.47	23.14	3467.58	4393.42	1394.8400000000001	3617.9999999999995
ko:K07688	2.0	0.0	7.140000000000001	8.0	1082.68	0.0	143.22	13.57	293.99	1678.1500000000003
ko:K07689	780.73	390.41999999999996	284.0	111.0	3696.97	23.14	3445.08	4484.92	1450.8400000000001	3619.43
ko:K07690	6.0	0.0	7.140000000000001	18.0	3243.18	0.0	143.72	13.57	401.99	1678.1500000000003
ko:K07691	0.0	0.0	0.0	34.0	0.0	0.0	0.0	0.0	0.0	0.0
ko:K07692	223.0	7.23	428.14	38.0	711.4100000000001	5.77	87.5	26.14	0.36	90.07
ko:K07693	425.0	103.33	222.67000000000002	430.47	1215.67	1890.7	29890.02	1346.92	1128.35	2710.25
ko:K07694	3634.05	877.5	1033.85	8202.3	3429.25	2560.13	33291.2	2999.75	1895.35	3480.5
ko:K07695	0.0	0.0	0.0	0.0	25.0	10.0	38.0	0.0	0.0	0.0
ko:K07696	35.0	35.0	41.0	110.8	38.0	388.0	368.6	174.0	278.0	979.0
ko:K07697	0.0	16.0	0.0	34.0	1680.0	12.39	75.0	45.0	0.0	0.0
ko:K07698	0.0	0.0	0.0	34.0	0.0	7.12	0.0	0.0	0.0	0.0
ko:K07699	57950.43	18783.95	32927.950000000004	44142.29	18529.09	38636.83	246013.38	24942.749999999996	25226.64	51668.95
ko:K07700	387.01	193.70999999999998	141.0	53.0	1298.86	11.57	1720.29	2196.71	710.4200000000001	1810.4299999999998
ko:K07701	386.72	193.70999999999998	141.0	100.0	1298.86	11.57	1719.79	2196.71	573.4200000000001	1808.9999999999998
ko:K07702	387.01	193.70999999999998	141.0	53.0	1298.86	11.57	1720.29	2196.71	710.4200000000001	1810.4299999999998
ko:K07703	386.72	193.70999999999998	141.0	53.0	1298.86	11.57	1719.79	2196.71	602.4200000000001	1808.9999999999998
ko:K07704	776.73	245.78	308.64	636.8	1142.31	650.17	7652.7	1199.1399999999999	839.36	5031.27
ko:K07705	26834.46	9508.9	17756.12	19310.67	9336.779999999999	14572.04	88034.18	18146.97	20185.920000000002	37013.149999999994
ko:K07706	9021.49	1354.94	7171.789999999999	7961.63	4656.1	7790.97	221648.62	6699.0	7892.21	26896.82
ko:K07707	5930.0	1169.5	611.5	3221.8	7527.0	6244.0	167655.75	13481.75	9449.6	22261.75
ko:K07708	4678.719999999999	1102.21	5077.83	4596.0	2581.94	2991.08	7491.459999999999	3622.0499999999997	4073.42	7115.0
ko:K07709	1938.72	437.71	309.86	144.0	1930.86	187.57	3244.0	2784.5699999999997	1148.4299999999998	1077.85
ko:K07710	511.43	203.55999999999997	133.86	50.0	1479.26	15.700000000000001	2556.4999999999995	2278.07	377.43	129.42
ko:K07711	776.44	390.41999999999996	282.0	111.0	3677.97	23.14	3441.58	4390.92	1352.8400000000001	3617.9999999999995
ko:K07712	2012.7199999999998	326.21	223.83	144.0	2595.94	83.08000000000001	1771.4599999999998	2351.05	1822.42	4932.0
ko:K07713	70368.23999999999	8363.17	138980.63	115310.72	78291.15999999999	87345.92	201148.03	65232.47	36890.590000000004	63143.53
ko:K07714	685.8299999999999	248.80999999999997	168.46	123.0	1691.46	151.53	5983.6	3108.5699999999997	452.83000000000004	322.62
ko:K07715	404.72	199.51	141.0	53.0	1319.06	208.57	1982.29	2223.21	681.4200000000001	1808.9999999999998
ko:K07716	4217.4	2361.4	1447.6	2696.8	725.4	2147.0	16824.8	1415.8	3678.0	8609.0
ko:K07717	2629.92	660.6700000000001	468.53000000000003	383.67	967.0	573.12	7720.67	502.42	311.25	1135.75
ko:K07718	68880.93	23201.46	48872.35	31786.82	14074.419999999998	23687.07	136403.99	30311.72	36230.82	97868.55
ko:K07719	1860.4	422.0	453.2	359.0	452.2	633.52	7394.6	892.75	484.65	1299.95
ko:K07720	78354.3	23587.0	43316.36	35824.27	21023.170000000002	26585.100000000002	174720.71	30442.410000000003	40358.87	91192.7
ko:K07721	0.0	0.0	0.0	0.0	20.0	0.0	0.0	0.0	0.0	0.0
ko:K07722	5806.82	1152.51	1028.83	787.5	3410.8900000000003	1826.0800000000002	13766.76	6746.049999999999	3070.42	12092.0
ko:K07723	1196.5	101.97999999999999	913.14	658.8	772.3000000000001	222.76999999999998	10516.67	278.41999999999996	2468.36	909.0699999999999
ko:K07724	392.01	194.70999999999998	148.14000000000001	56.0	1316.36	11.57	1882.08	2219.85	987.41	3488.5800000000004
ko:K07726	16560.52	5164.4800000000005	14859.68	7926.79	5049.45	6425.15	29789.050000000003	10177.64	9340.09	23751.75
ko:K07727	48698.119999999995	11305.900000000001	9891.119999999999	44728.42	33842.31999999999	46563.73	284119.89	35812.92	23817.52	57117.369999999995
ko:K07728	0.0	0.0	0.0	0.0	20.0	0.0	0.0	0.0	0.0	0.0
ko:K07729	71883.52	21345.77	43791.47	48654.35	25894.7	56219.450000000004	366899.68000000005	46650.369999999995	48407.68	99094.57999999999
ko:K07730	0.0	0.0	0.0	0.0	20.0	0.0	0.0	0.0	0.0	0.0
ko:K07732	0.0	0.0	0.0	0.0	20.0	0.0	0.0	0.0	0.0	0.0
ko:K07733	2396.01	373.21	326.97	147.0	2724.3699999999994	166.08	2723.1800000000003	2555.62	1682.41	6244.580000000001
ko:K07734	6.0	3.0	37.0	46.8	1292.25	4.13	10.0	91.5	56.0	0.0
ko:K07735	26916.35	2868.58	3110.58	23192.18	26238.960000000006	17835.43	41982.11	15387.55	9940.779999999999	18904.6
ko:K07736	28742.23	8076.78	21085.54	27637.11	8116.5599999999995	12053.22	68676.48999999999	14229.16	16956.4	39721.57
ko:K07738	47731.47	13304.92	28436.270000000004	31494.71	20044.059999999998	46110.08	382032.61	37655.77	25057.75	54933.15
ko:K07739	908.0799999999999	231.5	209.0	7337.5	264.0	17191.0	90181.0	685.5	869.0	4512.5
ko:K07740	388.72	193.70999999999998	141.0	58.0	2379.11	11.57	1719.79	2196.71	685.4200000000001	1808.9999999999998
ko:K07741	2091.35	592.79	3739.17	768.0	277.18	1614.92	12872.65	1920.3200000000002	1744.08	5132.46
ko:K07742	47990.31	13209.02	28483.33	38843.020000000004	15011.54	45997.67	379247.04	33653.53	23322.91	48283.84
ko:K07744	0.0	0.0	0.0	0.0	20.0	0.0	0.0	0.0	0.0	0.0
ko:K07746	179.0	0.0	140.0	10.0	2174.5	0.0	7.0	6.5	0.0	91.43
ko:K07749	670.9300000000001	188.0	0.0	5.0	2035.25	23.56	3914.0	489.0	824.0	3043.0
ko:K07751	386.72	193.70999999999998	1126.83	146.0	1298.86	42.57	1770.79	2456.71	686.4200000000001	1808.9999999999998
ko:K07752	116.0	17.0	20.0	38.0	16.0	33.0	134.0	12.0	0.0	0.0
ko:K07755	586.6	63.75	40.0	90.67	382.5	89.0	1232.0	505.16999999999996	179.5	165.5
ko:K07757	773.44	387.41999999999996	282.0	106.0	2602.72	26.14	3505.58	4402.42	1159.8400000000001	3617.9999999999995
ko:K07768	146.32999999999998	76.0	127.0	238.5	2485.6	106.0	5150.7	1589.0	339.5	1626.4
ko:K07769	2421.08	826.5	1004.0	7235.5	213.5	74.0	19770.0	1748.0	447.0	2096.5
ko:K07770	335.0	176.0	361.0	195.0	65.8	521.56	1515.4	239.4	339.0	1063.33
ko:K07771	386.72	193.70999999999998	141.0	53.0	1298.86	11.57	1726.79	2196.71	686.4200000000001	1808.9999999999998
ko:K07772	386.43	193.70999999999998	133.86	50.0	1296.43	11.57	1576.57	2179.14	375.43	129.42
ko:K07773	404.72	193.70999999999998	1126.83	146.0	1307.86	42.57	1770.79	2461.71	686.4200000000001	1814.9999999999998
ko:K07774	3.29	9.0	0.0	5.0	1552.68	0.0	29.43	6.43	48.0	1.43
ko:K07775	18506.13	5790.9	6489.35	13728.83	5710.28	6361.79	43815.81	8696.9	11126.23	18111.85
ko:K07776	231.09	92.33	154.92000000000002	151.75	1336.3	64.0	3531.6800000000003	975.08	143.25	780.6300000000001
ko:K07777	6194.7	1300.03	10842.5	7477.0	920.5999999999999	5318.459999999999	12448.23	3198.04	9030.57	13624.43
ko:K07778	415.0	97.33	222.67000000000002	432.47	1215.67	1890.13	30004.02	1326.92	1168.35	2747.25
ko:K07781	386.72	193.70999999999998	141.0	53.0	1298.86	11.57	1719.79	2196.71	710.4200000000001	1808.9999999999998
ko:K07782	391.01	193.70999999999998	141.0	63.0	3459.359999999999	11.57	1719.79	2196.71	698.4200000000001	1810.4299999999998
ko:K07783	27794.149999999998	3381.23	37317.97	10214.0	28382.53	13087.239999999998	65516.54000000001	27292.53	32512.660000000003	70501.86
ko:K07784	386.72	203.04	134.86	72.27	1341.53	43.9	1850.0	2362.7400000000002	428.93	176.35
ko:K07787	9792.07	1392.16	1732.08	2394.75	12430.04	5991.76	23517.79	14008.78	733.4200000000001	1955.0
ko:K07788	925.72	316.21	141.0	105.0	2573.11	11.57	1736.29	2196.71	965.42	2132.0
ko:K07789	925.72	316.21	141.0	105.0	2573.11	11.57	1736.29	2196.71	1240.42	2455.0
ko:K07790	0.0	0.0	0.0	0.0	0.0	0.0	0.0	0.0	4.0	0.0
ko:K07791	24104.0	2802.5	26451.739999999998	31121.260000000002	20341.0	22137.269999999997	40559.0	12035.82	12272.260000000002	29034.47
ko:K07792	18935.5	2774.0	26163.66	32863.93	20324.17	32863.26	188701.08000000002	23366.480000000003	9805.510000000002	17380.47
ko:K07793	16455.170000000002	2164.73	8481.51	4437.48	6557.96	17965.42	163840.03	20044.43	7077.74	14580.730000000001
ko:K07794	497.89000000000004	58.55	0.0	5.0	1221.88	262.0	69.43	136.93	33.0	199.43
ko:K07795	138.29	13.0	0.0	52.0	1296.88	169.4	28.53	235.42999999999998	54.4	171.63
ko:K07796	388.72	193.70999999999998	141.0	58.0	2379.11	11.57	1719.79	2200.71	573.4200000000001	1808.9999999999998
ko:K07797	386.43	193.70999999999998	133.86	50.0	1296.43	11.57	1576.57	2179.14	375.43	129.42
ko:K07798	2764.2200000000003	579.71	795.33	826.0	5124.9400000000005	1629.41	10310.59	7283.879999999999	738.4200000000001	1955.0
ko:K07799	1224.22	394.21	229.0	152.0	2587.11	11.57	1731.29	2201.71	1316.42	2624.0
ko:K07800	161.65	4.4	297.85	684.5999999999999	92.53999999999999	169.0	1203.6499999999999	68.08	1351.0	608.75
ko:K07803	3376.72	581.71	329.86	135.0	2774.86	459.57	5770.0	3656.5699999999997	1667.4299999999998	1485.85
ko:K07806	557.7199999999999	205.70999999999998	141.0	58.0	2400.11	21.57	1757.79	2196.71	573.4200000000001	1808.9999999999998
ko:K07807	0.0	0.0	0.0	0.0	0.0	0.0	0.0	2.0	0.0	0.0
ko:K07810	388.72	193.70999999999998	141.0	58.0	2379.11	11.57	1719.79	2200.71	681.4200000000001	1808.9999999999998
ko:K07811	3498.72	1002.3399999999999	717.07	461.0	5239.64	198.81	6505.009999999999	8818.65	2205.71	4648.83
ko:K07812	3968.73	1196.05	880.9300000000001	549.0	6585.93	243.38	8484.439999999999	11054.65	2723.14	4826.11
ko:K07813	21238.64	4115.3	17213.94	26225.14	2809.66	12334.48	60475.16	8750.5	17018.920000000002	21318.69
ko:K07814	38007.200000000004	9851.52	23067.9	20823.059999999998	8661.099999999999	17608.7	80036.73000000001	15558.84	21713.38	51770.8
ko:K07816	51480.29	13925.05	46772.53	34867.25	13707.140000000001	25413.51	150003.70999999996	22427.65	27167.11	59582.77
ko:K07821	386.43	193.70999999999998	143.86	50.0	1298.86	11.57	1582.0	2196.57	375.43	129.42
ko:K07823	8.29	0.0	2.0	10.0	2179.5	0.0	3.0	11.0	48.0	1.43
ko:K07862	19287.61	5039.04	12187.76	12967.49	7033.13	21264.0	217504.33	22963.5	11827.75	23420.95
ko:K07978	14.83	0.0	3.5	13.0	6.5	4.5	102.4	6.5	5.5	15.5
ko:K07979	62753.94	18383.96	43610.96000000001	46075.99	17579.12	47614.380000000005	296426.72	32840.009999999995	37402.490000000005	84261.6
ko:K07991	0.0	0.0	0.0	1.0	32.0	0.0	966.0	87.0	0.0	0.0
ko:K08068	1284.72	210.70999999999998	252.0	858.0	2399.11	11.57	1726.79	2279.71	934.42	2519.0
ko:K08070	773.44	387.41999999999996	282.0	106.0	2597.72	23.14	3439.58	4393.42	1362.8400000000001	3617.9999999999995
ko:K08077	555.7199999999999	205.70999999999998	141.0	53.0	1299.86	11.57	1719.79	2196.71	683.4200000000001	1808.9999999999998
ko:K08081	2.0	0.0	0.0	5.0	1080.25	0.0	0.0	0.0	0.0	0.0
ko:K08082	14.0	0.0	22.0	43.0	1115.25	58.0	139.5	132.0	76.0	24.0
ko:K08083	35.0	0.0	2.0	28.0	1099.25	0.0	5.5	90.0	51.0	0.0
ko:K08084	1242.7	348.97999999999996	128.2	169.8	4081.65	764.33	2401.73	1884.14	1021.67	65.33
ko:K08085	661.9	26.4	124.6	82.80000000000001	1119.65	180.0	904.8	150.8	64.0	47.0
ko:K08086	23.0	3.0	0.0	10.0	2266.5	0.0	9.5	6.5	9.0	6.0
ko:K08087	0.0	0.0	69349.67	0.0	0.0	7319.83	1183.67	191.0	138.0	0.0
ko:K08088	0.0	0.0	0.0	0.0	0.0	0.0	0.5	0.0	108.0	0.0
ko:K08092	893.52	238.70999999999998	180.86	163.0	1425.83	401.37	1732.27	3082.14	432.56	559.25
ko:K08093	419.52000000000004	216.70999999999998	194.6	181.8	2399.8599999999997	72.25	2312.24	2429.46	628.0200000000001	1913.1799999999998
ko:K08094	257.34000000000003	129.32999999999998	127.0	212.95999999999998	1176.3	100.62	338.1	654.15	13.25	169.18
ko:K08095	0.0	0.0	0.0	0.0	4.0	0.0	0.0	0.0	0.0	0.0
ko:K08096	0.0	0.0	0.0	0.0	20.0	0.0	0.0	0.0	0.0	0.0
ko:K08097	71.0	7.05	0.0	34.0	105.2	0.0	8.5	5.5	275.0	323.0
ko:K08100	388.72	193.70999999999998	141.0	58.0	2386.11	11.57	1726.79	2196.71	681.4200000000001	1808.9999999999998
ko:K08137	774.02	387.41999999999996	282.0	106.0	2597.72	23.14	3439.58	4393.42	1420.8400000000001	3622.2899999999995
ko:K08138	35594.56	3992.6800000000003	60641.31	46878.36	29511.929999999997	34394.69	61620.07	23331.269999999997	14055.37	32644.120000000003
ko:K08139	7479.5	714.93	541.67	3743.67	3173.7	1436.16	2307.7	945.9000000000001	2554.4	9661.4
ko:K08151	360.0	60.43	141.97	152.0	44.93	356.15000000000003	2860.7400000000002	408.76	171.36	206.07
ko:K08152	0.0	0.0	1094.0	7.8	99.0	0.0	216.6	414.0	0.0	0.0
ko:K08153	170.56	26.93	117.25	148.56	706.79	399.34	3262.6400000000003	683.3199999999999	149.36	256.96
ko:K08154	386.72	193.70999999999998	141.0	53.0	1298.86	11.57	1726.79	2196.71	681.4200000000001	1808.9999999999998
ko:K08156	28759.0	3370.55	59569.35999999999	35313.43	27644.24	26073.67	83177.11000000002	29973.09	16219.37	32706.32
ko:K08159	2460.06	468.03999999999996	2415.91	2930.83	2730.94	734.75	2815.63	3111.05	1413.0900000000001	4763.0
ko:K08160	391.01	193.70999999999998	143.0	53.0	1320.29	11.57	1728.2199999999998	2293.1400000000003	728.42	1810.4299999999998
ko:K08161	4353.51	798.01	3404.39	486.13	1892.49	2006.07	31660.01	3977.5299999999997	3459.0099999999998	11594.33
ko:K08162	391.72	196.70999999999998	141.0	57.0	1298.86	11.57	1744.79	2202.71	681.4200000000001	1808.9999999999998
ko:K08163	386.72	193.70999999999998	141.0	53.0	1298.86	11.57	1719.79	2196.71	573.4200000000001	1808.9999999999998
ko:K08164	856.3399999999999	201.32999999999998	1206.25	2727.83	285.0	624.23	995.67	520.0	155.67	501.0
ko:K08166	212.0	103.0	97.0	365.0	143.0	21.0	159.0	287.5	72.0	120.0
ko:K08167	6.58	0.0	16.28	25.0	1225.68	0.0	295.51	65.71	530.98	3379.1600000000003
ko:K08168	52.75	39.33	73.92	118.22	1325.9699999999998	37.0	2175.02	883.9200000000001	137.25	779.2
ko:K08169	16113.05	2858.95	1508.35	7905.28	16173.909999999998	13996.6	65052.18000000001	25635.21	12244.91	27062.87
ko:K08170	0.29	0.0	0.0	23.4	0.0	0.0	61.800000000000004	4.0	34.0	20.0
ko:K08172	773.1500000000001	387.41999999999996	274.86	103.0	2599.29	23.14	3303.36	4454.85	980.85	1939.85
ko:K08173	386.72	193.70999999999998	176.0	53.0	1396.86	11.57	1721.79	2192.71	710.4200000000001	1808.9999999999998
ko:K08174	0.0	0.0	0.0	34.0	527.0	3.56	0.0	0.0	5.0	0.0
ko:K08177	16501.26	4617.76	10352.91	8468.58	5178.469999999999	18606.15	214912.24	23400.299999999996	9607.400000000001	25840.58
ko:K08178	1622.9699999999998	289.71	181.25	107.0	2232.8599999999997	45.82	4448.04	2617.46	1219.42	4262.0
ko:K08191	39537.5	5348.53	64061.84	64850.86	46629.57000000001	48757.59	115571.43	37657.759999999995	27343.289999999997	45696.27
ko:K08194	390.88	199.70999999999998	148.14000000000001	61.0	2480.5399999999995	22.25	1900.01	2214.2799999999997	916.41	3492.8700000000003
ko:K08195	10.870000000000001	6.0	9.14	18.0	3356.18	0.0	188.22	34.57	396.98999999999995	1682.4400000000003
ko:K08196	2.0	0.0	9.2	32.0	1612.25	3.56	274.25	114.75	64.0	7.75
ko:K08217	12772.699999999999	1686.05	4319.900000000001	7438.950000000001	11390.1	6844.75	44566.2	10714.6	9767.099999999999	28075.23
ko:K08218	51447.380000000005	5128.59	72093.83	67247.86	45199.03999999999	41277.369999999995	80530.91	32183.15	22899.8	48007.54
ko:K08219	871.72	506.03999999999996	141.0	106.0	1298.86	595.9000000000001	3177.12	3823.05	1575.0900000000001	1815.33
ko:K08221	65.0	6.3	0.0	102.0	713.2	11.25	888.0	1.5	0.0	0.0
ko:K08222	121.0	23.0	95.60000000000001	144.0	1123.8	164.13	499.4	260.4	1242.2	1652.0
ko:K08223	26906.07	2679.1099999999997	63926.590000000004	8699.910000000002	22740.49	19450.22	40445.76	19601.18	7872.82	19383.399999999998
ko:K08224	20457.1	2371.5	95331.84	36642.92999999999	23713.960000000006	34949.07	47051.32	16921.21	14305.11	27957.27
ko:K08225	386.72	193.70999999999998	141.0	53.0	1392.86	11.57	1719.79	2196.71	686.4200000000001	1808.9999999999998
ko:K08226	0.0	0.0	0.0	0.0	0.0	0.0	0.0	3.0	0.0	0.0
ko:K08227	390.72	193.70999999999998	143.0	53.0	1317.86	11.57	1722.79	2286.71	728.42	1808.9999999999998
ko:K08234	6348.26	1702.44	39398.84	1454.76	6477.04	8064.83	57797.729999999996	7957.4	4605.11	10933.27
ko:K08252	30.6	3.0	223.7	154.8	12.0	20.4	127.3	86.3	24.8	40.4
ko:K08253	29.6	0.0	223.7	154.8	21.0	30.4	148.8	86.3	24.8	40.4
ko:K08255	0.0	0.0	0.0	7.8	0.0	0.0	20.6	0.0	0.0	0.0
ko:K08256	0.0	1.33	36.67	6.67	45.67	21.0	129.67000000000002	66.17	4.0	39.0
ko:K08258	122.0	8.0	246.0	143.0	16.0	112.0	79.6	13.0	0.0	0.0
ko:K08259	0.0	3.0	0.0	20.8	97.0	0.0	93.0	0.0	5.0	0.0
ko:K08261	0.0	0.0	0.0	0.0	0.0	0.0	7.0	0.0	4.0	0.0
ko:K08276	394.22	199.20999999999998	141.0	58.0	2381.61	11.57	1726.79	2199.21	573.4200000000001	1808.9999999999998
ko:K08277	386.43	193.70999999999998	133.86	50.0	1298.86	11.57	1582.0	2185.57	375.43	129.42
ko:K08279	4891.22	1032.21	57558.17	2138.0	5995.860000000001	11274.900000000001	38068.96	12290.71	7343.419999999999	14101.0
ko:K08280	0.0	0.0	33838.0	8644.0	4.0	2615.0	453.0	114.0	0.0	19.0
ko:K08281	10868.07	1664.47	7881.0599999999995	7688.42	5893.79	13764.88	187616.05000000002	18892.440000000002	5252.360000000001	14024.27
ko:K08282	17752.03	4017.4900000000002	6259.54	5645.2	11293.86	6423.289999999999	32654.35	8917.29	7914.92	11958.67
ko:K08289	27026.0	3222.88	68011.17000000001	35433.1	29787.83	31145.83	87993.07	30941.730000000003	16020.36	32014.47
ko:K08295	26778.03	2914.8399999999997	59159.420000000006	34269.18	26371.25	29751.760000000002	54857.76	20182.6	18334.69	34720.270000000004
ko:K08296	2618.97	645.71	1300.08	2154.75	4138.41	11053.57	155441.63999999998	14815.96	1680.6699999999998	6505.2
ko:K08297	392.43	200.70999999999998	226.86	84.0	1298.86	16.57	1661.5	2328.57	378.43	146.42
ko:K08298	452.43	225.70999999999998	191.86	84.0	1318.36	31.57	2030.0	2576.8199999999997	396.68	206.17
ko:K08299	425.43	213.70999999999998	191.86	84.0	1348.86	36.57	1788.5	2572.0699999999997	425.43	156.42
ko:K08300	5880.47	524.54	1654.58	408.42	4113.91	229.08	5879.48	4244.469999999999	1968.6699999999998	6748.200000000001
ko:K08301	54199.64	9987.64	85356.47	48264.76	37764.99	49992.1	266083.07	51050.770000000004	28643.339999999997	56908.67
ko:K08302	623.2199999999999	308.96999999999997	221.14	422.0	1552.46	41.71	5680.089999999999	2558.63	1371.28	6012.57
ko:K08303	155276.53	33688.2	191995.13000000003	134401.58000000002	95798.51000000001	144661.25	784326.96	121314.63	81028.16	165972.6
ko:K08304	6569.72	574.21	1295.6599999999999	284.0	3402.94	363.08000000000004	4251.46	3885.5499999999997	2102.4199999999996	6116.0
ko:K08305	5726.3	489.21	1322.1599999999999	325.0	6218.6900000000005	271.08000000000004	2709.46	3618.55	2024.4199999999998	5182.0
ko:K08306	1178.05	316.71	1226.33	210.0	1611.86	199.57	2631.79	2860.71	999.4200000000001	2268.0
ko:K08307	30740.85	3959.08	125952.91999999998	35871.68	32366.79	41045.1	90261.62	32315.89	17842.78	34296.6
ko:K08308	427.05	193.70999999999998	152.5	70.0	1319.86	85.57	1768.79	2310.71	743.4200000000001	1964.9999999999998
ko:K08309	32387.52	8712.45	19144.29	24415.489999999998	10699.82	38785.520000000004	306163.18999999994	27424.26	18330.52	35046.99
ko:K08310	471.72	196.70999999999998	1126.83	159.0	1397.86	42.57	1903.04	2475.46	697.4200000000001	1816.7499999999998
ko:K08311	5127.719999999999	626.04	1162.83	208.0	5395.110000000001	657.9000000000001	3360.62	4853.55	2173.0899999999997	5210.33
ko:K08312	388.72	193.70999999999998	1126.83	151.0	2379.11	42.57	1770.79	2458.21	690.4200000000001	1808.9999999999998
ko:K08313	793.1500000000001	388.41999999999996	292.86	103.0	2797.22	26.14	3447.29	4463.28	1069.8500000000001	1957.4199999999998
ko:K08314	26878.030000000002	3644.2099999999996	2288.86	11951.43	29262.96	17741.92	70266.53000000001	22325.809999999998	21173.140000000003	40114.44
ko:K08315	608.7199999999999	309.51	1175.83	190.0	1358.56	42.57	5390.789999999999	2692.21	1285.4199999999998	5872.999999999999
ko:K08316	73492.0	15999.630000000001	93153.44	65356.06	44292.91	66149.11000000002	316153.19	52639.93	38931.520000000004	80826.59
ko:K08317	389.72	199.70999999999998	189.67000000000002	110.0	1406.86	17.57	2016.29	2335.21	614.9200000000001	1818.4999999999998
ko:K08318	386.43	193.70999999999998	141.0	53.0	1298.86	11.57	1719.29	2192.71	544.4200000000001	1808.9999999999998
ko:K08319	402.72	200.70999999999998	144.86	55.0	2376.68	11.57	1587.57	2232.14	408.43	130.85
ko:K08320	386.72	193.70999999999998	141.0	53.0	1298.86	11.57	1719.79	2196.71	681.4200000000001	1808.9999999999998
ko:K08321	8439.46	676.1600000000001	3480.81	2744.16	1652.0	2234.17	8010.589999999999	4387.47	2013.16	12804.51
ko:K08322	653.1200000000001	229.51	197.0	295.0	1363.26	430.97	3000.39	2719.71	1043.8200000000002	3080.2
ko:K08323	1278.5500000000002	414.41999999999996	313.86	148.0	2713.49	121.53999999999999	3394.96	4592.349999999999	1186.25	2066.62
ko:K08324	394.01	193.70999999999998	161.0	91.0	1314.86	44.57	1854.29	2210.71	714.4200000000001	1810.4299999999998
ko:K08325	15517.400000000001	2950.0	1842.1799999999998	5399.26	13140.539999999999	16246.53	57914.47	17596.22	12954.86	23487.27
ko:K08326	386.43	193.70999999999998	133.86	50.0	1298.86	36.57	1582.0	2215.57	375.43	153.42
ko:K08344	4405.29	165.5	87.97	89.0	50.26	71.51	182.39	571.41	840.99	4257.58
ko:K08348	3008.88	899.3399999999999	637.69	300.0	6323.5199999999995	117.79	6795.04	8814.54	2875.6900000000005	8010.85
ko:K08349	773.44	387.41999999999996	282.0	106.0	2597.72	23.14	3439.58	4393.42	1362.8400000000001	3617.9999999999995
ko:K08350	773.44	387.41999999999996	282.0	106.0	2597.72	23.14	3439.58	4393.42	1362.8400000000001	3617.9999999999995
ko:K08351	1563.88	774.8399999999999	599.0	246.0	5238.44	46.28	7130.16	8776.84	2401.6800000000003	7235.999999999999
ko:K08352	835.29	223.0	215.0	163.0	385.5	156.0	5484.0	1530.5	1147.0	4829.43
ko:K08353	386.43	193.70999999999998	133.86	50.0	1298.86	11.57	1582.0	2185.57	375.43	129.42
ko:K08354	393.43	193.70999999999998	153.86	88.0	1314.86	44.57	1716.0	2197.57	375.43	129.42
ko:K08355	0.0	0.0	0.0	0.0	0.0	0.0	15.0	0.0	0.0	0.0
ko:K08357	807.29	120.5	88.0	0.0	386.0	98.0	1014.5	538.0	258.0	345.43
ko:K08358	1668.0	80.0	56.0	0.0	165.0	298.0	982.5	331.0	538.0	2528.4300000000003
ko:K08359	2428.0	146.0	68.0	0.0	186.0	62.0	64.0	40.0	1070.0	4907.43
ko:K08363	6.0	0.0	985.83	108.0	3240.75	31.0	51.0	268.0	10.0	0.0
ko:K08364	25961.909999999996	2511.55	61290.86	10751.310000000001	27310.34	22377.28	67670.04000000001	20394.699999999997	12956.0	28082.29
ko:K08365	395.72	193.70999999999998	187.83	154.0	4640.44	52.080000000000005	1734.4599999999998	2225.05	686.4200000000001	1808.9999999999998
ko:K08368	1470.8600000000001	510.41999999999996	457.53000000000003	137.0	2887.29	111.14	5217.360000000001	4811.85	1474.85	2636.42
ko:K08369	1295.77	229.5	84.45	352.5	3641.45	198.71	4349.35	1506.75	603.9	1340.49
ko:K08372	391.66	177.32999999999998	235.92000000000002	245.42000000000002	1632.4699999999998	218.0	7489.52	1506.92	906.25	5227.2
ko:K08384	64652.15	18931.440000000002	45844.84	46119.82000000001	17300.77	55071.57	394364.21	40635.18000000001	34811.74	71068.42
ko:K08475	386.43	193.70999999999998	133.86	50.0	1296.43	11.57	1576.57	2179.14	404.43	129.42
ko:K08476	386.43	193.70999999999998	133.86	50.0	1298.86	11.57	1582.0	2185.57	404.43	129.42
ko:K08478	386.43	193.70999999999998	133.86	50.0	1298.86	11.57	1582.0	2185.57	404.43	129.42
ko:K08481	0.0	0.0	0.0	0.0	0.0	0.0	0.0	1.5	0.0	0.0
ko:K08482	54.0	5.8	0.0	0.0	20.2	0.0	0.0	1.5	8.0	0.0
ko:K08483	53273.759999999995	15922.970000000001	40310.880000000005	39442.85	24190.600000000002	26193.89	154665.76	37019.72	40078.729999999996	83544.98
ko:K08484	3337.72	237.70999999999998	143.0	58.0	2410.11	11.57	1722.79	2799.21	732.42	2751.0
ko:K08485	420.72	193.70999999999998	143.0	81.0	2398.11	78.57	1722.79	2306.21	728.42	1808.9999999999998
ko:K08589	274.0	47.0	22.0	0.0	4.0	39.0	47.0	24.0	0.0	0.0
ko:K08591	59567.08	16777.83	31555.5	36282.55	27211.29	50926.16	424816.93000000005	50729.5	34638.9	71137.37
ko:K08600	59613.25	21850.9	36077.29	51452.06	16070.35	20978.84	167047.55000000002	24511.26	34295.33	87294.01999999999
ko:K08602	24020.82	7431.140000000001	12728.94	11843.19	10194.71	9520.48	78850.95	8767.09	13297.27	24675.66
ko:K08604	25.34	1.33	0.0	11.16	1083.25	3.5	3.5	0.0	0.0	0.0
ko:K08640	6007.0	662.0	3945.0	2767.0	1264.0	2725.0	7402.0	3896.5	2615.66	3958.33
ko:K08641	26095.61	3422.25	16549.54	16098.759999999998	24641.83	15120.01	41126.28	15627.439999999999	18113.03	33379.27
ko:K08642	111.0	17.0	0.0	5.0	1080.25	0.0	19.0	0.0	6.0	7.0
ko:K08643	415.0	96.0	212.0	326.0	471.0	1875.0	28102.5	1165.5	497.5	2248.5
ko:K08651	2087.67	235.42000000000002	567.33	1654.67	91.0	1221.56	8177.17	4201.17	223.0	719.0
ko:K08652	17.05	0.0	110.6	111.4	626.0	19.03	70.4	42.4	12.4	20.2
ko:K08659	14689.109999999999	4698.0	7294.83	6602.870000000001	5823.1	6718.5	59481.52	8345.16	8076.0	22427.25
ko:K08675	2.0	0.0	0.0	5.0	1080.25	0.0	0.0	0.0	4.0	0.0
ko:K08676	27840.76	3202.98	2644.5	37075.86	22677.1	24881.46	47175.18000000001	12113.2	11707.98	28148.14
ko:K08677	0.0	0.0	0.0	0.0	0.0	0.0	7.0	0.0	0.0	0.0
ko:K08678	30640.549999999996	6049.289999999999	3745.83	13532.599999999999	31102.85	19862.11	62518.48999999999	18760.510000000002	24104.36	47209.6
ko:K08679	15100.48	3064.2	35555.74	3700.7599999999998	4119.17	11455.079999999998	23948.810000000005	6491.07	6870.63	17339.899999999998
ko:K08680	918.22	532.54	1258.08	344.13	4796.36	707.5300000000001	4219.969999999999	4448.549999999999	1613.8400000000001	1846.33
ko:K08681	15116.63	3852.9500000000003	68454.78	16011.449999999999	5641.26	15078.56	61672.62999999999	5979.1900000000005	9539.8	18012.190000000002
ko:K08682	388.72	193.70999999999998	141.0	58.0	2379.11	11.57	1719.79	2196.71	685.4200000000001	1808.9999999999998
ko:K08688	106.0	28.8	37.67	0.0	23.2	0.0	0.0	0.0	5.0	0.0
ko:K08689	0.0	0.0	0.0	0.0	0.0	0.0	0.0	87.0	32.0	0.0
ko:K08691	0.0	3.0	0.0	0.0	21.0	10.0	45.0	0.0	0.0	0.0
ko:K08692	85.0	0.0	0.0	0.0	0.0	0.0	0.0	0.0	0.0	0.0
ko:K08693	63.8	19.75	154.6	118.8	1289.5	4.7	463.70000000000005	28.5	93.0	74.0
ko:K08697	5.0	1.0	0.0	0.0	17.5	0.0	25.0	14.0	0.0	0.0
ko:K08713	0.0	0.0	0.0	0.0	626.0	4.13	0.0	0.0	0.0	0.0
ko:K08714	2924.0	39.0	0.0	0.0	0.0	0.57	30.0	515.5	2.0	125.0
ko:K08715	0.0	0.0	0.0	0.0	0.0	0.0	7.0	0.0	5.0	0.0
ko:K08717	9046.5	488.0	805.0	3788.8	13493.25	6629.5	18301.6	3008.0	2861.0	3112.0
ko:K08720	2924.0	41.0	0.0	0.0	0.0	0.0	14.0	511.0	0.0	1759.0
ko:K08721	388.72	193.70999999999998	141.0	58.0	2570.11	11.57	1726.79	2200.71	573.4200000000001	1808.9999999999998
ko:K08722	28534.379999999997	8277.8	16989.58	26801.66	11766.11	39328.57000000001	310745.12	27638.879999999997	13016.17	24257.25
ko:K08723	427.72	207.70999999999998	166.0	87.0	1830.86	21.700000000000003	2044.14	2372.46	693.9200000000001	1826.2499999999998
ko:K08724	907.3599999999999	278.0	647.71	555.36	1768.69	2029.1299999999999	30629.019999999997	1627.65	1247.35	2759.4700000000003
ko:K08728	20.0	12.0	9.0	43.0	99.0	0.0	188.0	191.0	7.0	3.0
ko:K08738	1002.0	102.0	88.0	5.0	1776.25	166.0	1653.0	585.0	446.0	449.0
ko:K08744	64360.5	20109.96	32639.619999999995	44360.53	25479.59	56762.880000000005	343751.06	32861.55	31605.28	62992.42
ko:K08765	0.0	0.0	0.0	0.0	21.0	10.0	38.0	0.0	0.0	0.0
ko:K08776	70.75	40.66	78.59	145.09	1276.6399999999999	43.0	4360.6900000000005	959.59	201.25	929.2
ko:K08777	38.0	11.0	21.0	34.0	198.0	0.0	32.0	31.0	0.0	0.0
ko:K08794	38.0	11.0	21.0	0.0	0.0	0.0	32.0	31.0	0.0	0.0
ko:K08838	2.0	4.0	0.0	0.0	4.0	0.0	0.0	3.0	29.0	0.0
ko:K08884	42599.53	8439.599999999999	80887.19	45503.74	38530.94	45819.979999999996	157380.6	39490.05	25484.260000000002	50543.5
ko:K08926	0.0	0.0	0.0	0.0	0.0	0.0	0.0	6.0	0.0	0.0
ko:K08927	0.0	0.0	0.0	0.0	0.0	0.0	0.0	6.0	0.0	0.0
ko:K08928	0.0	0.0	0.0	0.0	0.0	0.0	0.0	3.0	0.0	0.0
ko:K08929	0.0	0.0	0.0	0.0	0.0	0.0	0.0	1.5	0.0	0.0
ko:K08930	0.0	0.0	35.0	34.0	0.0	0.0	0.0	0.0	0.0	0.0
ko:K08941	24.0	2.8	20.0	38.0	36.2	33.0	134.0	12.0	0.0	0.0
ko:K08961	21335.0	1292.1999999999998	1344.0	18866.0	15754.199999999999	10981.2	28989.999999999996	6185.6	7965.799999999999	22350.8
ko:K08963	16193.53	3885.74	9401.220000000001	7933.05	8714.08	33794.51	276527.93999999994	23995.800000000003	3736.2200000000003	12649.66
ko:K08964	2.29	0.0	7.140000000000001	42.0	1731.25	14.13	175.79	7.14	197.99	1679.5800000000002
ko:K08965	16.4	10.75	0.0	51.0	636.2	39.53	50.35	117.5	41.4	109.2
ko:K08966	489.0	48.0	0.0	34.0	1541.0	91.26	810.0	290.0	179.0	147.0
ko:K08967	2.29	0.0	7.140000000000001	42.0	1727.25	14.13	175.79	7.14	201.99	1679.5800000000002
ko:K08968	23408.59	3499.51	59421.50000000001	33623.399999999994	24444.13	27747.48	89808.36	18041.96	10413.46	21572.519999999997
ko:K08969	4523.75	2488.0	1655.25	3117.55	3317.7000000000003	3766.13	45373.75	3551.25	4468.58	11916.8
ko:K08970	387.01	193.70999999999998	1133.9699999999998	149.0	1301.29	42.57	1914.01	2475.7799999999997	889.41	3488.5800000000004
ko:K08971	0.0	0.0	0.0	0.0	20.0	0.0	0.0	0.0	0.0	0.0
ko:K08972	837.9499999999999	223.93999999999997	569.19	562.48	1962.7199999999998	83.77000000000001	6115.620000000001	1039.6399999999999	926.61	5165.16
ko:K08973	7.0	3.0	2.0	5.0	1196.25	0.0	12.5	91.5	58.0	0.0
ko:K08974	25174.71	5852.8	11099.279999999999	36309.39	12799.65	28288.31	175285.75	29420.93	14282.88	37322.6
ko:K08976	0.0	0.0	0.0	41.8	626.0	4.7	35.6	0.0	2.0	0.0
ko:K08978	55310.880000000005	10522.2	83140.55000000002	47802.600000000006	33265.17	57751.99	261240.21000000002	42120.479999999996	28322.940000000002	60976.72
ko:K08979	0.0	0.0	0.0	0.0	20.0	0.0	0.0	0.0	0.0	0.0
ko:K08981	1331.0	2194.83	510.91999999999996	7979.97	1230.42	2179.63	7318.1900000000005	3870.42	1517.75	3501.0
ko:K08982	141.0	5.6	0.0	47.0	49.4	0.0	2.4	0.0	7.0	0.0
ko:K08983	2.0	0.0	0.0	5.0	1174.25	0.0	7.0	0.0	5.0	0.0
ko:K08984	638.72	245.20999999999998	143.0	58.0	2492.11	11.57	1722.29	2286.71	635.4200000000001	1808.9999999999998
ko:K08985	2.0	0.0	0.0	5.0	1080.25	0.0	0.0	0.0	4.0	0.0
ko:K08986	701.5	262.5	428.25	520.0	1611.0900000000001	2044.03	32353.269999999997	1631.1999999999998	1186.4	2654.95
ko:K08987	424.5	110.5	287.0	397.8	509.5	1878.0	29126.25	1382.25	1195.35	2616.25
ko:K08988	18.0	0.0	0.0	0.0	9.0	0.0	0.0	5.0	4.0	6.0
ko:K08989	419.93	194.20999999999998	164.11	103.33	2124.4300000000003	23.76	2084.72	2208.64	410.18	133.42
ko:K08990	389.72	193.70999999999998	1126.83	146.0	1298.86	42.57	1770.79	2456.71	686.4200000000001	1808.9999999999998
ko:K08992	472.72	196.70999999999998	1126.83	146.0	1395.86	42.57	1780.29	2458.21	691.4200000000001	1808.9999999999998
ko:K08993	390.72	193.70999999999998	141.0	63.0	3459.359999999999	11.57	1719.79	2196.71	685.4200000000001	1808.9999999999998
ko:K08994	395.72	196.70999999999998	145.0	53.0	1524.86	11.57	1749.29	2378.71	778.42	1808.9999999999998
ko:K08995	87.0	3.0	0.0	5.0	1174.25	0.0	14.0	0.0	4.0	0.0
ko:K08996	386.72	195.04	1108.3600000000001	270.47	1304.93	75.41	2752.34	2536.98	443.43	234.85
ko:K08997	392.72	193.70999999999998	143.0	58.0	2398.11	11.57	1722.79	2286.71	732.42	1808.9999999999998
ko:K08998	68375.32999999999	15370.6	55165.01	46733.619999999995	42874.21	72956.04999999999	443626.14999999997	53832.52	34168.22	63130.39
ko:K08999	24378.96	3005.37	9038.25	33822.18	24640.35	20995.86	56358.31999999999	18578.34	10345.36	21998.6
ko:K09000	0.0	0.0	0.0	0.0	63.0	0.0	2.0	0.0	0.0	0.0
ko:K09001	16099.52	729.21	1877.26	4070.0	13584.44	4434.64	13516.96	6148.549999999999	4161.92	9352.0
ko:K09002	140.0	17.5	14.0	8.67	45.0	54.5	2452.0	423.16999999999996	21.0	52.0
ko:K09003	99.0	18.0	5.0	0.0	83.0	0.0	0.0	5.5	0.0	0.0
ko:K09004	1003.0	191.8	197.25	111.83	513.8299999999999	147.32999999999998	1269.4	693.4	570.0	712.0
ko:K09005	6400.0	484.55	305.0	94.0	917.2	36.0	3677.0	914.5	1142.0	7506.0
ko:K09006	0.0	0.0	0.0	0.0	0.0	0.0	0.0	1.5	0.0	0.0
ko:K09007	3407.1	744.8299999999999	3268.83	232.8	4388.08	738.8399999999999	2363.1	1982.68	2781.67	6458.33
ko:K09009	58.35	39.33	76.92	124.42	1260.9699999999998	32.0	3245.02	842.4200000000001	167.25	822.2
ko:K09011	24695.03	2578.34	60261.420000000006	33746.18	24183.25	29278.260000000002	53358.26	20223.1	13363.69	25979.27
ko:K09013	66121.39	15397.86	92436.13000000002	56976.62	43301.34	59030.46000000001	370897.69	61356.91	34240.85	77236.31999999999
ko:K09014	47750.96	9209.08	81243.63	47705.130000000005	35864.869999999995	51517.39	308190.99	49995.96	28465.730000000003	61276.27
ko:K09015	44595.9	8499.58	76702.27	45682.24	35449.18	40360.89	152885.66999999998	38045.06	26128.38	50635.05
ko:K09016	392.72	193.70999999999998	135.86	55.0	2395.68	11.57	1580.57	2269.14	484.43	130.85
ko:K09017	1493.84	431.21	3050.0	128.0	6316.360000000001	314.7	2544.3599999999997	2586.21	1613.4199999999998	5257.43
ko:K09018	0.29	0.0	0.0	0.0	0.0	0.0	0.5	0.0	29.0	1.43
ko:K09019	0.29	0.0	0.0	14.0	21.0	10.0	45.5	29.0	37.0	21.43
ko:K09020	1044.72	253.70999999999998	133.86	50.0	1601.43	94.57	2387.0699999999997	2472.14	577.4300000000001	270.85
ko:K09021	0.29	0.0	0.0	0.0	0.0	0.0	0.5	0.0	29.0	1.43
ko:K09022	77487.87	16685.780000000002	99992.29000000001	70715.78	43347.97	69790.85	308001.61	58891.60999999999	41136.56	87188.3
ko:K09023	0.29	0.0	0.0	0.0	0.0	0.0	0.5	0.0	29.0	1.43
ko:K09024	394.01	193.70999999999998	135.86	55.0	2398.68	11.57	1583.07	2275.14	509.43	132.28
ko:K09065	26271.58	2959.55	67562.73000000001	34067.009999999995	27096.870000000003	29483.16	63054.100000000006	21353.379999999997	14942.099999999999	30199.42
ko:K09116	1884.01	461.67	135.67000000000002	234.33	954.6600000000001	402.66	1083.66	642.75	176.25	461.75
ko:K09117	47166.98	7788.83	17260.77	42853.840000000004	35055.08	38101.04	275460.36	47272.3	24128.92	48587.22
ko:K09118	629.85	123.38	93.12	141.42000000000002	1414.17	85.0	4527.1900000000005	1257.92	2400.25	1185.2
ko:K09119	0.0	0.0	0.0	0.0	20.0	0.0	0.0	0.0	0.0	0.0
ko:K09121	16863.04	4855.03	8758.15	7339.35	7232.849999999999	15446.509999999998	189788.68	19642.6	9131.11	22521.519999999997
ko:K09122	18.0	2.8	0.0	0.0	20.2	0.0	9.5	0.0	5.0	0.0
ko:K09123	84.6	10.0	94.0	29.0	1127.25	67.0	84.0	187.0	12.0	72.0
ko:K09124	1360.0	137.0	1386.0	75.0	1179.0	390.56	44.0	14.0	0.0	0.0
ko:K09125	26609.559999999998	3172.1800000000003	68946.73000000001	40760.71	26556.62	29557.9	71891.49	20577.98	10689.11	26159.66
ko:K09126	379.0	50.05	65.0	122.0	252.2	681.0	980.5	318.5	354.0	585.0
ko:K09127	7.0	6.0	0.0	0.0	86.0	62.0	125.0	149.0	0.0	19.0
ko:K09128	82.6	10.0	94.0	10.0	47.0	52.0	84.0	69.0	12.0	33.0
ko:K09129	5.6	0.0	0.0	0.0	0.0	0.0	7.0	0.0	0.0	0.0
ko:K09131	4341.219999999999	569.0899999999999	1406.83	204.0	5383.31	655.57	3306.29	4703.22	1580.0900000000001	2857.33
ko:K09133	1322.0	78.6	34.0	0.0	86.4	31.0	32.0	20.0	535.0	2453.0
ko:K09136	1008.72	360.71	1268.83	448.0	2510.86	1893.57	28301.29	3738.21	1391.42	4118.0
ko:K09137	439.0	187.6	2820.0	0.0	61.4	10.0	107.0	12.0	820.0	3277.0
ko:K09138	74.0	29.33	59.67	87.67	73.17	39.0	284.17	296.17	23.0	72.0
ko:K09139	157.0	0.0	280.0	0.0	83.0	0.0	0.0	0.0	0.0	84.0
ko:K09140	18.5	0.0	0.0	0.0	20.0	0.0	0.0	0.0	0.0	0.0
ko:K09141	5976.889999999999	845.0600000000001	291.83000000000004	92.0	233.57000000000002	114.4	429.09999999999997	1011.33	2619.4	1100.2
ko:K09142	0.0	0.0	0.0	0.0	20.0	0.0	0.0	0.0	0.0	0.0
ko:K09144	4.0	0.0	1094.0	0.0	3.0	0.0	2.5	0.0	0.0	1.43
ko:K09145	0.0	0.0	0.0	7.8	15.0	37.0	85.6	24.0	92.0	121.0
ko:K09146	0.0	0.0	0.0	0.0	22.0	0.0	0.0	0.0	0.0	0.0
ko:K09153	8856.9	3911.66	7127.34	7777.34	1877.04	7130.400000000001	56632.69	6333.09	7788.4	18784.95
ko:K09154	1.0	0.0	0.0	0.0	20.0	0.0	2.5	0.0	0.0	0.0
ko:K09155	5315.3	1979.8	5487.35	5240.83	1060.7	6750.0	61959.85	4006.42	4480.45	7820.25
ko:K09157	42822.350000000006	11983.62	86129.86000000002	55292.57000000001	14237.869999999999	57558.23999999999	390152.69	38940.64	23920.3	52765.08
ko:K09158	2132.72	333.21	1229.6599999999999	275.0	2567.94	147.08	1956.4599999999998	2608.0499999999997	1277.4199999999998	4268.0
ko:K09159	393.72	196.70999999999998	1128.83	151.0	2495.11	42.57	1783.29	2548.21	742.42	1808.9999999999998
ko:K09160	6291.72	275.71	1128.83	151.0	2398.11	42.57	1773.79	3568.71	737.42	3693.0
ko:K09161	386.72	193.70999999999998	141.0	53.0	1298.86	11.57	1719.79	2198.71	681.4200000000001	1808.9999999999998
ko:K09163	15445.99	6304.71	7398.469999999999	7846.119999999999	2726.18	5673.33	24665.78	5195.3	8256.67	22275.75
ko:K09164	7.0	0.0	52.0	38.0	20.0	33.0	138.0	15.0	0.0	0.0
ko:K09165	27.0	3.75	0.0	5.0	1248.25	0.0	18.0	95.0	41.0	6.0
ko:K09166	0.0	0.0	0.0	34.0	630.0	3.56	0.0	0.0	0.0	0.0
ko:K09167	191.25	46.33	62.67	147.26999999999998	794.1700000000001	280.13	1826.04	408.67	162.0	316.0
ko:K09181	19293.420000000002	1702.0100000000002	1906.0	8094.500000000001	19196.56	9915.77	30405.49	9912.41	6519.82	14979.4
ko:K09190	0.0	0.0	0.0	34.0	527.0	4.13	0.0	0.0	0.0	0.0
ko:K09251	1233.39	520.23	3048.33	67.67	1448.26	86.13	4605.96	2737.38	1470.4199999999998	4929.0
ko:K09384	1292.0	369.63	99.5	425.33	958.2	1098.08	7836.83	2686.59	2072.42	2658.33
ko:K09386	0.0	0.0	0.0	0.0	197.0	0.0	0.0	1.5	5.0	0.0
ko:K09388	422.0	184.8	0.0	34.0	646.2	4.13	15.0	12.0	759.0	3033.0
ko:K09456	394.72	196.70999999999998	143.0	63.0	3576.359999999999	11.57	1729.79	2288.21	722.4200000000001	1808.9999999999998
ko:K09457	33149.92	4625.55	76633.07999999999	41757.68	27080.69	47808.8	250832.06999999998	35288.66	16338.130000000001	31548.6
ko:K09458	69657.35999999999	13951.36	98267.52	77985.64	41543.740000000005	64617.81	359677.48	63774.28	44060.82	88622.66
ko:K09459	2628.66	701.01	5122.83	1480.16	1313.6699999999998	1127.06	967.5	278.5	1814.0	6611.0
ko:K09461	0.0	0.0	35.0	47.0	101.0	0.0	858.0	0.0	5.0	0.0
ko:K09469	1067.6	209.2	159.0	482.0	2301.6	765.6000000000001	906.4	223.39999999999998	0.0	0.0
ko:K09470	4.29	0.0	0.0	10.0	2160.5	0.0	0.5	0.0	48.0	1.43
ko:K09471	8.29	0.0	985.83	113.0	4415.0	31.0	79.0	260.0	79.0	1.43
ko:K09472	1301.1100000000001	218.67000000000002	142.22	310.67	2658.3799999999997	525.4	2639.74	975.24	936.8900000000001	2143.03
ko:K09473	0.29	0.0	0.0	0.0	0.0	0.0	0.0	0.0	29.0	1.43
ko:K09474	2054.57	839.49	6678.14	1048.4299999999998	2675.3999999999996	1661.5799999999997	2258.58	363.44000000000005	3091.28	5916.45
ko:K09475	1160.7400000000002	581.13	423.00000000000006	159.0	3903.87	34.71	5176.16	6605.42	1936.2599999999998	5429.86
ko:K09476	1933.89	968.55	712.1400000000001	268.0	6496.73	57.85	8742.169999999998	10997.119999999999	3439.09	10726.01
ko:K09477	386.93	194.20999999999998	217.11	77.0	1298.86	80.07	2177.75	2215.07	400.18	133.42
ko:K09482	0.0	0.0	0.0	0.0	20.0	0.0	0.0	0.0	0.0	0.0
ko:K09483	0.0	0.0	0.0	0.0	0.0	0.0	0.0	0.0	15.0	0.0
ko:K09516	25.0	0.0	20.0	38.0	25.0	1030.0	7234.0	4133.0	0.0	6.0
ko:K09565	2924.0	41.0	0.0	0.0	0.0	0.0	0.0	511.0	0.0	942.0
ko:K09568	0.0	0.0	0.0	0.0	21.0	10.0	38.0	0.0	0.0	0.0
ko:K09607	5908.75	536.75	4281.92	1214.75	5380.5	5905.639999999999	21398.67	12661.5	5013.0	8881.0
ko:K09612	2899.7200000000003	1258.71	1452.0000000000002	62.0	1328.86	17092.57	126805.79	3770.71	862.4200000000001	3402.0
ko:K09650	27521.129999999997	3184.5400000000004	67313.42000000001	35665.68	26665.850000000006	31492.859999999997	84906.16	27858.5	15120.69	29390.27
ko:K09655	405.0	182.0	0.0	0.0	0.0	0.0	0.0	12.0	759.0	3033.0
ko:K09680	20655.45	2142.15	62350.01000000001	21589.39	17748.65	26162.079999999998	53216.36	10984.630000000001	6889.960000000001	15409.87
ko:K09681	1772.0	378.0	84.0	375.0	572.0	593.13	2055.5	517.0	1594.33	6317.0
ko:K09682	0.0	0.0	0.0	34.0	626.0	14.81	15.0	0.0	0.0	0.0
ko:K09683	405.0	182.0	0.0	34.0	527.0	4.13	0.0	12.0	759.0	3034.43
ko:K09684	1819.31	378.14	425.17	477.82	1652.6999999999998	1973.56	6823.799999999999	2073.58	738.62	1767.85
ko:K09685	3686.7299999999996	1109.8300000000002	3302.1899999999996	887.46	1305.13	2171.93	34638.42999999999	2149.17	4327.46	6385.32
ko:K09688	548.29	55.0	88.0	52.0	1466.25	83.0	819.0	294.0	553.0	627.4300000000001
ko:K09689	775.0	197.0	193.0	90.0	394.0	129.0	1662.0	330.0	524.0	626.0
ko:K09690	43673.5	17119.870000000003	18395.08	24931.600000000002	9901.869999999999	39134.98	232302.49	19103.25	28484.67	61366.850000000006
ko:K09691	31563.14	12397.630000000001	18153.5	19436.03	7410.09	19247.079999999998	101813.45000000001	10195.02	24143.489999999998	52476.0
ko:K09692	7418.330000000001	1845.83	7270.4	9877.960000000001	2075.45	1240.8999999999999	10093.77	2113.4	3895.8	10943.55
ko:K09693	21003.71	7751.83	15669.400000000001	21734.3	4320.12	9990.900000000001	79925.53	7623.49	16078.4	38835.3
ko:K09694	0.0	6.0	20.0	23.0	84.0	10.0	327.0	11.5	30.0	0.0
ko:K09695	1611.75	238.5	221.5	7312.5	869.5	200.0	3410.0	1091.0	623.0	594.5
ko:K09696	2116.3	71.0	1838.6499999999999	816.6999999999999	905.89	106.13	1191.7	565.93	269.65	681.35
ko:K09697	3073.83	211.4	1949.1499999999999	5363.7	3220.59	983.33	1674.0	1253.48	196.4	560.6
ko:K09698	43443.96000000001	12641.050000000001	27582.800000000003	31112.850000000002	14315.54	45534.67	373110.47000000003	31979.96	22245.91	45269.009999999995
ko:K09699	291.0	30.0	869.0	2496.8	3094.5	4.13	42.6	7.0	4.0	0.0
ko:K09700	5.6	0.0	0.0	0.0	3.0	0.0	0.0	0.0	0.0	0.0
ko:K09701	1.0	3.0	0.0	0.0	7.0	0.0	3.0	5.5	24.0	0.0
ko:K09702	16095.81	2358.85	4469.030000000001	28261.309999999998	6086.49	8301.24	17027.34	9673.300000000001	2851.4	11930.29
ko:K09703	927.67	132.06	1754.67	5043.66	708.6	540.67	476.0	661.3299999999999	247.67000000000002	655.0
ko:K09704	37591.51	4352.66	39802.92	26088.65	36065.17	20182.28	53326.67	16452.33	18249.65	31710.0
ko:K09705	8205.220000000001	821.01	138.6	2374.2200000000003	620.73	275.88	1529.87	747.95	1157.75	8120.0
ko:K09706	4270.05	476.5	4612.32	8815.7	1465.75	1423.0	4573.95	990.9	936.4	1493.35
ko:K09707	5005.0599999999995	1188.5100000000002	649.0	1624.0	218.87	380.40000000000003	9641.33	982.58	1275.65	4346.95
ko:K09709	107.0	31.0	0.0	37.0	1178.25	81.0	912.0	43.5	17.5	19.0
ko:K09710	75046.16	15738.96	96281.79999999999	67303.95000000001	47638.21000000001	77754.94	466967.27	65557.89	40768.94	85107.14
ko:K09711	0.0	0.0	0.0	0.0	0.0	0.0	69.0	0.0	0.0	0.0
ko:K09712	636.72	245.20999999999998	143.0	53.0	1320.86	11.57	1729.79	2286.71	733.42	1808.9999999999998
ko:K09713	0.0	0.0	0.0	0.0	20.0	0.0	0.0	0.0	0.0	0.0
ko:K09717	0.0	0.0	0.0	0.0	20.0	0.0	0.0	0.0	0.0	0.0
ko:K09720	0.0	3.0	0.0	0.0	32.0	0.0	0.0	0.0	0.0	0.0
ko:K09721	0.0	0.0	0.0	0.0	20.0	0.0	0.0	0.0	0.0	0.0
ko:K09722	0.0	0.0	0.0	0.0	20.0	0.0	0.0	0.0	0.0	0.0
ko:K09723	0.0	0.0	0.0	0.0	20.0	0.0	0.0	0.0	0.0	0.0
ko:K09724	0.0	0.0	0.0	0.0	20.0	0.0	0.0	0.0	0.0	0.0
ko:K09726	0.0	0.0	0.0	0.0	20.0	0.0	0.0	0.0	0.0	0.0
ko:K09727	0.0	0.0	0.0	0.0	20.0	0.0	0.0	0.0	0.0	0.0
ko:K09728	0.0	0.0	0.0	0.0	20.0	0.0	0.0	0.0	0.0	0.0
ko:K09729	1226.0	316.48	2999.39	97.33	403.40999999999997	156.14	1634.75	424.14	1369.1100000000001	3913.07
ko:K09730	0.0	0.0	0.0	0.0	20.0	0.0	0.0	0.0	0.0	0.0
ko:K09733	0.0	0.0	0.0	0.0	20.0	0.0	0.0	0.0	0.0	0.0
ko:K09735	0.0	0.0	0.0	0.0	20.0	0.0	0.0	0.0	0.0	0.0
ko:K09738	0.0	0.0	0.0	0.0	20.0	0.0	0.0	0.0	0.0	0.0
ko:K09739	0.0	0.0	0.0	0.0	20.0	0.0	0.0	0.0	0.0	0.0
ko:K09740	1501.1999999999998	216.75	231.0	482.0	1531.7999999999997	461.6000000000001	1701.9	523.9000000000001	255.0	316.0
ko:K09741	0.0	0.0	0.0	0.0	20.0	0.0	0.0	0.0	0.0	0.0
ko:K09744	169.0	12.0	0.0	0.0	0.0	0.0	0.0	0.0	0.0	0.0
ko:K09747	49638.78	13426.59	28955.46	31469.850000000002	20350.98	46234.08000000001	380883.76	37194.35	25423.0	54855.34
ko:K09748	76712.85	16411.13	96330.44	67146.64	44074.61	77166.61000000002	465425.59	63503.18	39754.020000000004	84381.39000000001
ko:K09749	13078.099999999999	2269.17	20040.78	16406.17	1361.8899999999999	9500.900000000001	25093.77	3836.65	12476.2	17973.3
ko:K09758	18357.94	1897.02	1759.25	8891.49	17715.739999999998	15650.82	36059.83	7789.02	8397.05	17099.23
ko:K09759	15369.939999999999	4522.73	5391.0	6030.16	2704.1000000000004	5244.9	26493.7	7190.950000000001	5012.88	11336.55
ko:K09760	55313.84	10478.68	79115.81	50484.49	39034.61	57172.1	257644.44999999998	44076.96000000001	28146.710000000003	63730.77
ko:K09761	71165.5	15422.14	93741.13	60971.619999999995	46326.93000000001	47740.6	224271.34000000003	51484.67	39214.770000000004	78454.14
ko:K09762	43500.31	12801.380000000001	27754.72	31332.27	15820.810000000001	45567.67	380331.39	33189.28	22967.16	49859.54
ko:K09763	0.0	0.0	0.0	41.8	651.0	14.700000000000001	73.6	1.5	0.0	0.0
ko:K09764	1293.3899999999999	224.98000000000002	272.95	382.56	1074.39	633.1700000000001	3438.34	1097.92	2763.1600000000003	1162.1599999999999
ko:K09765	58366.78	12469.91	86284.03	59498.79	24362.13	55063.82	209880.01	24202.579999999998	31023.489999999998	66053.82
ko:K09766	5907.7	951.7	12373.75	9041.5	791.49	4802.57	10723.0	1502.98	7798.8	11848.6
ko:K09767	3113.22	752.5899999999999	4521.75	2201.0	3753.4800000000005	11121.369999999999	157320.88	14577.05	2268.17	9374.0
ko:K09768	25480.980000000003	7327.0	15515.18	22125.989999999998	7612.02	11674.34	68571.78	13091.380000000001	13854.990000000002	27762.56
ko:K09769	15270.619999999999	3605.2	5151.13	13279.19	10358.310000000001	21739.300000000003	142622.85	10042.74	5049.34	10741.8
ko:K09770	5929.7	953.6300000000001	12434.89	9102.5	910.2	4817.7699999999995	12217.5	1649.12	7799.16	11854.67
ko:K09771	805.2199999999999	379.96	226.25	193.13	3145.1100000000006	96.63	2418.14	2337.21	1517.1699999999998	4846.0
ko:K09772	42021.05	12352.369999999999	30758.39	31329.27	15801.64	45540.67	380185.39	33180.95	23747.16	53176.54
ko:K09773	4468.22	890.69	3459.22	2549.8	3805.7400000000002	11242.91	160786.73	14519.390000000001	2933.0299999999997	11921.32
ko:K09774	7371.72	675.71	4210.91	2117.33	3164.4400000000005	11318.08	153461.21000000002	15143.05	1771.6699999999998	5265.0
ko:K09775	16963.93	4988.210000000001	12849.6	9449.380000000001	7480.58	8098.46	55978.68	10695.04	11906.24	28007.989999999998
ko:K09776	73.5	7.05	0.0	34.0	188.2	0.57	23.5	5.5	0.0	0.0
ko:K09777	35528.64	9820.720000000001	20338.57	24160.690000000002	10332.84	38200.130000000005	325012.78	26179.68	16650.55	35875.85
ko:K09778	3849.5	378.33	280.0	78.0	2872.0	793.33	1776.73	2210.34	1070.67	1353.33
ko:K09779	40750.600000000006	11420.89	23942.02	28737.25	13475.86	32209.17	191861.47	18868.690000000002	20080.81	38680.759999999995
ko:K09780	395.72	198.04	1165.5	176.67000000000002	3604.0299999999993	53.57	2891.96	2651.38	767.42	1903.0
ko:K09781	411.72	198.04	1130.5	157.67000000000002	2525.78	53.57	2019.96	2653.38	764.42	1909.0
ko:K09786	514.22	204.95999999999998	194.0	115.0	3202.0	102.69999999999999	3910.3599999999997	2318.4900000000002	695.4200000000001	1819.9999999999998
ko:K09787	43140.0	12623.050000000001	27277.690000000002	31121.29	14290.65	45464.67	373092.80000000005	31812.96	22184.91	44889.119999999995
ko:K09788	6.0	3.0	2.0	5.0	1193.25	0.0	10.0	90.0	56.0	0.0
ko:K09789	39445.41	3876.63	3355.25	65438.11	36729.6	36555.71	82926.28	27417.6	16655.38	34963.54
ko:K09790	37275.21000000001	7346.18	10083.68	44102.04	30224.750000000004	28550.239999999998	121688.22	34339.45	23902.47	43125.31
ko:K09791	2703.72	444.21	1283.83	198.0	2862.11	166.57	3524.29	2773.21	1754.4199999999998	4894.0
ko:K09792	10.0	3.0	20.0	43.0	1097.25	33.0	136.5	12.0	11.0	0.0
ko:K09793	28090.25	2984.0599999999995	2323.25	10549.720000000001	27941.3	13886.82	68924.07	23288.15	14961.07	31338.73
ko:K09794	1140.72	316.71	1207.69	195.0	2765.11	125.57	2447.5	2735.5699999999997	1016.4300000000001	756.8499999999999
ko:K09795	489.0	48.0	0.0	0.0	289.0	83.0	810.0	290.0	173.0	140.0
ko:K09796	3.0	3.0	0.0	5.0	1296.25	0.0	16.5	3.0	16.0	0.0
ko:K09797	17653.86	2164.45	67671.61000000002	30907.68	19104.280000000002	27471.629999999997	72516.13	23749.940000000002	8583.119999999999	14602.489999999998
ko:K09798	9217.32	821.46	4152.83	2211.0	3067.1100000000006	11379.14	153258.29	15590.71	2084.42	6160.0
ko:K09799	264.5	0.0	282.0	0.0	45.0	10.0	174.0	366.0	47.0	84.0
ko:K09800	3362.2200000000003	728.21	4229.91	2178.33	3073.9400000000005	11194.58	153736.21000000002	14402.55	2152.17	5834.0
ko:K09801	1692.7199999999998	269.71	1162.83	151.0	2541.11	73.57	1815.29	2569.71	1277.4199999999998	4262.0
ko:K09802	386.72	193.70999999999998	1126.83	146.0	1298.86	42.57	1770.79	2456.71	686.4200000000001	1808.9999999999998
ko:K09803	1213.0	125.0	88.0	0.0	596.0	171.0	1697.5	783.0	488.0	460.0
ko:K09804	0.0	0.0	0.0	0.0	1.0	0.0	0.0	0.0	2.0	0.0
ko:K09805	489.0	52.0	0.0	0.0	289.0	83.0	810.0	290.0	173.0	140.0
ko:K09806	478.72	196.70999999999998	143.0	58.0	2495.11	11.57	1732.29	2288.21	737.42	1808.9999999999998
ko:K09807	18892.480000000003	2994.95	4471.09	10188.830000000002	11117.14	19284.940000000002	202038.36999999997	32960.880000000005	11987.83	31194.67
ko:K09808	61985.2	7517.33	137156.33	71909.36	61430.75	63855.7	176527.3	63235.1	33631.89	66431.87
ko:K09809	24345.199999999997	2380.16	5469.88	25872.260000000002	19323.260000000002	9729.36	36267.11	13296.48	6368.57	17808.019999999997
ko:K09810	39799.93	4861.08	74080.5	40503.35	30972.260000000002	34833.19	97143.04000000001	33759.97	20663.11	41282.8
ko:K09811	68055.23000000001	14373.779999999999	95827.79999999999	66582.82	42301.270000000004	77069.35	459276.64999999997	63820.229999999996	38493.17	81742.84
ko:K09812	69455.31	14828.279999999999	96465.79999999999	73959.32	42834.97	77267.35	480992.85	64318.83	38993.67	82616.67
ko:K09813	39.8	0.0	50.6	48.8	0.0	38.0	1546.2	28.0	39.0	211.0
ko:K09814	0.0	0.0	0.0	15.6	5.0	3.56	41.2	0.0	0.0	0.0
ko:K09815	80767.42000000001	13788.05	146179.69	89898.52	66616.75	99950.94	481473.27	84905.48	43086.3	84630.4
ko:K09816	50845.350000000006	9757.789999999999	79316.63	54063.280000000006	38212.65	68635.67	390987.97000000003	55153.020000000004	26556.440000000002	52969.99
ko:K09817	53238.81	10180.289999999999	79173.77	54708.01	39812.87	70207.18	401941.61	58916.53	27146.440000000002	57055.88
ko:K09818	0.29	16.0	15.34	24.8	1092.43	17.13	299.91999999999996	60.07	321.99	1679.5800000000002
ko:K09819	705.5799999999999	331.65999999999997	1006.98	188.34000000000003	3051.53	649.33	3192.4399999999996	2091.3199999999997	1363.65	3520.4900000000002
ko:K09820	5959.99	2285.6499999999996	815.5799999999999	1114.15	5886.64	2845.97	34277.189999999995	4979.51	2632.91	5463.36
ko:K09822	0.0	0.0	0.0	41.8	3.0	0.0	20.6	0.0	0.0	0.0
ko:K09823	398.32000000000005	193.70999999999998	180.0	58.0	2496.11	11.57	1729.79	2286.71	732.42	1808.9999999999998
ko:K09824	792.51	376.21	5005.91	285.33	1298.86	145.07	2439.04	2751.21	1565.17	5091.429999999999
ko:K09825	68219.98	15677.14	100645.72000000002	67528.47	35906.54	64882.39	261123.74000000002	38498.83	35333.66	72256.9
ko:K09826	1.0	0.0	0.0	0.0	0.0	0.0	2.5	1.5	0.0	0.0
ko:K09834	6.0	7.0	0.0	0.0	0.0	5.0	75.5	114.0	3.0	17.0
ko:K09835	25.0	0.0	20.0	38.0	46.0	46.56	172.0	17.0	0.0	6.0
ko:K09844	0.0	0.0	0.0	0.0	0.0	0.0	0.0	1.5	0.0	0.0
ko:K09857	4272.219999999999	372.71	229.0	105.0	2768.11	94.57	2545.79	2997.71	1223.42	3377.0
ko:K09858	2714.72	445.53999999999996	1272.5	256.67	2882.78	200.57	3840.96	2938.88	1829.4199999999998	4981.0
ko:K09859	1096.1	176.2	143.0	482.0	1134.6	378.6000000000001	862.4	224.89999999999998	4.0	0.0
ko:K09860	0.0	0.0	0.0	0.0	0.0	0.0	0.0	0.0	2.0	0.0
ko:K09861	38677.43	7571.57	48750.579999999994	53643.340000000004	29848.130000000005	37348.64	120855.31	30637.57	24959.690000000002	56649.97
ko:K09862	4883.719999999999	362.21	1209.6599999999999	237.0	2445.94	114.08000000000001	1822.4599999999998	3100.55	1277.4199999999998	5204.0
ko:K09879	0.0	0.0	0.0	0.0	4.0	0.0	0.0	0.0	0.0	0.0
ko:K09880	2.29	0.0	7.140000000000001	8.0	1101.25	10.0	175.79	7.14	197.99	1679.5800000000002
ko:K09882	952.0	237.0	88.0	0.0	292.0	83.0	821.5	305.5	1008.0	3336.0
ko:K09883	64.0	15.0	16.2	17.0	47.0	53.0	2134.0	410.0	32.0	61.0
ko:K09888	68500.41	14330.96	88215.69	64816.64	38800.280000000006	65978.26999999999	307059.67	50794.0	38309.770000000004	77063.89000000001
ko:K09889	2707.72	444.21	1297.6599999999999	284.0	2843.94	197.08	2634.46	2884.5499999999997	1801.4199999999998	4894.0
ko:K09890	388.72	193.70999999999998	1126.83	151.0	2379.11	42.57	1770.79	2456.71	690.4200000000001	1808.9999999999998
ko:K09891	386.72	193.70999999999998	1126.83	146.0	1298.86	42.57	1770.79	2456.71	686.4200000000001	1808.9999999999998
ko:K09892	1082.72	309.71	1214.83	198.0	2671.11	125.57	2582.79	2748.21	1214.42	2435.0
ko:K09893	386.72	193.70999999999998	1126.83	146.0	1298.86	42.57	1770.79	2456.71	686.4200000000001	1808.9999999999998
ko:K09894	386.72	193.70999999999998	1126.83	146.0	1298.86	42.57	1770.79	2456.71	686.4200000000001	1808.9999999999998
ko:K09895	392.72	193.70999999999998	1128.83	151.0	2398.11	42.57	1773.79	2548.21	737.42	1808.9999999999998
ko:K09896	386.72	193.70999999999998	1126.83	146.0	1298.86	42.57	1770.79	2456.71	686.4200000000001	1808.9999999999998
ko:K09897	386.72	193.70999999999998	1126.83	146.0	1298.86	42.57	1770.79	2456.71	686.4200000000001	1808.9999999999998
ko:K09898	388.72	193.70999999999998	1126.83	151.0	2379.11	42.57	1770.79	2456.71	690.4200000000001	1808.9999999999998
ko:K09899	386.72	193.70999999999998	1126.83	146.0	1298.86	42.57	1770.79	2456.71	686.4200000000001	1808.9999999999998
ko:K09900	386.72	193.70999999999998	1186.66	146.0	1298.86	42.57	1770.29	2456.71	686.4200000000001	1808.9999999999998
ko:K09901	386.72	193.70999999999998	1126.83	146.0	1298.86	42.57	1770.79	2456.71	686.4200000000001	1808.9999999999998
ko:K09902	392.72	193.70999999999998	1128.83	151.0	2398.11	42.57	1773.79	2546.71	737.42	1808.9999999999998
ko:K09903	77612.66	16810.46	96639.79999999999	67334.95000000001	47777.600000000006	77874.94	469349.34	66169.17	40784.94	85176.14
ko:K09904	386.72	193.70999999999998	1126.83	146.0	1298.86	42.57	1770.79	2456.71	686.4200000000001	1808.9999999999998
ko:K09906	390.72	193.70999999999998	1128.83	146.0	1317.86	42.57	1773.79	2546.71	733.42	1808.9999999999998
ko:K09907	386.72	193.70999999999998	1126.83	146.0	1298.86	42.57	1770.79	2456.71	686.4200000000001	1808.9999999999998
ko:K09908	388.72	193.70999999999998	1126.83	151.0	2379.11	42.57	1770.79	2458.21	690.4200000000001	1808.9999999999998
ko:K09909	390.43	193.70999999999998	1128.83	146.0	1317.86	42.57	1773.79	2542.71	704.42	1807.57
ko:K09910	386.72	193.70999999999998	1126.83	146.0	1298.86	42.57	1770.79	2456.71	686.4200000000001	1808.9999999999998
ko:K09911	386.72	193.70999999999998	1126.83	146.0	1298.86	42.57	1770.79	2456.71	686.4200000000001	1808.9999999999998
ko:K09912	410.72	193.70999999999998	143.0	58.0	2410.11	11.57	1722.79	2291.71	732.42	1814.9999999999998
ko:K09913	400.72	196.70999999999998	163.0	96.0	2414.11	44.57	1922.29	2442.71	771.42	1808.9999999999998
ko:K09914	1042.72	518.04	141.0	111.0	2383.11	595.9000000000001	3177.12	3823.05	1583.0900000000001	1815.33
ko:K09915	407.72	196.70999999999998	141.0	58.0	2400.11	11.57	1729.29	2201.71	690.4200000000001	1814.9999999999998
ko:K09916	392.72	193.70999999999998	143.0	58.0	2398.11	11.57	1722.79	2286.71	732.42	1808.9999999999998
ko:K09917	386.72	193.70999999999998	1126.83	146.0	1298.86	42.57	1770.79	2456.71	686.4200000000001	1808.9999999999998
ko:K09918	388.72	193.70999999999998	141.0	58.0	2379.11	11.57	1719.79	2192.71	685.4200000000001	1808.9999999999998
ko:K09919	3.0	3.0	0.0	5.0	1177.25	0.0	9.5	1.5	9.0	0.0
ko:K09920	388.72	193.70999999999998	141.0	58.0	2379.11	11.57	1719.79	2198.21	685.4200000000001	1808.9999999999998
ko:K09921	1688.7199999999998	269.71	1160.83	151.0	2522.11	73.57	1812.29	2478.21	1230.42	4262.0
ko:K09922	29911.729999999996	3645.37	67738.25	35818.68	30652.43	32115.700000000004	86276.16	29603.18	16947.36	33236.6
ko:K09923	489.32	210.90999999999997	1134.83	633.0	2706.7100000000005	170.17000000000002	1829.19	2546.1099999999997	690.4200000000001	1808.9999999999998
ko:K09924	12308.2	618.5	400.50000000000006	6535.5	5651.549999999999	1700.8000000000002	2559.3	2341.6	3119.4000000000005	16722.4
ko:K09925	316.55	61.0	195.75	375.0	1151.4	451.8	1905.95	274.5	922.8	1207.65
ko:K09926	3.0	3.0	0.0	5.0	1177.25	0.0	2.5	0.0	9.0	0.0
ko:K09927	2566.3799999999997	863.72	171.00000000000003	80.0	2503.7800000000007	147.57	2020.12	2433.04	806.42	1975.0
ko:K09928	786.5	329.93	2.0	58.0	4068.65	587.89	1477.83	1643.3400000000001	914.67	835.33
ko:K09929	4.0	0.0	0.0	10.0	2160.5	0.0	0.0	0.0	15.0	0.0
ko:K09930	5.0	3.0	0.0	10.0	2185.5	35.0	40.5	31.5	28.0	24.0
ko:K09931	23.0	1.0	0.0	5.0	1114.25	10.0	94.0	67.5	0.0	6.0
ko:K09932	486.29	312.33	7.140000000000001	56.0	98.0	584.33	1597.12	1637.4800000000002	1099.6599999999999	1685.91
ko:K09933	396.72	193.70999999999998	161.0	96.0	2492.11	44.57	1863.29	2210.21	690.4200000000001	1808.9999999999998
ko:K09934	388.43	193.70999999999998	133.86	55.0	2376.68	11.57	1576.57	2179.14	380.43	129.42
ko:K09935	2599.4700000000003	491.05999999999995	1093.52	825.96	3467.8999999999996	2188.07	3974.0	1667.13	1683.5700000000002	4371.400000000001
ko:K09936	16579.62	4936.3099999999995	13340.04	9921.79	7514.16	6749.9400000000005	40023.119999999995	8773.789999999999	8217.43	16925.88
ko:K09937	2618.72	441.21	263.0	105.0	2726.11	125.57	2573.29	2513.21	1470.42	4571.0
ko:K09938	2.0	0.0	0.0	5.0	1080.25	0.0	0.0	1.5	4.0	0.0
ko:K09939	15382.83	2103.04	1062.15	14408.68	12602.050000000001	5979.73	16534.59	8815.099999999999	11770.890000000001	24525.269999999997
ko:K09940	618.0	348.01	24.14	97.8	5742.46	972.97	2477.93	1659.48	904.03	12.4
ko:K09941	1.0	3.0	0.0	0.0	94.0	0.0	9.5	0.0	5.0	0.0
ko:K09942	71.0	7.05	0.0	0.0	85.2	3.56	23.5	5.5	0.0	0.0
ko:K09943	0.0	0.0	0.0	0.0	96.0	0.0	0.0	0.0	2.0	0.0
ko:K09944	0.0	0.0	0.0	0.0	1.0	0.0	0.0	0.0	2.0	0.0
ko:K09945	2.29	0.0	0.0	5.0	1080.25	0.0	0.0	0.0	146.0	1.43
ko:K09946	3889.43	1561.71	5907.6900000000005	2694.0	6150.68	134.57	15821.07	3519.14	707.4300000000001	346.85
ko:K09947	2.0	0.0	0.0	5.0	1177.25	0.0	0.0	0.0	4.0	0.0
ko:K09948	2.0	0.0	0.0	5.0	1080.25	0.0	0.0	0.0	4.0	0.0
ko:K09949	6307.6	819.8299999999999	3334.25	1947.33	3451.0	11695.83	153403.08	13973.84	2026.42	4740.33
ko:K09950	5.0	3.0	0.0	10.0	2160.5	0.0	2.5	0.0	8.0	0.0
ko:K09951	53031.509999999995	11837.18	88568.8	61544.380000000005	26283.629999999997	69921.14	347796.76	41206.49	24043.2	46811.02
ko:K09952	22804.199999999997	2139.65	9118.75	13041.25	14591.9	8752.75	45839.85	6997.45	4647.5	13972.849999999999
ko:K09954	891.72	509.03999999999996	141.0	111.0	5338.110000000001	595.9000000000001	3184.12	3833.55	1584.0900000000001	1821.33
ko:K09955	81517.38999999998	10334.32	69332.93	107453.31	37642.03	46136.22	149262.84	47833.92	37882.43	112588.43000000001
ko:K09956	6.0	1.33	3.67	25.67	1101.92	11.0	62.67	145.67000000000002	50.0	32.0
ko:K09957	2.0	0.0	0.0	5.0	1084.25	0.0	14.0	1.5	0.0	0.0
ko:K09958	2.29	3.0	0.0	5.0	1179.25	0.0	7.5	3.5	38.0	1.43
ko:K09959	1.0	0.0	0.0	0.0	98.0	0.57	2.5	0.0	0.0	0.0
ko:K09960	489.0	48.0	0.0	0.0	289.0	83.0	810.0	290.0	173.0	140.0
ko:K09961	0.0	0.0	0.0	0.0	0.0	17.17	5.17	1.67	0.0	0.0
ko:K09962	519.0	162.0	277.0	343.0	1790.25	1869.0	28557.25	1539.75	1152.85	2578.1800000000003
ko:K09963	578.0	320.0	326.2	314.8	647.78	414.52	6031.2	889.9599999999999	251.4	465.53
ko:K09964	5795.0	225.0	82.0	2530.0	1813.25	112.0	367.0	150.0	537.0	7004.0
ko:K09965	2.0	0.0	0.0	5.0	1174.25	0.0	7.0	0.0	9.0	0.0
ko:K09966	23.0	0.0	2.0	0.0	28.0	0.0	5.5	95.0	47.0	6.0
ko:K09967	206.6	12.0	225.2	188.8	46.0	27.52	151.8	264.8	188.8	40.4
ko:K09968	0.0	0.0	0.0	0.0	33.0	0.0	0.0	0.0	0.0	0.0
ko:K09969	5386.43	455.21	501.83000000000004	537.0	4588.9400000000005	1917.6399999999999	52724.96	4270.549999999999	1959.02	8172.57
ko:K09970	1882.4299999999998	318.21	221.83	139.0	1654.69	83.08000000000001	1758.9599999999998	2245.55	1191.42	4272.57
ko:K09971	2865.43	409.21	4272.83	1667.0	1777.69	1042.08	2936.2099999999996	2584.0499999999997	3148.4200000000005	11126.57
ko:K09972	2068.12	853.3399999999999	594.0	257.0	6139.21	281.24	7014.33	9012.41	2332.0800000000004	7468.4800000000005
ko:K09973	15063.970000000001	1153.31	98256.75	7486.000000000001	14052.21	15154.17	17407.940000000002	5702.01	6987.82	16006.65
ko:K09974	1717.33	1662.44	559.46	1327.55	5678.58	2346.6499999999996	8743.1	5681.78	2262.6800000000003	2700.75
ko:K09975	394.32000000000005	196.70999999999998	141.0	58.0	2570.11	11.57	1726.79	2275.71	737.42	1808.9999999999998
ko:K09976	1655.36	288.0	778.71	549.36	2296.69	2005.1299999999999	30621.019999999997	1614.65	1247.35	2759.4700000000003
ko:K09977	6.0	3.0	2.0	5.0	1099.25	0.0	10.0	90.0	51.0	0.0
ko:K09978	576.7199999999999	205.70999999999998	141.0	58.0	2388.11	11.57	1722.29	2201.71	681.4200000000001	1814.9999999999998
ko:K09979	4851.72	1040.71	259.0	2292.5	6946.360000000001	1894.07	35381.79	12530.71	7527.419999999999	14234.0
ko:K09980	388.43	193.70999999999998	133.86	55.0	2376.68	11.57	1576.57	2179.14	375.43	129.42
ko:K09981	157.0	3.0	280.0	0.0	21.0	10.0	69.0	95.5	0.0	95.0
ko:K09982	491.29	48.0	7.140000000000001	8.0	1371.68	83.0	953.22	305.57	385.99	1819.5800000000002
ko:K09983	2.0	3.0	0.0	5.0	1268.25	0.0	14.0	0.0	117.0	0.0
ko:K09984	2.0	0.0	0.0	5.0	1080.25	0.0	7.0	0.0	5.0	0.0
ko:K09985	2945.0	41.0	0.0	0.0	0.0	0.0	0.0	511.0	0.0	942.0
ko:K09986	6.0	0.0	2.0	5.0	1099.25	0.0	3.0	90.0	51.0	0.0
ko:K09987	2945.0	41.0	0.0	0.0	0.0	0.0	0.0	511.0	0.0	942.0
ko:K09988	10913.24	1225.83	1067.1399999999999	3064.66	3203.2	1977.9	10928.69	4361.39	1230.14	10073.53
ko:K09989	3635.67	434.65999999999997	6155.87	5232.66	1794.25	2032.67	11884.5	2532.33	3330.67	9638.0
ko:K09990	0.0	3.0	0.0	0.0	188.0	0.0	7.0	0.0	5.0	0.0
ko:K09992	13841.5	452.0	526.0	6113.5	11885.5	4235.0	13588.5	4050.5	3367.0	10045.0
ko:K09994	1067.43	531.71	288.86	285.0	1311.86	433.57	2577.5	2578.5699999999997	1317.43	3284.42
ko:K09996	1549.46	774.8399999999999	564.0	217.0	6275.69	46.28	6879.16	8786.84	2783.6800000000003	7240.289999999999
ko:K09997	775.73	387.41999999999996	1277.83	204.0	3677.97	54.14	3490.58	4664.42	1408.8400000000001	3620.8599999999997
ko:K09998	386.72	193.70999999999998	1126.83	146.0	1298.86	42.57	1770.79	2456.71	686.4200000000001	1808.9999999999998
ko:K09999	386.72	193.70999999999998	1126.83	146.0	1298.86	42.57	1770.79	2456.71	690.4200000000001	1808.9999999999998
ko:K10000	386.72	193.70999999999998	1126.83	146.0	1298.86	42.57	1770.79	2456.71	686.4200000000001	1808.9999999999998
ko:K10001	2101.72	378.71	270.66	282.0	4192.0199999999995	123.59	1792.6299999999999	2352.39	1291.42	4262.0
ko:K10002	1040.15	444.91999999999996	330.83000000000004	291.0	3938.7999999999997	63.650000000000006	3459.2499999999995	4502.26	1378.8400000000001	3616.5699999999997
ko:K10003	639.72	251.20999999999998	189.83	191.0	2496.94	52.080000000000005	1739.4599999999998	2309.55	722.4200000000001	1808.9999999999998
ko:K10004	3829.33	1008.8399999999999	734.83	360.0	8901.019999999999	200.79000000000002	7743.83	9202.68	3383.6800000000003	10005.15
ko:K10005	315.5	189.0	147.5	265.5	2684.6	32.0	7699.7	1636.0	876.5	5540.4
ko:K10006	262.75	151.0	107.25	161.75	1469.3000000000002	21.0	5594.35	896.75	739.25	4812.2
ko:K10007	262.75	151.0	107.25	161.75	1469.3000000000002	21.0	5594.35	896.75	739.25	4812.2
ko:K10008	280.75	159.0	142.25	161.75	1506.3000000000002	26.0	5863.85	1060.25	742.25	4829.2
ko:K10009	11247.37	3417.7099999999996	6470.61	6310.200000000001	5370.59	6956.040000000001	49007.34	8947.28	8189.05	17591.35
ko:K10010	14349.7	4758.38	6924.02	6061.700000000001	7718.26	6575.040000000001	57104.59	13569.85	10117.18	25152.93
ko:K10011	576.2199999999999	205.70999999999998	141.0	58.0	2379.11	11.57	1719.79	2196.71	577.4200000000001	1808.9999999999998
ko:K10012	8213.16	3620.04	5795.0	4334.16	3133.6100000000006	2619.07	23234.54	4144.21	7006.42	19049.0
ko:K10013	1265.73	490.41999999999996	469.32000000000005	450.0	2605.04	166.51	3512.5899999999997	4479.110000000001	1428.8400000000001	3619.43
ko:K10014	1551.75	774.8399999999999	704.49	480.0	7361.429999999999	149.14	6937.499999999999	8853.69	2795.6800000000003	7240.289999999999
ko:K10015	388.72	193.70999999999998	141.0	58.0	2379.11	11.57	1740.79	2196.71	693.4200000000001	1808.9999999999998
ko:K10016	386.72	193.70999999999998	141.0	53.0	1298.86	11.57	1740.79	2196.71	689.4200000000001	1808.9999999999998
ko:K10017	386.72	193.70999999999998	141.0	53.0	1298.86	11.57	1740.79	2196.71	689.4200000000001	1808.9999999999998
ko:K10018	0.0	0.0	0.0	0.0	0.0	0.0	7.0	0.0	29.0	0.0
ko:K10019	0.0	0.0	0.0	0.0	0.0	0.0	7.0	0.0	29.0	0.0
ko:K10020	4.0	0.0	0.0	10.0	2160.5	0.0	7.0	0.0	33.0	0.0
ko:K10021	18.0	0.0	0.0	0.0	9.0	0.0	7.0	5.0	29.0	6.0
ko:K10022	24.29	6.0	0.0	15.0	3343.75	0.0	14.0	5.0	42.0	7.43
ko:K10023	2.0	0.0	0.0	5.0	1080.25	0.0	21.0	0.0	8.0	0.0
ko:K10024	388.72	193.70999999999998	141.0	58.0	2379.11	11.57	1733.79	2196.71	693.4200000000001	1808.9999999999998
ko:K10025	2.0	0.0	0.0	5.0	1080.25	0.0	21.0	0.0	33.0	0.0
ko:K10026	36546.02	5279.5	17052.08	44353.979999999996	34090.46	42721.39	279359.3	42620.22	21808.13	38308.6
ko:K10027	24.0	7.0	0.0	7.8	31.0	89.12	884.1	122.0	14.0	35.0
ko:K10036	2813.06	478.21	569.4300000000001	530.0	4346.9400000000005	2035.08	31609.809999999998	3927.2999999999997	2774.27	7211.18
ko:K10037	2029.15	658.42	620.83	337.0	3569.55	155.65	7049.75	4797.26	1586.8400000000001	3993.5699999999997
ko:K10038	1869.3300000000002	833.3399999999999	564.0	212.0	5825.44	46.28	7745.16	8779.84	2546.6800000000003	7249.15
ko:K10039	4010.09	1478.6599999999999	795.59	773.4200000000001	2901.47	3869.56	57771.35	3763.75	1559.85	8912.2
ko:K10040	2464.43	624.9899999999999	630.4599999999999	1134.42	4261.969999999999	4042.12	113348.18	4709.58	2941.45	16579.2
ko:K10041	5053.08	1362.6599999999999	5789.67	6201.16	1896.2	8101.460000000001	67983.93	4376.83	5327.0	15602.2
ko:K10094	0.0	0.0	985.83	93.0	0.0	31.0	51.0	260.0	5.0	0.0
ko:K10107	546.0	55.0	88.0	0.0	386.0	83.0	819.0	294.0	524.0	626.0
ko:K10108	415.01	193.70999999999998	141.0	76.0	1298.86	11.57	1719.79	2196.71	710.4200000000001	1810.4299999999998
ko:K10109	556.01	205.70999999999998	141.0	53.0	1298.86	11.57	1719.79	2196.71	710.4200000000001	1810.4299999999998
ko:K10110	1204.72	193.70999999999998	1511.0	128.0	1298.86	11.57	1719.79	2210.71	681.4200000000001	1808.9999999999998
ko:K10111	389.01	199.70999999999998	148.14000000000001	61.0	2473.11	30.240000000000002	1883.25	2211.52	1001.41	3488.5800000000004
ko:K10112	77104.14	18966.8	39693.04	67499.15	39079.87	57447.75	283025.84	34627.17	37525.5	86030.45000000001
ko:K10117	67487.28	19556.95	28982.0	28406.66	22285.21	17087.91	117033.45000000001	29105.64	24381.46	58420.42
ko:K10118	46562.26	13247.21	26857.85	24738.230000000003	16860.04	12334.6	102585.76	21967.969999999998	20299.11	54918.350000000006
ko:K10119	48238.329999999994	14167.46	24250.57	23367.11	16660.82	12320.31	99872.67	23055.46	19245.51	50328.7
ko:K10120	2799.4	1433.0	1098.0	1841.0	99.2	401.4	5594.6	1534.0	610.4	2732.2
ko:K10121	2442.0	1292.0	880.0	1791.0	108.5	376.0	5215.0	1466.0	498.0	2439.0
ko:K10122	39.0	8.0	237.0	127.0	40.0	157.0	1654.25	227.75	92.0	563.75
ko:K10124	387.01	193.70999999999998	133.86	50.0	1296.43	11.57	1576.57	2187.14	570.4300000000001	132.28
ko:K10125	96.0	8.0	18.0	50.0	3359.75	244.17000000000002	299.67	98.17	140.0	195.0
ko:K10126	7.0	3.0	0.0	15.0	3334.75	0.0	44.5	0.0	27.0	0.0
ko:K10187	0.0	0.0	0.0	0.0	21.0	10.0	38.0	0.0	0.0	0.0
ko:K10188	10412.2	4677.4	3293.0	3418.0	2356.9	2907.56	24985.6	3952.2	5700.4	13289.6
ko:K10189	9432.099999999999	4702.4	3280.0	3470.75	1910.6000000000001	3092.28	25455.199999999997	4167.2	5885.049999999999	13953.8
ko:K10190	12046.11	5380.41	3287.25	3331.0	2666.37	3033.81	22677.28	4297.28	5100.4	12039.8
ko:K10191	2.29	0.0	0.0	5.0	1080.25	0.0	0.0	2.0	38.0	1.43
ko:K10192	10593.84	3111.0	8231.0	6993.5	2152.15	6590.8	25082.45	6096.5	8572.130000000001	19411.08
ko:K10193	10510.380000000001	3110.0	8138.0	6752.0	2155.4	6531.8	24956.2	6229.0	8194.130000000001	19312.260000000002
ko:K10194	10373.69	3067.0	8231.14	6664.0	2057.63	6370.4	25000.82	5810.57	8284.720000000001	20874.78
ko:K10195	0.29	0.0	7.140000000000001	3.0	2.43	0.0	142.72	21.57	197.99	1679.5800000000002
ko:K10200	12136.2	3607.4	10438.2	6848.8	3008.29	5447.0	24895.399999999998	6384.08	8249.33	19651.0
ko:K10201	12691.2	3868.4	10568.2	6936.8	3331.29	5476.0	25570.399999999998	7729.08	8371.33	20004.0
ko:K10202	12717.599999999999	3894.4	10621.2	6938.8	3416.29	5557.4	26798.649999999998	8269.23	8389.98	20114.95
ko:K10206	98569.65	21580.090000000004	159857.81	126794.26	59124.48999999999	109910.19	505768.65	78864.21	53824.75	108187.31
ko:K10208	0.0	0.0	0.0	7.8	0.0	0.0	20.6	0.0	0.0	0.0
ko:K10209	0.0	0.0	0.0	7.8	0.0	0.0	20.6	0.0	0.0	0.0
ko:K10210	0.0	0.0	0.0	7.8	0.0	3.56	20.6	0.0	0.0	0.0
ko:K10211	0.0	0.0	0.0	7.8	0.0	3.56	20.6	0.0	0.0	0.0
ko:K10212	660.24	428.65999999999997	409.83	576.47	440.66999999999996	497.23	327.6	919.67	46.0	87.0
ko:K10213	1000.53	451.75	323.72	211.65999999999997	2657.06	746.54	3983.41	5137.11	1054.76	1027.8
ko:K10215	0.0	0.0	0.0	0.0	8.0	0.0	0.0	0.0	0.0	0.0
ko:K10216	1.0	0.0	0.0	0.0	21.0	10.0	40.5	0.0	0.0	0.0
ko:K10217	808.8199999999999	162.67000000000002	135.07999999999998	297.67	795.45	419.4	1681.52	540.17	489.9	306.45
ko:K10218	1339.8	217.0	26.0	148.0	1308.4	4615.360000000001	6104.2	1184.0	485.8	884.4
ko:K10219	0.0	0.0	0.0	0.0	3.0	0.0	0.0	0.0	0.0	0.0
ko:K10220	0.0	0.0	0.0	0.0	0.0	0.0	0.0	1.5	0.0	0.0
ko:K10221	0.0	0.0	0.0	0.0	94.0	0.0	0.0	0.0	0.0	0.0
ko:K10222	0.29	0.0	0.0	0.0	0.0	0.0	0.0	4.0	29.0	1.43
ko:K10227	2.0	3.0	0.0	5.0	1084.25	0.0	11.0	32.0	8.0	0.0
ko:K10228	2.0	3.0	0.0	5.0	1084.25	0.0	7.0	0.0	112.0	0.0
ko:K10229	2.0	3.0	0.0	5.0	1084.25	0.0	7.0	0.0	4.0	0.0
ko:K10231	916.0	74.0	1416.0	87.0	142.0	69.0	27.0	514.0	62.0	91.0
ko:K10232	0.0	0.0	0.0	0.0	0.0	0.0	0.0	4.5	0.0	20.0
ko:K10233	0.0	0.0	0.0	0.0	0.0	0.0	0.0	3.0	0.0	0.0
ko:K10234	28.0	0.0	100.0	23.0	30.0	74.0	395.0	51.0	184.0	242.0
ko:K10236	0.0	0.0	0.0	0.0	0.0	0.0	0.0	0.0	108.0	0.0
ko:K10237	0.0	11.0	0.0	0.0	40.0	23.0	0.0	133.0	127.0	17.0
ko:K10238	0.0	0.0	0.0	0.0	0.0	0.0	7.0	0.0	108.0	1.43
ko:K10240	0.0	0.0	0.0	0.0	0.0	0.57	858.0	3.0	0.0	0.0
ko:K10241	828.4	24.0	1377.0	78.0	124.2	79.97	1110.6	469.0	82.4	96.2
ko:K10242	2790.67	289.67	1555.33	305.66999999999996	1491.0	133.57	6398.67	645.67	844.0	1731.0
ko:K10253	2.0	0.0	0.0	5.0	1174.25	0.0	7.0	0.0	4.0	0.0
ko:K10254	26964.67	7503.01	18006.73	16199.28	6400.06	10782.1	54892.770000000004	11291.43	13963.08	29198.100000000002
ko:K10255	0.0	3.0	0.0	68.0	1158.0	7.69	15.0	0.0	0.0	0.0
ko:K10277	485.0	312.33	0.0	53.0	0.0	584.33	1457.33	1626.3400000000001	893.67	6.33
ko:K10297	73.0	2.8	55759.0	304.0	169.2	7019.0	2257.0	254.0	0.0	0.0
ko:K10353	0.0	0.0	18.0	0.0	0.0	0.0	32.25	25.75	6.0	7.75
ko:K10439	42443.03	11641.33	18197.43	16442.15	20128.18	22059.809999999998	216851.08000000002	33596.64	17652.0	39308.75
ko:K10440	40937.78	10800.029999999999	10481.59	10897.13	23162.520000000004	20252.12	200541.59000000003	35437.020000000004	11470.29	26425.62
ko:K10441	32104.72	8414.26	11237.41	10413.36	22806.620000000003	18946.11	196772.03	36883.76	11794.5	26731.260000000002
ko:K10530	0.0	0.0	29.0	10.0	104.0	0.0	904.0	284.0	58.25	3.0
ko:K10531	2.0	0.0	0.0	5.0	1151.25	30.0	121.5	1.5	4.0	0.0
ko:K10533	0.0	0.0	0.0	0.0	25.0	10.0	38.0	0.0	5.0	0.0
ko:K10536	28044.23	4909.4	75549.51999999999	46862.020000000004	24606.87	36214.59	66682.43	21036.88	15000.810000000001	28458.199999999997
ko:K10537	510.22	208.70999999999998	141.0	106.0	1334.36	114.07	1797.79	2323.21	729.9200000000001	2131.5
ko:K10538	875.72	241.70999999999998	141.0	53.0	1591.86	119.57	2543.79	2552.71	867.4200000000001	1992.0
ko:K10539	986.22	251.70999999999998	141.0	100.0	1609.36	197.07	2587.79	2600.21	902.9200000000001	2261.5
ko:K10540	24242.67	7268.509999999999	16432.33	9656.32	5280.71	9555.11	51969.26	13725.17	12897.59	32574.97
ko:K10541	18438.89	5761.45	13332.579999999998	8474.33	4137.219999999999	7503.04	38008.49	11469.439999999999	11164.87	27677.92
ko:K10542	21434.15	6824.02	14138.380000000001	8903.33	9750.14	8008.96	49458.53	20970.85	13842.92	33683.13
ko:K10543	3514.45	960.51	1408.5000000000002	208.0	2516.83	298.61	4130.96	3014.2799999999997	1759.32	5430.699999999999
ko:K10544	401.22	197.70999999999998	141.0	53.0	1324.43	16.64	1746.36	2251.28	753.9200000000001	1842.07
ko:K10545	2429.8	1020.55	699.3600000000001	262.0	6900.74	140.85	9907.9	11419.05	3361.1100000000006	7760.34
ko:K10546	5528.789999999999	1186.3400000000001	1266.83	162.67000000000002	1557.04	370.2	3436.8	1440.0	772.3	1466.1
ko:K10547	5063.849999999999	1336.38	1455.5000000000002	233.82999999999998	2317.9700000000003	219.27	3721.66	3202.2799999999997	1125.72	3067.6699999999996
ko:K10548	5096.789999999999	1151.3400000000001	1286.83	484.67	1287.04	311.2	2822.8	1307.5	674.3	1426.1
ko:K10549	410.22	198.70999999999998	136.53	56.0	1307.93	31.07	1588.57	2330.64	409.93	185.35
ko:K10550	407.22	198.70999999999998	133.86	56.0	1302.93	31.07	1581.57	2316.64	409.93	185.35
ko:K10551	1181.5300000000002	586.13	408.72	159.0	3898.22	54.21	4878.429999999999	6688.49	1698.78	2132.35
ko:K10552	0.0	1.33	1.67	6.67	10.67	11.0	221.67	101.17	23.0	86.0
ko:K10553	0.0	0.0	0.0	0.0	4.0	0.0	0.0	1.5	0.0	0.0
ko:K10554	0.0	0.0	0.0	0.0	98.0	0.0	0.0	1.5	0.0	0.0
ko:K10555	1629.08	331.0	171.14	125.0	806.5	64.5	1067.79	345.64	519.49	2045.51
ko:K10556	20.79	5.0	7.140000000000001	9.0	6.5	19.5	142.79	147.64	311.49	1738.0800000000002
ko:K10557	20.79	5.0	7.140000000000001	9.0	6.5	19.5	142.79	147.64	340.49	1738.0800000000002
ko:K10558	20.79	5.0	7.140000000000001	9.0	6.5	19.5	142.79	147.64	311.49	1738.0800000000002
ko:K10559	303.69	66.0	162.0	320.67	107.37	163.73	8208.52	463.16999999999996	380.4	403.63
ko:K10560	1434.69	216.0	112.0	122.67	846.87	267.73	1169.27	307.17	366.4	487.63
ko:K10561	1429.69	209.0	112.0	111.67	824.37	58.73	864.5200000000001	286.17	191.4	200.63
ko:K10562	1436.4299999999998	210.0	119.14	114.67	844.3000000000001	58.73	1866.24	299.74	621.3900000000001	1888.79
ko:K10563	24982.71	2544.56	6015.84	8028.360000000001	12475.23	5253.07	46858.71	11278.0	10867.97	35993.87
ko:K10617	0.0	0.0	0.0	0.0	94.0	0.0	0.5	0.0	44.0	0.0
ko:K10619	0.0	0.0	0.0	0.0	318.0	10.0	38.0	0.0	0.0	0.0
ko:K10620	0.0	0.0	0.0	0.0	120.0	10.0	38.0	0.0	0.0	0.0
ko:K10621	0.0	0.0	0.0	0.0	102.0	0.0	0.0	0.0	0.0	0.0
ko:K10622	0.0	0.0	0.0	0.0	3.0	0.0	0.0	0.0	0.0	0.0
ko:K10623	0.0	0.0	0.0	0.0	198.0	0.0	0.0	0.0	0.0	0.0
ko:K10670	3170.3999999999996	776.0	663.34	356.34000000000003	760.6	720.2	14555.8	1644.84	1303.7000000000003	1689.1
ko:K10671	1584.8000000000002	381.5	331.67	178.34	374.2	347.4	7255.6	733.09	503.65	640.95
ko:K10672	2558.7999999999997	713.25	912.6800000000001	484.68	468.8	1137.6	20594.9	1623.6799999999998	632.1	960.3
ko:K10673	111.0	17.0	0.0	5.0	1080.25	0.0	0.0	0.0	0.0	0.0
ko:K10674	0.29	0.0	0.0	0.0	97.0	0.0	0.0	0.0	29.0	1.43
ko:K10676	0.0	0.0	0.0	0.0	0.0	0.0	0.0	83.0	32.0	0.0
ko:K10678	386.72	193.70999999999998	141.0	87.0	1298.86	11.57	1719.79	2200.71	681.4200000000001	1808.9999999999998
ko:K10679	2912.7200000000003	942.87	243.83	283.0	4234.6900000000005	1287.7400000000002	4871.619999999999	5594.2300000000005	3063.7599999999998	4274.66
ko:K10680	499.72	196.70999999999998	143.0	63.0	3877.359999999999	15.13	1749.29	2297.71	829.42	1814.9999999999998
ko:K10681	415.0	96.0	221.0	333.8	534.0	1875.0	28724.35	1204.25	1094.75	2582.25
ko:K10682	0.0	0.0	22.0	17.8	0.0	0.0	651.85	61.75	13.25	7.75
ko:K10697	314.0	0.0	560.0	0.0	0.0	0.0	0.0	0.0	0.0	168.0
ko:K10708	722.6700000000001	108.33	371.0	321.65999999999997	141.0	849.56	715.6700000000001	730.3299999999999	308.0	1138.33
ko:K10709	1022.8	373.0	271.0	383.0	161.2	1329.8	4055.6	1453.9	1208.3	6394.4
ko:K10710	4282.14	368.0	2504.33	2325.33	227.4	1574.3600000000001	2214.54	1422.5	665.3	2468.73
ko:K10711	3641.73	298.0	3065.0	293.0	130.2	181.96	415.0	844.0	785.4	286.63
ko:K10713	1.0	0.0	0.0	0.0	0.0	0.0	9.5	0.0	5.0	0.0
ko:K10714	1.0	0.0	0.0	0.0	0.0	0.0	2.5	0.0	0.0	0.0
ko:K10716	20399.92	4365.42	8696.170000000002	44255.259999999995	19118.53	20754.86	102356.95999999999	27629.91	19110.55	36091.13
ko:K10725	0.0	0.0	0.0	0.0	40.0	0.0	0.0	0.0	0.0	0.0
ko:K10726	0.0	0.0	0.0	0.0	20.0	0.0	0.0	0.0	0.0	0.0
ko:K10742	19629.030000000002	1786.3400000000001	66087.42000000001	32416.68	18117.75	26892.760000000002	40288.96	12646.600000000002	8305.69	16958.27
ko:K10747	165.0	18.05	1006.83	101.0	221.2	55.0	104.0	329.5	16.0	25.0
ko:K10748	386.72	193.70999999999998	141.0	53.0	1298.86	11.57	1719.79	2200.71	681.4200000000001	1808.9999999999998
ko:K10754	0.0	0.0	0.0	0.0	0.0	0.0	63.0	138.0	0.0	0.0
ko:K10762	0.0	0.0	0.0	0.0	0.0	0.0	0.0	6.0	0.0	0.0
ko:K10763	1938.7199999999998	321.21	1209.6599999999999	237.0	2542.94	114.08000000000001	1822.4599999999998	2591.0499999999997	1277.4199999999998	4262.0
ko:K10764	20429.78	2793.59	67265.17000000001	32592.43	19854.0	44192.01	150051.76	16446.600000000002	8592.69	18694.27
ko:K10773	79939.39000000001	17260.93	97074.63	67778.28	48608.33	78575.34000000001	478100.77	67425.75	41975.59	87845.09
ko:K10774	9773.079999999998	1263.19	288.90000000000003	3950.93	5486.450000000001	2143.8799999999997	4759.089999999999	1906.8000000000002	9643.49	21705.87
ko:K10778	29956.15	3998.41	67277.85	36259.35	31710.71	31766.940000000002	89474.05	31528.050000000003	16522.11	31990.27
ko:K10780	0.0	0.0	0.0	34.0	626.0	4.13	15.0	0.0	0.0	0.0
ko:K10793	1668.0	560.0	705.0	384.0	142.0	514.0	12968.5	723.75	84.25	312.75
ko:K10794	785.0	255.0	329.0	186.0	62.0	254.0	6372.0	315.75	34.25	132.75
ko:K10795	785.0	255.0	329.0	186.0	62.0	254.0	6403.0	338.5	43.5	170.5
ko:K10796	785.0	255.0	329.0	186.0	62.0	254.0	6372.0	315.75	34.25	132.75
ko:K10797	1942.62	528.0	1388.0	3804.0	1264.5	1435.0	10651.5	1172.75	1252.25	4807.18
ko:K10800	486.0	312.33	0.0	53.0	2853.0	584.33	1459.83	1626.3400000000001	893.67	6.33
ko:K10804	511.72	199.70999999999998	161.0	71.0	2699.1100000000006	95.57	1876.29	2363.71	763.92	1833.9999999999998
ko:K10805	445.47	231.70999999999998	1204.08	268.75	3660.4100000000003	63.57	4959.14	3445.459999999999	936.67	2619.2000000000003
ko:K10806	1337.72	691.04	1130.83	237.0	4703.61	641.9000000000001	3243.62	4399.55	2507.09	5137.33
ko:K10810	0.0	0.0	53.25	51.5	569.0	4.13	20.6	0.0	0.0	0.0
ko:K10811	28.0	0.0	0.0	23.0	0.0	0.0	0.0	0.0	0.0	0.0
ko:K10814	2.0	0.0	0.0	5.0	1080.25	0.0	0.0	0.0	0.0	0.0
ko:K10815	0.0	0.0	0.0	0.0	94.0	0.0	7.0	0.0	9.0	0.0
ko:K10816	2.0	0.0	0.0	5.0	1080.25	0.0	7.0	0.0	0.0	0.0
ko:K10819	4031.0	961.0	9166.0	6206.67	838.8	5453.5599999999995	36785.8	2930.0699999999997	5932.25	12243.0
ko:K10820	1641.23	334.0	1147.5	65.0	814.7	141.9	745.6	281.5	101.9	354.7
ko:K10822	0.0	0.0	0.0	0.0	94.0	0.0	0.0	0.0	0.0	0.0
ko:K10823	62639.72	19100.14	27369.439999999995	21916.84	25163.68	23185.23	173109.91	32273.35	29377.53	62439.130000000005
ko:K10824	1125.01	253.70999999999998	229.0	85.47	1606.86	211.57	2670.8900000000003	2596.38	1162.4199999999998	2522.9999999999995
ko:K10830	415.8	96.0	222.6	336.0	471.0	1875.0	28926.35	1342.25	1141.35	2623.25
ko:K10831	531.72	257.71	208.0	104.0	3154.1100000000006	1026.7	4981.79	2466.71	711.42	1808.9999999999998
ko:K10834	184.0	15.0	13.0	0.0	190.0	0.0	0.0	3.0	0.0	0.0
ko:K10843	0.0	0.0	35.0	0.0	43.0	10.0	911.0	1.5	0.0	20.0
ko:K10844	26653.44	7848.610000000001	18672.11	14962.16	5421.99	11071.84	50058.35	11146.68	13879.099999999999	29031.02
ko:K10850	0.0	0.0	0.0	7.8	0.0	0.0	20.6	0.0	0.0	0.0
ko:K10851	0.0	0.0	0.0	34.8	0.0	0.0	20.6	0.0	7.0	0.0
ko:K10857	390.72	193.70999999999998	33981.0	53.0	1320.86	2626.57	2175.79	2371.71	732.42	1808.9999999999998
ko:K10873	0.0	0.0	0.0	0.0	0.0	0.0	0.0	0.0	2.0	0.0
ko:K10896	0.0	0.0	0.0	0.0	20.0	0.0	0.0	0.0	0.0	0.0
ko:K10906	401.43	193.70999999999998	146.86	50.0	1476.86	11.57	1582.5	2194.57	375.43	129.42
ko:K10907	57855.119999999995	16068.07	37633.16	43717.119999999995	21593.66	34696.79	288213.56	39432.58	29652.82	56636.78
ko:K10910	47.0	18.0	0.0	0.0	0.0	0.0	0.0	0.0	0.0	0.0
ko:K10914	9038.1	1602.17	2115.4500000000003	8532.970000000001	8241.119999999999	2532.4700000000003	15350.73	7237.629999999999	5219.32	13300.79
ko:K10915	0.0	0.0	0.0	0.0	0.0	0.0	0.0	0.0	5.0	0.0
ko:K10916	0.0	0.0	0.0	0.0	0.0	0.0	0.0	0.0	5.0	0.0
ko:K10917	0.0	0.0	0.0	0.0	0.0	0.0	0.0	1.5	15.0	0.0
ko:K10918	0.0	0.0	0.0	0.0	0.0	0.0	0.0	0.0	5.0	0.0
ko:K10924	0.0	0.0	0.0	19.0	4.0	24.0	101.0	10.0	0.0	0.0
ko:K10925	0.0	0.0	0.0	0.0	0.0	1.0	2.0	0.0	0.0	0.0
ko:K10926	5088.8	2459.0	1348.6	2668.0	972.0	2245.0	17080.1	1755.5	3867.0	8754.0
ko:K10927	0.0	0.0	0.0	0.0	0.0	0.0	0.0	1.5	0.0	0.0
ko:K10930	489.0	48.0	0.0	0.0	289.0	83.0	810.0	292.0	173.0	140.0
ko:K10931	489.0	48.0	0.0	0.0	289.0	83.0	810.0	292.0	173.0	140.0
ko:K10932	0.0	0.0	0.0	0.0	0.0	0.0	0.0	2.0	0.0	0.0
ko:K10934	2.0	0.0	0.0	5.0	1080.25	0.0	0.0	2.0	0.0	0.0
ko:K10939	386.43	193.70999999999998	133.86	50.0	1296.43	11.57	1595.57	2179.14	381.43	136.42
ko:K10941	2.0	3.0	0.0	5.0	1174.25	0.0	42.0	0.0	24.0	0.0
ko:K10942	3.0	0.0	0.0	5.0	1080.25	0.0	2.5	0.0	4.0	0.0
ko:K10943	3148.33	107.8	1.5	52.0	1100.45	0.0	3.5	512.5	4.0	125.0
ko:K10947	76915.48000000001	19265.54	41262.520000000004	67432.22	43350.72	73925.43	524688.25	63917.8	43709.8	104265.54000000001
ko:K10953	0.0	0.0	53.25	30.5	42.0	81.0	47.0	43.5	19.5	26.0
ko:K10954	0.0	0.0	0.0	0.0	1.0	0.0	0.0	2.0	0.0	0.0
ko:K10960	404.43	193.70999999999998	141.0	53.0	1307.86	11.57	1719.29	2199.21	544.4200000000001	1813.57
ko:K10962	0.0	0.0	0.0	0.0	0.0	0.0	0.0	2.0	0.0	0.0
ko:K10965	0.0	0.0	0.0	0.0	0.0	0.0	0.0	2.0	0.0	0.0
ko:K10966	386.43	193.70999999999998	133.86	50.0	1296.43	11.57	1576.57	2179.14	375.43	129.42
ko:K10972	386.72	193.70999999999998	141.0	53.0	1298.86	11.57	1719.29	2192.71	681.4200000000001	1808.9999999999998
ko:K10973	386.43	193.70999999999998	133.86	50.0	1296.43	11.57	1576.57	2179.14	404.43	130.85
ko:K10974	3926.3200000000006	1437.24	1445.25	2916.0	3538.2200000000003	1127.28	10937.15	3571.7099999999996	1749.04	3627.4199999999996
ko:K10975	386.43	193.70999999999998	133.86	84.0	1296.43	11.57	1580.57	2179.14	404.43	130.85
ko:K10977	86.0	26.0	0.0	0.0	23.0	0.0	0.0	0.0	0.0	0.0
ko:K10978	0.0	0.0	0.0	0.0	20.0	0.0	0.0	0.0	0.0	0.0
ko:K10979	1556.33	180.05	24.7	63.0	1931.95	43.13	187.0	177.0	7.0	37.33
ko:K10984	387.23	193.70999999999998	135.46	62.0	1304.43	59.57	1611.1699999999998	2199.14	382.43	129.42
ko:K10985	467.63	220.70999999999998	161.46	101.0	1324.63	123.97	1701.7699999999998	2485.14	403.83000000000004	272.62
ko:K10986	387.23	193.70999999999998	135.46	56.0	1304.43	35.57	1603.1699999999998	2189.14	388.03000000000003	140.42
ko:K11003	386.43	193.70999999999998	133.86	50.0	1297.43	11.57	1576.57	2183.14	404.43	129.42
ko:K11004	171.0	12.0	0.0	5.0	1080.25	0.0	0.0	2.0	58.0	0.0
ko:K11016	2.0	0.0	0.0	5.0	1080.25	0.0	0.0	0.0	0.0	0.0
ko:K11017	2.0	0.0	0.0	5.0	1080.25	0.0	0.0	0.0	0.0	0.0
ko:K11018	0.0	0.0	0.0	0.0	0.0	0.0	7.0	0.0	0.0	0.0
ko:K11021	0.0	0.0	0.0	0.0	0.0	0.0	19.0	0.0	6.0	7.0
ko:K11022	175.0	12.0	2.0	5.0	1099.25	0.0	3.0	90.0	51.0	0.0
ko:K11031	1702.7800000000002	776.49	163.0	1040.4299999999998	1502.6499999999999	1667.5799999999997	2307.79	363.30000000000007	2899.79	4246.37
ko:K11032	0.0	0.0	0.0	15.6	0.0	0.0	0.0	0.0	0.0	0.0
ko:K11038	0.0	0.0	0.0	39.0	0.0	0.0	0.0	0.0	0.0	0.0
ko:K11040	0.0	0.0	0.0	31.2	0.0	0.0	0.0	0.0	0.0	0.0
ko:K11041	1225.52	373.0	557.22	518.59	604.48	2054.4	34334.34	2294.92	1166.3000000000002	2884.73
ko:K11045	0.0	0.0	75.60000000000001	42.0	441.8	71.0	4398.4	7.4	1228.2	1635.0
ko:K11050	11228.08	3130.8500000000004	7566.5	12668.83	4387.83	4913.66	37646.909999999996	3590.75	4361.85	6639.25
ko:K11051	11017.880000000001	3028.8500000000004	7582.900000000001	12870.029999999999	4370.83	3096.66	37943.71	2925.15	4415.25	6881.85
ko:K11059	0.0	0.0	0.0	0.0	0.0	0.0	0.0	0.0	5.0	0.0
ko:K11060	304.66999999999996	142.60000000000002	148.72	297.16999999999996	133.20999999999998	439.64	987.8399999999999	471.81	25.759999999999998	103.07
ko:K11062	724.6699999999998	141.14	92.67	150.32999999999998	66.86	719.6600000000001	1210.4	151.67000000000002	353.0	1327.0
ko:K11063	713.0	311.0	74.0	194.0	720.0	29.0	26220.0	1852.0	572.0	2238.0
ko:K11065	28842.910000000003	3555.68	3827.08	60197.369999999995	30477.750000000004	26828.87	120964.27	33350.53	17537.57	34724.729999999996
ko:K11066	806.12	262.51	193.0	2034.0	5960.009999999999	554.97	2066.39	2566.31	687.4200000000001	1808.9999999999998
ko:K11068	43217.82	8963.1	75224.45000000001	32761.55	31723.639999999996	37442.84	140218.52	32191.019999999997	28700.940000000002	65123.42
ko:K11069	62790.92999999999	15084.9	34619.15	64747.79	35780.85	64677.31999999999	408358.33999999997	44284.43	30878.630000000005	64005.18
ko:K11070	58490.87	13525.39	30249.229999999996	65666.16	38069.450000000004	63499.04999999999	406623.77	44851.08	30958.630000000005	62293.68
ko:K11071	61717.130000000005	14858.9	32272.72	61703.79	35524.96	64293.89	405654.33999999997	43854.65	30009.630000000005	60772.18
ko:K11072	63292.97	15494.320000000002	33027.58	62150.12	41651.950000000004	65060.42999999999	409455.8	48868.83	31193.88	63509.229999999996
ko:K11073	399.72	193.70999999999998	141.0	83.0	7877.360000000001	11.57	1757.29	2196.71	705.4200000000001	1808.9999999999998
ko:K11074	780.44	387.41999999999996	282.0	121.0	5935.47	23.14	3463.08	4389.42	1366.8400000000001	3617.9999999999995
ko:K11075	389.72	193.70999999999998	141.0	58.0	2476.11	11.57	1743.29	2196.71	685.4200000000001	1808.9999999999998
ko:K11076	1169.16	581.13	415.86	176.0	8312.15	34.71	5047.150000000001	6568.5599999999995	1667.27	3748.85
ko:K11081	0.29	0.0	0.0	0.0	0.0	0.0	7.0	2.0	29.0	1.43
ko:K11082	0.29	0.0	0.0	0.0	0.0	0.0	7.0	2.0	29.0	1.43
ko:K11083	0.29	0.0	0.0	0.0	0.0	0.0	7.0	2.0	29.0	1.43
ko:K11084	0.29	0.0	0.0	0.0	0.0	0.0	7.0	3.5	29.0	1.43
ko:K11085	92913.39	21145.850000000002	98636.06	68209.97	50710.38	79234.08	460161.47	69080.11000000002	46283.159999999996	90273.98
ko:K11089	0.0	0.0	0.0	0.0	0.0	0.0	0.0	0.0	5.0	1.43
ko:K11102	4184.12	757.21	3562.66	2292.8	3974.9700000000003	11360.119999999999	155805.16	14055.72	2172.0699999999997	7828.199999999999
ko:K11103	3346.12	427.71	333.0	213.0	6212.8099999999995	448.44	6125.0599999999995	2788.88	2050.0699999999997	6921.200000000001
ko:K11104	13723.07	5096.54	11094.64	10713.499999999998	2337.17	55028.17	434006.98999999993	9500.05	5263.58	18558.800000000003
ko:K11105	33966.659999999996	4275.58	5228.65	37019.17	30214.539999999997	23472.5	95548.6	30925.649999999998	18630.47	40435.880000000005
ko:K11106	3060.72	391.71	255.83	139.0	1392.69	115.58000000000001	2125.96	2263.05	1643.42	6715.0
ko:K11107	386.72	193.70999999999998	1126.83	146.0	1298.86	42.57	1770.79	2456.71	686.4200000000001	1808.9999999999998
ko:K11130	0.0	0.0	0.0	0.0	20.0	0.0	0.0	0.0	0.0	0.0
ko:K11131	0.0	0.0	0.0	0.0	20.0	0.0	0.0	0.0	0.0	0.0
ko:K11144	1631.36	290.8	813.71	583.36	2325.59	2013.1299999999999	30814.619999999995	1649.75	1280.35	2898.4700000000003
ko:K11145	43320.96000000001	12623.050000000001	27480.800000000003	31128.18	14302.34	45464.67	372965.87	31815.69	22110.91	44926.009999999995
ko:K11159	0.0	0.0	0.0	0.0	94.0	0.0	7.0	0.0	5.0	0.0
ko:K11175	70949.72	15817.47	30002.0	55158.8	43204.270000000004	65268.44	444826.48	56078.17999999999	40444.69	83200.72
ko:K11176	0.0	0.0	0.0	0.0	20.0	0.0	0.0	0.0	0.0	0.0
ko:K11177	40.0	0.0	14.0	12.0	1215.25	53.0	2108.0	405.5	128.0	46.0
ko:K11178	10.6	0.0	0.0	5.0	1178.25	5.0	51.5	23.0	115.0	7.0
ko:K11179	1381.32	343.06	1244.83	718.0	3177.3100000000004	286.17	2779.69	2955.1099999999997	1261.42	2447.0
ko:K11180	834.0	129.55	88.0	98.0	386.2	83.0	845.5	312.0	798.9999999999999	955.0
ko:K11181	834.0	129.55	88.0	98.0	386.2	83.0	845.5	312.0	798.9999999999999	955.0
ko:K11183	1608.7199999999998	266.71	1279.6599999999999	242.0	3526.189999999999	114.08000000000001	1823.9599999999998	2510.0499999999997	1238.42	4267.719999999999
ko:K11184	28928.370000000003	7905.15	17416.77	22175.55	9730.95	27420.960000000003	164544.16999999998	14745.65	14877.45	31560.730000000003
ko:K11189	81758.66999999998	24760.62	56739.83	63041.23	35117.61	55023.270000000004	324848.11	53930.81	53387.04	110530.73
ko:K11191	386.72	193.70999999999998	141.0	53.0	1296.43	36.57	1714.36	2220.28	681.4200000000001	1832.9999999999998
ko:K11192	386.72	193.70999999999998	141.0	53.0	1296.43	36.57	1714.36	2220.28	681.4200000000001	1832.9999999999998
ko:K11194	0.0	0.0	0.0	34.0	0.0	3.56	0.0	0.0	0.0	0.0
ko:K11195	0.0	0.0	0.0	34.0	0.0	3.56	0.0	0.0	0.0	0.0
ko:K11196	0.0	0.0	0.0	34.0	0.0	3.56	0.0	0.0	0.0	0.0
ko:K11198	0.0	0.0	0.0	14.0	0.0	75.0	0.5	96.0	0.0	72.0
ko:K11199	0.0	0.0	0.0	14.0	0.0	75.0	0.5	96.0	0.0	72.0
ko:K11200	0.0	0.0	0.0	14.0	0.0	75.0	0.5	96.0	0.0	72.0
ko:K11201	1467.25	731.8	488.69000000000005	368.66999999999996	3923.58	373.71	5804.75	7068.66	1639.27	3853.2799999999997
ko:K11202	1170.2700000000002	599.13	415.86	159.0	3940.7799999999997	146.11	5093.18	6847.99	1570.67	3884.48
ko:K11203	1259.5500000000002	476.41999999999996	408.0	151.0	2694.9199999999996	164.54	3995.4799999999996	4756.42	1201.2400000000002	3781.63
ko:K11206	4028.4399999999996	1559.4699999999998	993.8299999999999	1339.0	5194.249999999999	1248.65	7011.75	5003.76	2756.8399999999997	7721.0
ko:K11208	386.72	193.70999999999998	141.0	53.0	1390.43	11.57	1714.36	2186.28	577.4200000000001	1807.57
ko:K11209	1202.24	489.41999999999996	483.6	442.0	7696.719999999998	1892.14	31344.68	5617.42	2532.4399999999996	6187.0
ko:K11210	0.0	0.0	0.0	41.8	626.0	4.13	20.6	0.0	0.0	0.0
ko:K11211	0.0	0.0	985.83	93.0	97.0	31.0	51.0	261.5	5.0	0.0
ko:K11212	0.0	0.0	0.0	0.0	45.0	10.0	38.0	1.5	0.0	0.0
ko:K11214	169.0	12.0	0.0	0.0	0.0	0.0	0.0	0.0	0.0	0.0
ko:K11216	20.79	5.0	7.140000000000001	43.0	6.5	19.5	142.79	147.64	313.49	1738.0800000000002
ko:K11249	4399.7	780.3699999999999	1145.53	2801.66	3494.8599999999997	1063.24	6105.0	3909.8999999999996	1053.1	1527.85
ko:K11250	640.01	248.20999999999998	189.83	144.0	2399.94	50.580000000000005	1746.4599999999998	2313.05	659.42	1810.4299999999998
ko:K11258	386.72	193.70999999999998	1126.83	146.0	1298.86	42.57	1770.79	2456.71	686.4200000000001	1808.9999999999998
ko:K11260	0.0	0.0	0.0	0.0	20.0	0.0	0.0	0.0	0.0	0.0
ko:K11261	3472.27	477.51	1066.67	2754.66	1024.4	1144.67	4367.5	1583.83	1215.67	2457.0
ko:K11263	52.75	39.33	76.92	124.42	1297.9699999999998	42.0	3283.02	842.4200000000001	182.25	822.2
ko:K11264	393.43	193.70999999999998	153.86	88.0	1314.86	44.57	1723.0	2197.57	375.43	130.85
ko:K11275	0.0	0.0	0.0	0.0	98.0	0.0	7.0	0.0	5.0	0.0
ko:K11311	2.0	0.0	0.0	5.0	1080.25	0.0	0.0	0.0	4.0	0.0
ko:K11312	1940.7199999999998	570.71	370.0	97.0	2434.8599999999997	360.57	3404.29	2769.71	1242.42	2508.0
ko:K11325	17.0	2.8	0.0	0.0	20.2	25.0	0.0	30.0	0.0	24.0
ko:K11329	157.0	0.0	280.0	0.0	0.0	0.0	0.0	0.0	0.0	84.0
ko:K11333	0.0	0.0	0.0	0.0	0.0	0.0	0.0	1.5	0.0	0.0
ko:K11334	0.0	0.0	0.0	0.0	0.0	0.0	0.0	1.5	0.0	0.0
ko:K11335	0.0	0.0	0.0	0.0	0.0	0.0	0.0	1.5	0.0	0.0
ko:K11336	0.0	0.0	0.0	0.0	0.0	0.0	0.0	1.5	0.0	0.0
ko:K11337	169.0	20.0	0.0	0.0	40.0	23.0	0.0	134.5	14.0	17.0
ko:K11356	14.0	0.0	40.0	76.0	32.0	66.0	268.0	24.0	0.0	0.0
ko:K11358	27697.86	7973.0599999999995	19605.53	16261.74	5781.12	12576.900000000001	59245.2	13301.32	15773.800000000001	36068.75
ko:K11381	9210.01	1017.4300000000001	1018.84	4044.33	5781.099999999999	3582.6000000000004	11161.3	6599.969999999999	2783.07	10462.4
ko:K11382	386.93	193.70999999999998	164.11	69.33	1298.86	14.57	1730.75	2211.57	429.18	133.42
ko:K11383	692.0	114.0	0.0	5.0	1369.25	83.0	810.0	290.0	177.0	140.0
ko:K11384	692.0	114.0	0.0	5.0	1369.25	83.0	810.0	290.0	177.0	140.0
ko:K11386	0.0	0.0	0.0	0.0	4.0	0.0	0.0	0.0	0.0	0.0
ko:K11387	0.0	0.0	0.0	0.0	30.0	0.0	0.0	0.0	0.0	0.0
ko:K11391	395.72	193.70999999999998	196.0	96.0	2399.11	44.57	2711.79	2208.71	685.4200000000001	1808.9999999999998
ko:K11392	2554.47	864.54	382.0	7473.5	4618.36	798.9000000000001	5071.12	4458.049999999999	2356.09	2868.83
ko:K11410	0.0	0.0	0.0	0.0	4.0	0.0	0.0	1.5	0.0	0.0
ko:K11420	0.0	0.0	46.83	86.0	1.83	21.84	2.0	21.17	0.0	0.0
ko:K11440	0.0	0.0	0.0	34.0	4.0	3.56	0.0	0.0	0.0	0.0
ko:K11441	2.29	0.0	7.140000000000001	8.0	1080.25	0.0	137.79	11.14	309.99	1679.5800000000002
ko:K11442	169.0	12.0	0.0	7.8	0.0	0.0	20.6	0.0	0.0	0.0
ko:K11443	0.0	0.0	0.0	0.0	0.0	0.0	7.0	0.0	4.0	0.0
ko:K11444	6.0	3.0	2.0	5.0	1193.25	0.0	17.0	177.0	103.0	0.0
ko:K11472	450.43	196.70999999999998	133.86	55.0	2574.68	15.13	1593.07	2182.14	380.43	129.42
ko:K11473	4066.65	738.8699999999999	743.86	236.0	5821.34	362.83	6587.360000000001	5552.85	2074.8500000000004	3243.42
ko:K11474	775.1500000000001	387.41999999999996	274.86	108.0	3769.54	23.14	3303.36	4458.85	1088.8500000000001	1938.4199999999998
ko:K11475	2.0	0.0	0.0	5.0	1180.25	0.0	0.0	0.0	0.0	0.0
ko:K11476	0.0	0.0	0.0	41.8	626.0	3.56	20.6	0.0	0.0	0.0
ko:K11477	574.3199999999999	213.90999999999997	33979.86	537.0	2801.28	2754.17	2087.97	2429.54	427.43	132.28
ko:K11525	0.0	0.0	0.0	0.0	0.0	17.17	5.17	1.67	0.0	0.0
ko:K11527	23609.31	2948.6600000000003	3437.44	10529.16	24377.34	16957.879999999997	41004.73	12093.57	14121.69	29121.16
ko:K11528	1012.3299999999999	265.0	204.5	148.0	314.0	203.0	1677.0	369.0	561.0	1490.0
ko:K11529	15683.26	3745.01	9507.0	7614.0	3080.92	6754.0	13387.83	7339.83	7453.33	12522.0
ko:K11530	0.29	0.0	7.140000000000001	3.0	0.0	0.0	137.79	7.14	311.59	1690.5800000000002
ko:K11531	0.29	0.0	7.140000000000001	3.0	0.0	3.0	196.79000000000002	44.14	347.99	1679.5800000000002
ko:K11533	52.75	39.33	41.92	110.42	1239.9699999999998	22.0	2349.02	840.9200000000001	164.25	822.2
ko:K11534	503.22	236.70999999999998	141.0	111.0	1380.86	104.07	1801.79	2678.21	733.9200000000001	1947.5
ko:K11535	387.01	193.70999999999998	148.0	137.4	1922.6599999999999	15.13	2492.09	2307.71	825.4200000000001	1985.6299999999999
ko:K11537	24937.180000000004	3010.7599999999998	66852.78	34642.68	25433.970000000005	29607.4	78922.25	27070.38	16131.54	31190.12
ko:K11600	0.0	0.0	0.0	0.0	20.0	0.0	0.0	0.0	0.0	0.0
ko:K11601	0.0	0.0	0.0	14.0	4.0	3.0	63.0	0.0	16.0	0.0
ko:K11602	0.0	0.0	0.0	14.0	4.0	3.0	63.0	0.0	16.0	0.0
ko:K11603	0.0	1.33	1.67	34.67	6.67	14.0	284.67	92.67	42.0	67.0
ko:K11604	246.57999999999998	51.5	1039.8	182.0	4.26	52.84	195.72	296.24	339.99	1681.0100000000002
ko:K11605	0.29	0.0	992.97	96.0	2.43	31.0	193.72	275.07	310.99	1679.5800000000002
ko:K11606	0.58	0.0	1039.8	182.0	4.26	52.84	203.22	298.74	339.99	1681.0100000000002
ko:K11607	0.29	0.0	992.97	110.0	6.43	34.0	256.72	273.57	326.99	1679.5800000000002
ko:K11608	0.0	0.0	0.0	14.0	4.0	0.0	0.0	0.0	3.0	0.0
ko:K11609	0.0	0.0	0.0	0.0	8.0	0.0	18.0	9.0	4.0	27.0
ko:K11610	0.0	0.0	0.0	0.0	25.0	10.0	38.0	1.5	0.0	0.0
ko:K11611	0.0	0.0	0.0	0.0	4.0	0.0	0.0	1.5	0.0	0.0
ko:K11614	791.7199999999999	375.71	2961.0	174.0	2352.8599999999997	46.25	1745.1899999999998	2218.71	1337.4199999999998	4842.0
ko:K11615	1337.72	477.51	238.0	285.0	1513.95	859.13	3131.19	2594.9900000000002	2167.92	7417.0
ko:K11616	642.0	87.8	281.0	267.0	181.2	540.56	346.0	512.0	158.0	729.0
ko:K11617	415.8	102.0	241.6	400.8	1102.0	1873.7	29050.449999999997	1350.75	1159.85	2613.75
ko:K11618	1536.1399999999999	1066.33	2024.6	484.96000000000004	1199.7	2212.6	30031.949999999997	2834.75	1368.25	3718.95
ko:K11619	369.33	0.0	1.5	310.0	1568.0	4.13	50982.0	838.0	763.6	3619.0
ko:K11620	0.0	0.0	0.0	34.0	0.0	0.0	0.0	0.0	0.0	0.0
ko:K11621	1018.0	22.0	130.0	869.0	58.0	236.56	617.1	203.5	331.1	945.8299999999999
ko:K11622	415.8	102.0	219.6	390.8	1102.0	1873.7	28451.449999999997	1307.75	1159.85	2613.75
ko:K11623	33.0	0.0	0.0	34.0	9.0	0.0	0.0	2.0	0.0	0.0
ko:K11624	29.0	28.0	6.0	76.0	17.0	368.0	168.0	40.0	265.0	955.0
ko:K11625	0.0	0.0	0.0	34.0	0.0	0.0	0.0	0.0	0.0	0.0
ko:K11626	0.0	0.0	1.0	75.8	527.0	13.120000000000001	214.1	4.5	6.5	9.5
ko:K11629	0.0	0.0	0.0	41.8	626.0	7.12	20.6	0.0	0.0	0.0
ko:K11630	0.0	0.0	0.0	41.8	626.0	7.12	76.6	61.0	0.0	0.0
ko:K11631	0.0	0.0	0.0	49.6	626.0	7.12	41.2	0.0	0.0	0.0
ko:K11632	0.0	0.0	0.0	49.6	626.0	7.12	60.2	0.0	0.0	0.0
ko:K11633	0.0	0.0	0.0	34.0	0.0	0.0	0.0	0.0	0.0	0.0
ko:K11634	0.0	0.0	0.0	34.0	0.0	0.0	0.0	0.0	0.0	0.0
ko:K11635	0.0	6.0	13.0	91.0	0.0	0.0	96.0	61.0	6.0	0.0
ko:K11636	1467.0	1097.0	90.0	119.0	93.0	47.0	1522.0	477.0	78.0	362.0
ko:K11637	0.0	0.0	0.0	68.0	1153.0	10.68	0.0	0.0	0.0	0.0
ko:K11638	0.0	0.0	0.0	34.0	527.0	3.56	0.0	0.0	0.0	0.0
ko:K11639	0.0	0.0	0.0	68.0	527.0	7.12	0.0	0.0	0.0	0.0
ko:K11640	0.0	0.0	0.0	34.0	0.0	4.13	0.0	0.0	0.0	0.0
ko:K11641	0.0	0.0	0.0	34.0	0.0	4.13	0.0	0.0	0.0	0.0
ko:K11645	17385.079999999998	3519.9799999999996	1933.31	7754.18	15128.56	12642.5	27407.46	12919.98	15326.96	32318.85
ko:K11646	751.0	123.0	88.0	47.0	312.0	83.0	812.0	290.0	524.0	626.0
ko:K11685	2005.44	460.41999999999996	316.0	106.0	2652.72	54.14	3471.58	4416.42	1789.8400000000001	6077.0
ko:K11686	5.6	0.0	0.0	40.0	626.0	33.13	74.5	30.0	14.2	29.0
ko:K11688	380.0	55.6	21.0	112.0	3331.35	297.4	388.1	332.0	143.4	354.63
ko:K11689	2336.1	429.46	417.01	477.0	3061.0	1432.44	2551.56	2211.5	1307.77	3220.6400000000003
ko:K11690	1349.9	96.6	34.0	99.0	2368.6	80.9	190.1	291.5	755.9	3018.7
ko:K11691	54.0	2.8	0.0	40.0	646.2	35.25	25.4	10.0	5.0	0.0
ko:K11692	551.6	101.8	97.0	232.0	841.09	813.56	1380.4	312.28	806.5	2538.0
ko:K11693	3256.05	1416.05	1636.35	802.8	4538.45	2435.5	63759.369999999995	4219.25	2300.35	5218.5
ko:K11694	376.0	96.0	140.0	262.8	471.0	1831.0	25509.6	1090.0	379.0	1954.0
ko:K11695	0.0	0.0	1.0	7.8	0.0	6.0	220.1	4.5	6.5	9.5
ko:K11704	415.8	96.0	222.6	343.8	471.0	1875.0	28946.949999999997	1342.25	1141.35	2623.25
ko:K11705	415.8	96.0	222.6	377.8	570.0	1875.57	28946.949999999997	1342.25	1141.35	2623.25
ko:K11706	415.8	96.0	222.6	336.0	471.0	1875.0	28926.35	1342.25	1141.35	2623.25
ko:K11707	27799.629999999997	3228.5400000000004	65983.5	35793.68	26761.68	31510.769999999997	85216.91	27896.84	15152.44	29397.27
ko:K11708	33.5	0.5	33.25	55.0	108.0	5.07	483.75	33.17	28.75	4.0
ko:K11709	34.08	0.5	1033.36	161.8	639.86	36.07	855.79	321.80999999999995	533.73	3363.1600000000003
ko:K11710	33.79	1.83	239.06	187.67000000000002	705.1	40.07	2072.1400000000003	189.41	440.74	2114.58
ko:K11711	1461.0	127.5	80.83	86.0	47.83	71.51	41.67	42.84	535.0	2453.0
ko:K11712	3184.0	302.3	258.65999999999997	370.0	310.75	934.35	1456.0700000000002	396.29	1876.5	7444.0
ko:K11717	47954.159999999996	9383.29	77674.63	47978.130000000005	37882.43	51709.36	313308.88	53029.67	27999.95	57679.97
ko:K11719	6370.719999999999	542.71	1309.08	2045.33	2827.6100000000006	11102.07	152949.04	14611.21	1341.1699999999998	5326.0
ko:K11720	36461.88	4531.289999999999	72271.18999999999	37900.01	33948.22	43314.34	241708.27	46597.53	18801.960000000003	38600.020000000004
ko:K11729	0.0	0.0	0.0	0.0	0.0	0.0	0.0	0.0	0.0	817.0
ko:K11731	776.86	387.41999999999996	267.72	110.0	4762.22	28.14	3215.5	4427.14	777.8600000000001	284.84
ko:K11732	834.19	425.41999999999996	394.25	219.75	5992.5199999999995	34.14	6413.93	5301.67	1479.0900000000001	4346.2
ko:K11733	495.51	195.54	290.92	212.8	4326.03	284.86	10040.65	3901.0499999999993	885.6700000000001	2100.93
ko:K11734	984.44	453.41999999999996	284.0	163.0	4777.22	23.14	3449.58	4566.42	1464.84	3617.9999999999995
ko:K11735	392.43	195.04	144.67	98.67	2422.78	33.25	2833.96	2301.38	590.42	1881.5700000000002
ko:K11736	386.72	193.70999999999998	141.0	53.0	1298.86	11.57	1719.79	2196.71	681.4200000000001	1808.9999999999998
ko:K11737	1550.22	455.53999999999996	675.12	668.4000000000001	2444.5299999999997	1991.6299999999999	36159.26	4199.63	2220.0200000000004	5392.75
ko:K11738	386.97	195.29	209.67000000000002	74.17	1415.08	25.82	4009.81	2367.38	777.4200000000001	2023.1999999999998
ko:K11739	386.43	193.70999999999998	133.86	50.0	1296.43	11.57	1576.57	2179.14	375.43	129.42
ko:K11740	386.43	193.70999999999998	133.86	50.0	1390.43	16.57	1635.07	2199.14	388.43	136.42
ko:K11741	17670.08	2826.74	36813.29	8450.57	13915.309999999998	15802.63	63121.85	30072.760000000002	9057.5	18614.39
ko:K11742	1078.72	307.71	141.0	105.0	2668.11	94.57	2529.79	2486.71	1129.42	2272.0
ko:K11743	1078.72	307.71	141.0	105.0	2668.11	94.57	2529.79	2486.71	1129.42	2272.0
ko:K11744	1258.44	699.75	274.86	156.0	5451.719999999999	607.47	4759.62	6091.62	1982.52	1946.18
ko:K11745	1025.44	441.91999999999996	276.86	108.0	3694.54	23.14	3299.86	4465.85	1156.85	1939.85
ko:K11746	879.01	299.71	141.0	53.0	1298.86	11.57	1719.79	2196.71	686.4200000000001	1811.86
ko:K11747	1390.0099999999998	371.21	1223.9699999999998	201.0	2880.5399999999995	125.57	2729.01	2852.2799999999997	1479.4099999999999	4114.58
ko:K11748	14605.220000000001	860.3100000000001	1008.0	6743.000000000001	13800.96	6672.73	19411.79	5188.01	6104.82	14530.4
ko:K11749	78884.24	17095.72	96595.19	67305.20000000001	47701.509999999995	78490.91	468802.82	67093.4	41608.72	84617.34
ko:K11750	386.72	193.70999999999998	141.0	53.0	1298.86	11.57	1719.79	2196.71	681.4200000000001	1808.9999999999998
ko:K11751	64471.490000000005	11256.57	91851.99	52797.520000000004	37302.8	49248.740000000005	124349.20999999999	45020.55	28228.98	55982.57
ko:K11752	48772.97	6879.360000000001	83218.53	52036.64	37269.89	53520.22	268398.18999999994	52074.34	28375.83	50791.59999999999
ko:K11753	80919.16	18586.96	96922.29999999999	69467.95000000001	53273.600000000006	80331.0	504759.84	75562.17	47579.94	96843.14000000001
ko:K11754	86232.74	19193.129999999997	106679.18	71040.42	47996.3	85401.64000000001	524199.34	72742.51	48081.270000000004	99855.91
ko:K11755	60851.630000000005	13039.869999999999	87384.12000000001	57864.55	38417.31	62003.46	297046.25	41564.240000000005	34538.76	78131.27
ko:K11779	258.5	70.8	0.0	47.0	138.2	20.0	76.0	8.0	275.0	329.0
ko:K11780	0.0	0.0	0.0	0.0	20.0	0.0	0.0	0.0	0.0	0.0
ko:K11781	0.0	0.0	0.0	0.0	20.0	0.0	0.0	0.0	0.0	0.0
ko:K11782	4942.0	956.3	196.0	2286.5	5899.7	2438.5	36026.0	11414.0	7092.0	12761.0
ko:K11783	4688.0	915.0	118.0	2286.5	5676.5	1892.5	33715.0	10340.5	7090.0	12754.0
ko:K11784	5183.5	1024.3	196.0	2333.5	5908.7	2438.5	36021.0	11419.0	7367.0	13083.0
ko:K11785	4706.5	915.0	118.0	2286.5	5740.5	1892.5	33715.0	10342.0	7092.0	12754.0
ko:K11788	319.08	181.32999999999998	206.42000000000002	231.42000000000002	1458.9699999999998	152.0	4145.02	963.4200000000001	249.25	1004.2
ko:K11811	3.0	3.0	0.0	5.0	1177.25	0.0	9.5	87.0	188.0	0.0
ko:K11814	71.0	940.0	14.0	75.0	71.0	386.56	2811.5	1818.0	200.0	1020.0
ko:K11815	0.0	0.0	0.0	34.0	21.0	13.56	38.0	0.0	0.0	0.0
ko:K11890	3.0	0.0	0.0	5.0	1195.25	10.0	55.0	83.0	41.0	0.0
ko:K11891	1190.9299999999998	269.21	646.0	367.0	5247.11	481.57	3787.79	2775.21	1088.92	2185.5699999999997
ko:K11892	882.4300000000001	241.70999999999998	141.0	68.0	5016.61	94.57	2560.79	2567.21	899.4200000000001	1947.5700000000002
ko:K11893	882.4300000000001	241.70999999999998	141.0	68.0	5016.61	94.57	2553.79	2567.21	899.4200000000001	1947.5700000000002
ko:K11894	22.0	0.0	13.0	10.0	2359.5	10.0	38.5	3.0	8.0	0.0
ko:K11895	882.4300000000001	241.70999999999998	141.0	68.0	5016.61	94.57	2553.79	2568.71	1036.42	1947.5700000000002
ko:K11896	882.4300000000001	241.70999999999998	141.0	68.0	5016.61	94.57	2567.79	2567.21	899.4200000000001	1947.5700000000002
ko:K11897	492.0	48.0	0.0	5.0	1463.25	83.0	827.0	373.0	214.0	140.0
ko:K11898	2.0	0.0	0.0	5.0	1080.25	0.0	7.5	0.0	0.0	0.0
ko:K11900	1268.8600000000001	435.41999999999996	274.86	118.0	6313.04	106.14	4130.36	4746.35	1274.8500000000001	2076.9900000000002
ko:K11901	779.86	387.41999999999996	274.86	118.0	6024.04	23.14	3320.36	4456.35	1101.8500000000001	1936.99
ko:K11902	494.0	48.0	0.0	10.0	2545.93	83.0	832.4300000000001	296.43	182.0	140.0
ko:K11903	780.1500000000001	387.41999999999996	282.0	121.0	6026.47	23.14	3464.58	4473.92	1714.8400000000001	3615.14
ko:K11904	2450.3100000000004	782.63	524.0	7548.5	13313.03	320.11	8074.97	7759.130000000001	2888.66	7272.41
ko:K11905	388.43	193.70999999999998	141.0	58.0	2379.11	11.57	1726.79	2194.21	685.4200000000001	1807.57
ko:K11906	391.43	193.70999999999998	141.0	63.0	3647.359999999999	11.57	1743.79	2194.21	694.4200000000001	1807.57
ko:K11907	779.86	387.41999999999996	274.86	118.0	6024.04	23.14	3320.36	4454.85	1101.8500000000001	1936.99
ko:K11910	388.43	193.70999999999998	141.0	58.0	2379.11	11.57	1719.79	2194.21	685.4200000000001	1807.57
ko:K11911	386.43	193.70999999999998	141.0	53.0	1298.86	11.57	1719.79	2192.71	681.4200000000001	1807.57
ko:K11912	696.0	116.0	88.0	52.0	1414.25	103.0	888.0	290.0	528.0	626.0
ko:K11913	20.0	0.0	13.0	5.0	1258.25	0.0	0.5	3.0	4.0	0.0
ko:K11914	777.1500000000001	387.41999999999996	274.86	113.0	4857.22	23.14	3301.29	4382.28	1064.8500000000001	1938.4199999999998
ko:K11915	4.0	0.0	0.0	10.0	2160.5	0.0	0.0	0.0	8.0	0.0
ko:K11916	2.0	0.0	0.0	5.0	1080.25	0.0	0.0	0.0	4.0	0.0
ko:K11917	4.0	0.0	0.0	10.0	2160.5	0.0	0.0	0.0	0.0	0.0
ko:K11918	2.0	0.0	0.0	5.0	1080.25	0.0	0.0	0.0	0.0	0.0
ko:K11919	2.0	0.0	0.0	5.0	1080.25	0.0	0.0	0.0	0.0	0.0
ko:K11920	386.43	193.70999999999998	133.86	50.0	1296.43	11.57	1576.57	2179.14	375.43	129.42
ko:K11921	119.58	37.0	301.0	23867.0	1100.25	3677.0	9894.5	5865.0	392.0	1335.8600000000001
ko:K11922	388.72	193.70999999999998	148.14000000000001	61.0	2379.11	11.57	1857.08	2215.85	1049.41	3487.1500000000005
ko:K11923	22.6	2.8	0.0	34.0	646.2	3.56	0.0	1.5	0.0	0.0
ko:K11924	581.7199999999999	306.71	302.0	97.0	1298.86	11.57	5170.789999999999	2349.71	1280.4199999999998	5872.999999999999
ko:K11925	386.72	193.70999999999998	141.0	53.0	1298.86	11.57	1719.79	2196.71	681.4200000000001	1808.9999999999998
ko:K11926	386.72	193.70999999999998	141.0	53.0	1298.86	11.57	1719.79	2196.71	681.4200000000001	1808.9999999999998
ko:K11927	40755.86	6013.200000000001	6936.67	15484.769999999999	34304.45	22969.79	86973.42	30691.36	21310.11	45512.1
ko:K11928	43784.29	11623.220000000001	33134.380000000005	33364.54	13300.04	45907.34	346738.88	33866.17	23174.62	45229.700000000004
ko:K11929	1160.7400000000002	581.13	430.14000000000004	162.0	3899.01	34.71	5303.59	6607.700000000001	2105.25	7108.009999999999
ko:K11930	387.43	193.70999999999998	133.86	50.0	1296.43	11.57	1579.07	2179.14	375.43	129.42
ko:K11931	1205.1	278.97	451.73	314.65999999999997	1488.83	810.24	2243.5699999999997	2756.4700000000003	890.1	1119.42
ko:K11932	391.3	193.70999999999998	143.0	53.0	1317.86	11.57	1723.29	2207.71	631.4200000000001	1811.86
ko:K11933	386.72	193.70999999999998	141.0	53.0	1298.86	11.57	1726.79	2196.71	681.4200000000001	1808.9999999999998
ko:K11934	6481.0	1789.1999999999998	468.5	3170.43	7497.51	4298.65	38973.58	12460.51	10343.71	18334.87
ko:K11935	386.43	193.70999999999998	133.86	50.0	1393.43	11.57	1583.57	2183.14	492.43	129.42
ko:K11936	1943.77	481.03999999999996	371.53000000000003	120.8	1514.43	296.69	3375.5	2850.4700000000003	1347.43	3352.42
ko:K11937	471.43	193.70999999999998	133.86	50.0	1393.43	15.13	1576.57	2183.14	487.43	129.42
ko:K11938	386.72	193.70999999999998	141.0	53.0	1298.86	11.57	1719.79	2196.71	681.4200000000001	1808.9999999999998
ko:K11939	999.72	280.03999999999996	271.67	220.17000000000002	3226.78	121.07	4429.459999999999	3064.879999999999	1433.92	3493.0
ko:K11940	386.72	193.70999999999998	141.0	53.0	1298.86	11.57	1719.79	2196.71	681.4200000000001	1808.9999999999998
ko:K11941	1848.72	1130.7	161.0	250.0	1314.86	1797.5600000000002	6225.780000000001	7087.7300000000005	3362.43	1827.9899999999998
ko:K11942	26.0	0.0	20.0	38.0	672.0	47.13	189.5	18.5	5.0	6.0
ko:K11947	0.0	0.0	0.0	0.0	0.0	0.0	0.0	1.5	0.0	0.0
ko:K11948	0.0	0.0	0.0	0.0	0.0	0.0	0.0	1.5	0.0	0.0
ko:K11956	22.25	23.0	6.25	40.0	874.0	3.25	973.75	402.25	0.0	0.0
ko:K11959	5.79	6.0	7.140000000000001	42.0	1185.25	0.0	166.29	95.64	371.99	1686.5800000000002
ko:K11960	66.69	16.0	34.64	409.0	1226.95	35.4	486.39	174.64	1253.72	1974.28
ko:K11961	123.38999999999999	21.8	22.14	48.0	1205.45	25.57	405.28999999999996	138.64	365.99	1730.5800000000002
ko:K11962	5.79	6.0	7.140000000000001	42.0	1182.25	0.0	147.29	95.64	365.99	1679.5800000000002
ko:K11963	6.08	6.0	14.280000000000001	45.0	1242.25	0.0	767.0799999999999	292.78	671.98	3474.1600000000003
ko:K11991	100778.32	22722.960000000003	117941.13	90768.28	52894.3	90234.90000000001	513004.36	76376.84	55574.67	115602.34
ko:K12049	2945.0	41.0	0.0	0.0	0.0	0.0	0.0	511.0	0.0	942.0
ko:K12050	5869.0	82.0	0.0	0.0	0.0	0.0	0.0	1022.0	0.0	250.0
ko:K12055	3.0	0.0	0.0	5.0	1080.25	0.0	2.5	2.0	0.0	0.0
ko:K12056	1703.0	121.0	80.83	86.0	336.83	154.51	849.17	336.84	737.0	2593.0
ko:K12057	2.0	0.0	0.0	0.0	0.0	197.0	260.0	29.0	29.0	0.0
ko:K12058	1214.0	73.0	80.83	86.0	47.83	71.51	39.17	46.84	564.0	2453.0
ko:K12059	1214.0	73.0	34.0	0.0	46.0	31.0	32.0	20.0	564.0	2453.0
ko:K12060	1214.0	73.0	80.83	86.0	47.83	71.51	39.17	46.84	564.0	2453.0
ko:K12061	1214.0	73.0	80.83	86.0	47.83	52.84	34.0	45.17	564.0	2453.0
ko:K12062	1214.0	73.0	34.0	0.0	46.0	31.0	32.0	24.0	535.0	2453.0
ko:K12063	2428.0	146.0	151.82999999999998	86.0	96.83	102.51	71.17	66.84	1099.0	4906.0
ko:K12064	0.0	0.0	0.0	0.0	0.0	0.0	0.0	4.0	0.0	0.0
ko:K12065	2507.0	153.5	347.15	438.0	115.65	189.87	108.17	215.02	1099.0	5748.0
ko:K12066	0.0	0.0	0.0	0.0	0.0	0.0	0.0	4.0	29.0	0.0
ko:K12067	1214.0	73.0	80.83	86.0	47.83	71.51	39.17	46.84	564.0	2453.0
ko:K12068	1214.0	73.0	80.83	86.0	47.83	71.51	39.17	46.84	564.0	2453.0
ko:K12069	0.0	0.0	46.83	86.0	1.83	21.84	2.0	21.17	0.0	0.0
ko:K12070	243.32999999999998	142.0	116.5	101.0	13.0	120.0	865.0	76.0	37.0	41.0
ko:K12071	1233.0	75.8	80.83	91.0	1148.28	71.51	39.17	48.84	535.0	2453.0
ko:K12072	1214.0	73.0	80.83	86.0	47.83	71.51	39.17	46.84	564.0	2453.0
ko:K12080	1214.0	73.0	34.0	0.0	49.0	31.0	32.0	20.0	535.0	2453.0
ko:K12081	1214.0	73.0	34.0	0.0	46.0	31.0	32.0	20.0	535.0	2453.0
ko:K12083	2428.0	146.0	68.0	0.0	95.0	62.0	64.0	40.0	1070.0	4906.0
ko:K12085	1214.0	73.0	34.0	0.0	49.0	31.0	32.0	20.0	535.0	2453.0
ko:K12095	5848.0	82.0	0.0	0.0	0.0	0.0	0.0	1022.0	0.0	250.0
ko:K12111	913.1500000000001	445.41999999999996	325.72	419.0	2685.86	67.14	3471.14	4581.28	978.86	398.27
ko:K12112	386.43	193.70999999999998	133.86	50.0	1296.43	14.57	1635.57	2179.14	496.43	129.42
ko:K12113	386.43	193.70999999999998	133.86	50.0	1296.43	11.57	1576.57	2179.14	483.43	129.42
ko:K12132	150783.54	31219.78	463575.08	132951.4	104220.16	189026.95	757215.16	108864.32	74466.05	159750.81
ko:K12136	651.43	316.51	1168.69	187.0	1336.13	47.57	5318.07	2694.64	988.4300000000001	4217.42
ko:K12137	7688.95	2167.84	5743.67	3018.83	5175.6	2451.31	17811.12	7300.04	10427.490000000002	27539.2
ko:K12138	610.93	313.51	1168.69	187.0	1357.13	52.57	5285.57	2674.64	979.4300000000001	4193.42
ko:K12139	0.0	0.0	1971.66	186.0	0.0	62.0	102.0	520.0	10.0	0.0
ko:K12140	3421.5	794.8	3872.33	869.5	3408.2	770.0	8091.0	2860.0	6650.0	16314.0
ko:K12141	7232.23	1969.9299999999998	8281.67	2942.83	3875.9400000000005	2352.74	13997.93	4992.33	9670.070000000002	25556.2
ko:K12142	386.72	193.70999999999998	1126.83	146.0	1298.86	42.57	1770.79	2456.71	686.4200000000001	1808.9999999999998
ko:K12143	614.7199999999999	317.84	1212.5	196.67	1366.23	68.57000000000001	6581.959999999999	2815.38	1315.4199999999998	5983.999999999999
ko:K12144	0.0	0.0	985.83	93.0	0.0	31.0	51.0	260.0	5.0	0.0
ko:K12145	386.72	193.70999999999998	1126.83	146.0	1298.86	42.57	1770.29	2456.71	549.4200000000001	1807.57
ko:K12147	386.72	193.70999999999998	141.0	53.0	1298.86	11.57	1719.79	2196.71	681.4200000000001	1808.9999999999998
ko:K12148	386.72	193.70999999999998	141.0	53.0	1298.86	11.57	1719.79	2196.71	681.4200000000001	1808.9999999999998
ko:K12149	386.72	193.70999999999998	141.0	53.0	1298.86	11.57	1719.79	2198.71	681.4200000000001	1808.9999999999998
ko:K12151	773.44	387.41999999999996	282.0	106.0	2597.72	23.14	3439.58	4397.42	1499.8400000000001	3617.9999999999995
ko:K12152	407.72	193.70999999999998	161.0	58.0	2576.1100000000006	11.57	1722.79	2289.71	732.42	1808.9999999999998
ko:K12203	0.0	3.0	0.0	0.0	0.0	0.0	0.0	0.0	5.0	0.0
ko:K12204	1249.0	435.33	98.0	7264.5	3145.0	741.33	2290.33	1952.3400000000001	1454.67	673.3299999999999
ko:K12205	546.0	55.0	88.0	0.0	292.0	83.0	812.0	290.0	249.0	303.0
ko:K12206	1297.0	178.0	176.0	0.0	584.0	166.0	1624.0	580.0	773.0	929.0
ko:K12207	546.0	55.0	88.0	0.0	292.0	83.0	812.0	290.0	524.0	626.0
ko:K12209	546.0	55.0	88.0	0.0	292.0	83.0	812.0	290.0	524.0	626.0
ko:K12213	548.0	57.0	88.0	0.0	292.0	83.0	812.0	290.0	524.0	626.0
ko:K12214	546.0	55.0	88.0	0.0	292.0	83.0	812.0	290.0	524.0	626.0
ko:K12216	393.72	194.64	151.14	62.0	2400.32	13.21	1864.29	2312.85	732.78	1815.07
ko:K12217	751.0	123.0	88.0	0.0	292.0	83.0	812.0	290.0	524.0	626.0
ko:K12218	751.0	123.0	88.0	0.0	292.0	83.0	812.0	290.0	524.0	626.0
ko:K12222	749.0	121.0	88.0	0.0	292.0	83.0	812.0	290.0	524.0	626.0
ko:K12226	7.0	0.0	20.0	38.0	16.0	33.0	134.0	12.0	0.0	0.0
ko:K12228	0.0	0.0	0.0	0.0	0.0	0.0	0.0	1.5	0.0	0.0
ko:K12234	0.0	0.0	0.0	0.0	45.0	10.0	38.0	1.5	0.0	0.0
ko:K12238	388.72	193.70999999999998	141.0	72.0	2383.11	11.57	1726.79	2198.21	684.4200000000001	1808.9999999999998
ko:K12239	10.0	0.0	0.0	25.0	5401.25	0.0	0.0	0.0	29.0	0.0
ko:K12240	772.4	75.0	147.0	65.0	5482.45	42.57	1384.77	275.66999999999996	40.4	99.2
ko:K12241	9.0	0.0	0.0	5.0	1099.75	0.0	125.5	0.0	0.0	0.0
ko:K12242	2.0	0.0	0.0	5.0	1080.25	0.0	0.0	0.0	0.0	0.0
ko:K12243	5.0	0.0	0.0	5.0	1080.25	0.0	0.0	0.0	29.0	0.0
ko:K12251	29929.649999999998	4655.24	73624.75	48840.02	24983.9	34074.09	64490.61	20099.98	13386.01	23242.699999999997
ko:K12252	2.0	0.0	0.0	5.0	1080.25	0.0	0.0	0.0	0.0	0.0
ko:K12253	2.0	0.0	0.0	5.0	1080.25	0.0	0.0	0.0	0.0	0.0
ko:K12254	2.0	0.0	0.0	5.0	1174.25	0.0	7.0	0.0	4.0	0.0
ko:K12255	4.58	3.0	0.0	10.0	2254.5	0.0	14.0	4.0	72.0	2.86
ko:K12256	2383.04	1293.63	413.29999999999995	7523.06	2539.3999999999996	1102.1	4574.75	2676.4	597.8	2196.9
ko:K12257	61075.33	13040.5	87925.95000000001	59831.64	40218.92	46233.31	173284.41999999998	45947.58	36621.91	64968.53
ko:K12262	788.1500000000001	393.41999999999996	284.0	145.0	8020.969999999998	23.14	3473.58	4479.42	1443.8400000000001	3616.5699999999997
ko:K12263	0.0	0.0	0.0	34.0	626.0	4.13	15.0	0.0	0.0	0.0
ko:K12264	387.22	194.20999999999998	171.25	72.33	1298.86	16.07	2203.54	2226.21	706.1700000000001	1812.9999999999998
ko:K12265	390.72	193.70999999999998	143.0	53.0	1317.86	11.57	1722.79	2286.71	728.42	1808.9999999999998
ko:K12266	406.72	196.70999999999998	141.0	58.0	2482.11	11.57	1719.79	2201.71	685.4200000000001	1814.9999999999998
ko:K12267	34671.93	5247.3	12149.900000000001	41559.53	31797.34	35763.92	266361.17	40183.83	22397.96	35835.59
ko:K12268	415.0	96.0	220.0	333.8	471.0	1869.0	28479.6	1181.0	1069.0	2558.0
ko:K12269	415.0	96.0	220.0	333.8	471.0	1869.0	28479.6	1181.0	1069.0	2558.0
ko:K12270	415.0	96.0	220.0	333.8	471.0	1869.0	28479.6	1181.0	1069.0	2558.0
ko:K12276	0.0	0.0	0.0	0.0	0.0	0.0	0.0	1.5	0.0	0.0
ko:K12278	489.0	48.0	0.0	0.0	290.0	83.0	810.0	291.5	175.0	140.0
ko:K12279	0.0	0.0	0.0	0.0	0.0	0.0	0.0	1.5	0.0	0.0
ko:K12280	0.0	0.0	0.0	0.0	0.0	0.0	0.0	1.5	0.0	0.0
ko:K12282	18.0	0.0	0.0	0.0	14.0	0.0	0.0	6.5	0.0	823.0
ko:K12283	0.0	0.0	0.0	0.0	1.0	0.0	0.0	1.5	2.0	0.0
ko:K12284	0.0	0.0	0.0	0.0	0.0	0.0	0.0	1.5	0.0	0.0
ko:K12285	11.2	0.0	0.0	0.0	0.0	0.0	0.0	0.0	6.0	7.0
ko:K12287	907.5899999999999	340.13	197.74999999999997	667.3300000000002	167.95	669.6700000000001	1355.42	621.5	1453.67	3774.25
ko:K12288	386.72	193.70999999999998	141.0	72.0	1298.86	35.57	1820.79	2208.71	681.4200000000001	1808.9999999999998
ko:K12289	386.72	193.70999999999998	141.0	53.0	1298.86	11.57	1719.79	2196.71	681.4200000000001	1808.9999999999998
ko:K12290	386.72	193.70999999999998	141.0	53.0	1298.86	11.57	1719.79	2196.71	710.4200000000001	1808.9999999999998
ko:K12291	386.43	193.70999999999998	141.0	53.0	1298.86	11.57	1719.29	2192.71	681.4200000000001	1807.57
ko:K12292	23.0	0.0	31.0	30.0	0.0	28.0	2243.0	70.0	680.25	462.0
ko:K12293	23.0	0.0	31.0	30.0	0.0	28.0	2243.0	63.0	680.25	462.0
ko:K12294	39.0	0.0	87.0	78.8	0.0	38.0	3280.85	130.75	722.25	620.75
ko:K12295	39.0	0.0	80.0	71.0	0.0	38.0	3008.25	112.75	703.25	611.75
ko:K12296	745.1299999999999	157.0	622.1	7994.3	1746.0	2111.69	37257.95	1581.25	1496.6	3169.25
ko:K12297	732.3800000000001	329.71	1266.83	263.0	2822.6100000000006	198.57	5740.289999999999	3173.2099999999996	1476.42	6206.0
ko:K12299	773.73	387.41999999999996	274.86	103.0	2595.29	23.14	3296.36	4375.849999999999	1027.8500000000001	1942.7099999999998
ko:K12308	75906.29000000001	15840.550000000001	70740.08	82353.72	66596.5	74579.07999999999	268055.19	47221.17	40398.15	74625.63
ko:K12339	41790.75	4586.65	67885.25	41399.18	41278.79	37036.27	73826.55	26226.78	19529.510000000002	40586.67
ko:K12340	63239.79000000001	8578.85	128544.02000000002	97067.47	62024.16	76382.2	191415.85	64079.55	34263.25	64182.61
ko:K12341	272.33	146.0	127.5	116.0	20.0	120.0	915.0	163.0	62.0	150.0
ko:K12343	24968.129999999997	2651.5400000000004	1656.25	35138.18	24906.850000000006	20536.53	71449.49	20980.5	15119.69	29390.27
ko:K12349	2.0	0.0	0.0	19.0	1080.25	0.0	0.0	0.0	15.0	0.0
ko:K12368	415.3	193.70999999999998	1133.9699999999998	174.0	6709.110000000001	42.57	1930.08	2472.85	1145.41	3496.0100000000007
ko:K12369	406.72	193.70999999999998	1126.83	151.0	2388.11	42.57	1777.79	2461.71	690.4200000000001	1814.9999999999998
ko:K12370	406.72	193.70999999999998	1126.83	151.0	2388.11	42.57	1777.79	2461.71	692.4200000000001	1814.9999999999998
ko:K12371	794.02	387.41999999999996	1267.83	204.0	3686.97	54.14	3498.58	4656.42	1458.8400000000001	3626.8599999999997
ko:K12372	1544.73	510.41999999999996	1355.83	251.0	4072.97	137.14	4310.08	4944.42	1924.84	4251.43
ko:K12373	159541.33000000002	24064.699999999997	184430.95	210715.84999999998	169300.62	175311.62	467956.83999999997	123345.06999999999	110212.61	190114.15999999997
ko:K12410	73245.3	16486.13	91741.84	67127.39	41997.159999999996	75583.87000000001	420421.42000000004	64118.090000000004	38818.670000000006	83395.59
ko:K12415	0.0	0.0	22.0	10.0	0.0	0.0	599.0	43.0	0.0	0.0
ko:K12421	0.0	0.0	0.0	0.0	25.0	10.0	38.0	0.0	0.0	0.0
ko:K12428	0.0	0.0	0.0	0.0	22.0	0.0	0.0	0.0	0.0	0.0
ko:K12429	0.0	0.0	0.0	0.0	4.0	0.0	0.0	1.5	0.0	0.0
ko:K12430	0.0	0.0	112.0	0.0	0.0	0.0	0.0	0.0	0.0	0.0
ko:K12434	0.0	0.0	0.0	0.0	21.0	10.0	38.0	0.0	0.0	0.0
ko:K12436	0.0	0.0	0.0	0.0	21.0	10.0	38.0	0.0	0.0	0.0
ko:K12437	0.0	0.0	0.0	0.0	22.0	0.0	0.0	0.0	0.0	0.0
ko:K12442	0.0	0.0	0.0	0.0	0.0	0.0	0.0	1.5	0.0	0.0
ko:K12443	0.0	0.0	0.0	0.0	22.0	0.0	0.0	0.0	0.0	0.0
ko:K12447	18.5	0.0	0.0	0.0	0.0	0.0	0.0	0.0	0.0	0.0
ko:K12448	546.0	55.0	134.82999999999998	86.0	293.83	123.51	833.17	312.84	249.0	1120.0
ko:K12449	187.5	12.0	0.0	0.0	0.0	0.0	0.0	0.0	0.0	0.0
ko:K12452	5681.24	1206.33	7753.5	7474.16	1571.7	4874.9	13182.1	2419.5	4563.4	6608.2
ko:K12454	50.0	34.0	16.0	0.0	1184.0	387.0	44.0	1.5	0.0	0.0
ko:K12500	386.72	193.70999999999998	141.0	53.0	1298.86	11.57	1719.79	2196.71	681.4200000000001	1808.9999999999998
ko:K12503	266.33	147.32999999999998	167.17000000000002	112.67	210.67000000000002	57.0	1945.67	160.17000000000002	30.0	101.0
ko:K12506	47662.03	13159.880000000001	27638.84	38273.74	15564.949999999999	44033.18000000001	349146.04	31839.299999999996	22981.809999999998	48964.57
ko:K12507	1039.1000000000001	462.38	341.02	223.67000000000002	1401.19	338.41	2812.6699999999996	2728.91	446.93	504.41999999999996
ko:K12508	1.0	0.0	0.0	0.0	12.0	0.0	16.5	0.0	5.0	0.0
ko:K12510	16146.1	4316.4400000000005	13985.470000000001	10144.380000000001	5066.49	6715.4	37385.61	6790.01	10576.3	21598.75
ko:K12511	20042.81	5775.780000000001	22942.55	13398.8	6126.92	26026.7	148703.28999999998	10448.09	15744.25	39292.950000000004
ko:K12512	0.0	0.0	0.0	0.0	0.0	0.0	0.0	0.0	29.0	0.0
ko:K12513	0.0	0.0	5.0	0.0	0.0	3.0	59.0	0.0	42.0	0.0
ko:K12514	0.0	0.0	0.0	0.0	0.0	0.0	0.0	0.0	29.0	0.0
ko:K12515	0.0	0.0	0.0	0.0	0.0	0.0	0.0	0.0	29.0	0.0
ko:K12516	386.43	195.70999999999998	143.86	58.0	1298.86	11.57	1607.0	2205.57	375.43	129.42
ko:K12518	386.43	193.70999999999998	133.86	50.0	1296.43	11.57	1576.57	2179.14	375.43	129.42
ko:K12524	24346.879999999997	3039.5899999999997	68733.67000000001	33650.1	26813.19	29065.9	58222.86	23741.940000000002	10061.78	21845.470000000005
ko:K12525	773.44	387.41999999999996	282.0	106.0	2597.72	23.14	3439.58	4389.42	1254.8400000000001	3617.9999999999995
ko:K12526	267.0	64.5	30.5	162.5	1088.5	0.0	1080.5	1525.0	46.0	140.0
ko:K12527	10578.05	3951.0299999999997	3286.78	5129.66	5290.8	3148.81	12936.92	7712.889999999999	2732.5	8230.3
ko:K12528	615.43	335.71	238.86	140.0	1304.43	57.57	2419.5699999999997	2219.14	375.43	129.42
ko:K12529	1918.0900000000001	307.71	298.19000000000005	759.0	1544.43	11.57	1576.57	2181.14	375.43	129.42
ko:K12530	2.0	0.0	0.0	5.0	1080.25	0.0	0.0	0.0	0.0	0.0
ko:K12531	2.0	0.0	0.0	5.0	1080.25	0.0	0.0	0.0	0.0	0.0
ko:K12536	6.0	0.0	0.0	10.0	2160.5	0.0	5.0	1.5	4.0	0.0
ko:K12537	224.0	66.0	0.0	10.0	2169.5	0.0	2.5	5.0	279.0	329.0
ko:K12538	5.0	0.0	0.0	10.0	2160.5	0.0	9.5	0.0	4.0	0.0
ko:K12541	859.89	123.0	95.14	55.0	1485.68	83.0	955.72	401.57	853.99	2311.58
ko:K12542	1449.32	385.71	229.0	110.0	3857.359999999999	94.57	2532.29	2582.71	1504.42	2764.0
ko:K12543	1796.3200000000002	374.71	319.0	105.0	3193.11	177.57	3437.29	3027.21	1603.42	2804.0
ko:K12545	2.0	0.0	0.0	5.0	1080.25	0.0	0.0	0.0	0.0	0.0
ko:K12547	18.5	0.0	0.0	0.0	0.0	0.0	0.0	0.0	0.0	0.0
ko:K12548	122.0	12.0	10.0	11.0	5.0	107.0	41.0	134.0	37.0	41.0
ko:K12549	0.0	0.0	0.0	0.0	0.0	0.0	0.5	2.0	6.0	0.0
ko:K12551	415.8	102.0	242.6	366.8	1102.0	1875.57	29243.949999999997	1355.25	1166.35	2623.25
ko:K12552	836.8	272.0	375.6	523.8	1727.0	1949.1299999999999	30101.949999999997	1458.25	1173.35	2626.25
ko:K12553	736.8	279.0	445.6	551.8	504.0	1967.0	29944.449999999997	1419.75	1234.85	2765.75
ko:K12554	537.0	156.0	207.0	578.8	1845.6000000000001	1906.0	29744.55	1547.25	1458.1	4688.65
ko:K12555	4196.47	1434.19	1011.2700000000001	539.3299999999999	3938.06	1884.9199999999998	29325.010000000002	1762.92	1181.85	2764.75
ko:K12556	836.8	272.0	375.6	523.8	1727.0	1949.1299999999999	30101.949999999997	1458.25	1173.35	2626.25
ko:K12567	276.6	29.200000000000003	28.0	520.0	343.6	160.60000000000002	185.4	102.89999999999999	0.0	0.0
ko:K12573	63165.07	13143.3	92760.37999999999	55537.7	44300.29000000001	59155.1	355648.32	60210.42	39595.520000000004	79969.94
ko:K12574	52035.23	13314.61	28762.68	32377.519999999997	19022.19	48880.56999999999	423670.05000000005	40578.85	24868.87	54497.97
ko:K12582	386.72	193.70999999999998	141.0	53.0	1298.86	11.57	1719.79	2196.71	681.4200000000001	1808.9999999999998
ko:K12583	0.0	0.0	35.0	0.0	43.0	10.0	896.0	1.5	0.0	0.0
ko:K12585	27959.46	3338.54	67442.92000000001	35772.68	27302.850000000006	31612.859999999997	85798.16	28008.5	15182.69	29547.27
ko:K12589	0.0	0.0	0.0	0.0	20.0	0.0	0.0	0.0	0.0	0.0
ko:K12658	491.0	48.0	0.0	5.0	1369.25	83.0	817.0	290.0	206.0	140.0
ko:K12660	569.7900000000001	257.37	161.53	137.66	1334.06	552.64	1930.6	2875.9	581.5	751.48
ko:K12661	386.72	193.70999999999998	133.86	50.0	1296.43	11.57	1576.57	2179.14	375.43	130.85
ko:K12678	5433.43	985.21	356.63	314.0	1495.21	139.08999999999997	1937.94	2334.22	2650.41	11424.720000000001
ko:K12679	0.0	0.0	0.0	0.0	0.0	0.0	0.0	2.0	0.0	0.0
ko:K12681	1389.6	73.0	34.0	0.0	46.0	31.0	32.0	20.0	1085.0	3099.0
ko:K12682	5.6	0.0	0.0	0.0	0.0	0.0	0.0	0.0	0.0	0.0
ko:K12683	1389.6	73.0	34.0	0.0	46.0	31.0	32.0	20.0	1085.0	3099.0
ko:K12684	386.43	193.70999999999998	321.86	276.0	1298.86	15.57	2555.0	2185.57	421.43	433.41999999999996
ko:K12685	3817.5	1067.8	1153.83	192.0	1509.45	201.67000000000002	799.17	479.67	1113.0	5223.0
ko:K12686	2.0	0.0	0.0	5.0	1080.25	0.0	0.0	0.0	4.0	0.0
ko:K12687	0.0	0.0	0.0	0.0	0.0	0.0	0.0	4.0	0.0	0.0
ko:K12700	2590.12	1190.6399999999999	415.14	287.0	1380.07	486.60999999999996	3799.0600000000004	2993.25	956.1800000000001	2596.7
ko:K12816	28.0	0.0	0.0	23.0	0.0	0.0	0.0	0.0	0.0	0.0
ko:K12940	5979.13	755.63	3473.25	441.49	650.4	1006.64	3632.52	874.1700000000001	3580.15	12490.630000000001
ko:K12941	3444.76	1601.33	1651.0	3146.66	1062.4	2436.92	11672.369999999999	3268.08	1748.05	4579.48
ko:K12942	19278.13	2204.45	4102.39	34616.79	17237.149999999998	27445.730000000003	181439.9	18298.83	9816.81	22729.5
ko:K12943	781.44	387.41999999999996	284.0	116.0	4777.22	23.14	3442.58	4479.42	1413.8400000000001	3617.9999999999995
ko:K12944	1247.72	602.04	281.0	361.0	1769.86	2426.9	28659.62	4913.05	1966.94	3780.33
ko:K12945	386.72	193.70999999999998	141.0	53.0	1298.86	11.57	1719.79	2196.71	681.4200000000001	1808.9999999999998
ko:K12950	28508.190000000002	8234.72	16013.579999999998	23404.489999999998	6485.02	13925.740000000002	59644.119999999995	13435.12	15004.3	28980.300000000003
ko:K12952	23603.04	8159.83	10921.310000000001	19545.079999999998	10082.74	11182.97	81247.26999999999	10299.68	12851.68	29175.12
ko:K12953	0.0	0.0	0.0	0.0	0.0	0.0	0.0	3.0	0.0	0.0
ko:K12954	0.0	1.33	106.67	6.67	28.67	11.0	77.67	64.67	4.0	19.0
ko:K12955	1276.01	395.71	246.0	195.0	2739.11	170.57	3486.79	2526.21	858.4200000000001	1950.4299999999998
ko:K12957	390.72	196.70999999999998	143.0	53.0	1599.86	11.57	2587.79	2286.71	728.42	1808.9999999999998
ko:K12960	27304.32	7630.58	14260.26	11574.53	17397.74	37047.51	320943.93000000005	36578.74	17670.47	36091.63
ko:K12961	775.44	387.41999999999996	282.0	111.0	3677.97	23.14	3439.58	4393.42	1366.8400000000001	3617.9999999999995
ko:K12962	2005.72	303.71	34053.0	778.0	2467.11	2704.13	2197.46	2310.71	614.4200000000001	1849.9999999999998
ko:K12963	388.72	193.70999999999998	141.0	58.0	2379.11	11.57	1719.79	2196.71	577.4200000000001	1808.9999999999998
ko:K12972	4495.68	1071.36	2680.67	4318.82	2899.8599999999997	2250.74	11524.29	5440.21	2372.59	5573.43
ko:K12973	4770.719999999999	362.21	221.83	139.0	1440.69	83.08000000000001	1759.4599999999998	2750.55	1245.42	4388.43
ko:K12974	860.44	390.41999999999996	282.0	111.0	3680.97	23.14	3447.08	4389.42	1263.8400000000001	3617.9999999999995
ko:K12975	773.44	387.41999999999996	282.0	106.0	2597.72	23.14	3439.58	4389.42	1362.8400000000001	3617.9999999999995
ko:K12976	1438.5	192.0	213.0	5.0	2261.25	427.5	1877.0	608.0	182.0	140.0
ko:K12977	229.0	142.0	105.0	90.0	8.0	46.0	1029.0	40.0	70.0	63.0
ko:K12979	4.0	3.0	0.0	10.0	2348.5	0.0	7.0	87.0	79.0	0.0
ko:K12981	386.72	193.70999999999998	133.86	50.0	1486.86	11.57	1582.0	2193.57	419.43	130.85
ko:K12982	0.0	0.0	985.83	93.0	97.0	31.0	58.0	261.5	5.0	0.0
ko:K12983	0.0	0.0	0.0	0.0	0.0	0.0	0.0	4.0	0.0	0.0
ko:K12984	203.29	17.0	1052.6599999999999	217.0	139.82999999999998	95.84	232.5	296.17	147.0	1.43
ko:K12985	386.43	193.70999999999998	141.0	53.0	1298.86	11.57	1719.29	2192.71	573.4200000000001	1807.57
ko:K12987	4.0	0.0	0.0	10.0	2160.5	0.0	0.0	0.0	0.0	0.0
ko:K12988	9.0	1.0	0.0	10.0	2178.0	0.0	25.0	18.0	4.0	0.0
ko:K12990	9671.6	2493.2	1498.0	5295.0	1604.6	4245.6	23092.4	1577.4	4188.0	15549.0
ko:K12991	0.0	0.0	1124.0	0.0	0.0	0.0	0.0	0.0	0.0	0.0
ko:K12992	9869.54	2904.33	6492.6	3794.56	2382.95	1552.1	14246.75	2126.15	3385.05	11239.15
ko:K12993	2.0	0.0	0.0	5.0	1080.25	0.0	0.0	0.0	0.0	0.0
ko:K12994	111.0	12.0	0.0	5.0	1080.25	33.0	27.0	98.0	0.0	1.43
ko:K12995	627.19	213.5	286.0	1890.0	1133.95	3036.4	5917.6	1731.5	128.4	548.63
ko:K12996	1897.0	192.0	1832.0	860.0	990.0	3785.0	59482.5	2768.5	2327.6	6403.5
ko:K12997	1934.0	286.0	1885.0	876.0	553.0	2236.0	34002.25	1831.75	2016.6	4385.75
ko:K12998	0.0	0.0	0.0	0.0	0.0	0.0	0.0	0.0	5.6	11.0
ko:K12999	2353.0	468.0	444.0	466.0	491.0	1923.0	29285.25	1352.75	1185.6	2756.75
ko:K13002	2374.12	1109.65	34090.6	1156.59	4801.95	9247.41	8553.52	2489.04	5015.16	5907.2
ko:K13004	20.0	4.0	6522.0	0.0	19.0	0.0	30.0	106.0	58.0	28.0
ko:K13005	18.5	0.0	0.0	0.0	0.0	0.0	0.0	0.0	0.0	0.0
ko:K13006	0.0	0.0	0.0	0.0	0.0	0.0	6.0	0.0	0.0	0.0
ko:K13007	50.0	0.0	0.0	11.0	1090.25	24.0	15.0	10.0	4.0	0.0
ko:K13009	664.33	312.33	291.5	70.0	2860.0	658.33	1506.33	1737.3400000000001	984.67	240.33
ko:K13010	12706.579999999998	5029.58	8767.26	10622.19	2909.28	8689.9	45485.990000000005	7533.25	11723.55	16955.84
ko:K13012	19391.059999999998	7264.2300000000005	11706.4	17385.39	3295.8	5585.21	51907.12	7375.54	9780.84	25322.06
ko:K13014	388.72	193.70999999999998	141.0	58.0	2379.11	11.57	1719.79	2196.71	577.4200000000001	1808.9999999999998
ko:K13015	23192.370000000003	1947.3600000000001	4047.84	8740.33	21700.07	17987.16	45608.24	14185.469999999998	9388.0	20624.0
ko:K13016	3596.7	442.9	622.0	1453.5	2319.7	1849.1999999999998	7522.6	3738.8	535.0	2453.0
ko:K13017	4355.33	227.0	94.5	61.0	70.0	105.0	4498.0	880.0	1198.0	6792.0
ko:K13018	4023.0899999999997	501.7	1025.83	1048.5	2206.1	1861.6	8676.2	4032.4	599.0	2687.0
ko:K13019	136.93	17.200000000000003	59.5	582.0	383.6	268.17	1357.4	314.9	337.0	473.0
ko:K13020	185.32999999999998	51.13	111.83	45.16	221.2	77.5	1080.0	285.0	68.0	157.0
ko:K13021	0.0	3.0	0.0	0.0	4.0	0.0	7.0	0.0	5.0	0.0
ko:K13028	0.0	0.0	0.0	0.0	4.0	0.0	7.0	0.0	0.0	0.0
ko:K13037	0.0	0.0	0.0	34.0	0.0	0.0	0.0	0.0	0.0	0.0
ko:K13038	64158.100000000006	14234.81	88112.02	60913.31	38914.740000000005	57448.520000000004	337396.69	57962.43	34883.85	69396.59
ko:K13039	0.0	0.0	0.0	0.0	20.0	0.0	0.0	0.0	0.0	0.0
ko:K13040	14108.0	1142.0	480.49	258.0	477.49	468.87	1317.85	358.86	5352.0	24531.43
ko:K13041	1461.0	124.5	80.83	86.0	144.82999999999998	71.51	48.67	42.84	540.0	2454.4300000000003
ko:K13043	24442.03	2535.84	67039.92000000001	33583.68	23074.75	29278.260000000002	52277.76	18698.1	13317.69	25839.27
ko:K13049	12611.66	5817.01	2087.33	3692.0	1381.1699999999998	2776.0	27139.75	5490.33	5600.0	16308.0
ko:K13051	4294.4	1441.1299999999999	789.64	1817.6799999999998	4499.72	2540.6099999999997	11511.35	5726.82	3915.7200000000003	7029.67
ko:K13052	16474.02	5329.58	10244.130000000001	14214.19	7781.469999999999	37003.28999999999	315419.02999999997	23958.589999999997	12029.349999999999	25085.22
ko:K13053	390.72	193.70999999999998	141.0	63.0	3459.359999999999	11.57	1719.79	2196.71	689.4200000000001	1808.9999999999998
ko:K13057	0.0	0.0	0.0	0.0	63.0	0.0	18.0	9.0	4.0	27.0
ko:K13059	30.5	15.0	2.0	63.75	239.5	7.75	650.0	234.5	48.25	553.0
ko:K13060	2.0	0.0	0.0	5.0	1080.25	0.0	0.0	0.0	0.0	0.0
ko:K13061	4.0	0.0	0.0	10.0	2160.5	0.0	7.0	0.0	0.0	0.0
ko:K13063	4.0	0.0	0.0	10.0	2160.5	0.0	0.0	3.0	0.0	0.0
ko:K13069	6999.87	1235.13	4200.86	2731.0	6326.97	2623.71	10504.220000000001	10199.130000000001	4213.6	7608.42
ko:K13074	0.0	0.0	0.0	0.0	42.0	20.0	76.0	0.0	0.0	0.0
ko:K13075	4324.14	1796.12	4917.34	4557.12	178.60000000000002	3942.14	6849.2	2452.16	3214.1400000000003	4396.4
ko:K13085	0.0	0.0	0.0	0.0	0.0	0.0	0.0	0.0	275.0	323.0
ko:K13101	22.0	12.0	0.0	0.0	6.0	0.0	9.0	2.0	0.0	0.0
ko:K13117	0.0	0.0	0.0	0.0	0.0	0.0	0.0	4.0	0.0	0.0
ko:K13243	390.43	193.70999999999998	135.86	50.0	1409.43	11.57	1598.57	2352.14	475.43000000000006	136.42
ko:K13244	772.86	387.41999999999996	267.72	100.0	2595.29	23.14	3159.0699999999997	4372.71	779.86	258.84
ko:K13246	0.0	0.0	0.0	0.0	0.0	0.0	0.0	0.0	8.0	0.0
ko:K13252	1209.5	386.67	398.0	495.0	1386.58	163.32999999999998	12683.0	874.1700000000001	876.6	4403.0
ko:K13255	386.72	193.70999999999998	141.0	53.0	1298.86	11.57	1726.79	2196.71	681.4200000000001	1808.9999999999998
ko:K13256	1607.2199999999998	267.21	1240.9099999999999	283.33	2445.94	131.7	2567.21	2768.5499999999997	1306.6699999999998	4275.5
ko:K13273	157.0	0.0	280.0	0.0	0.0	0.0	0.0	0.0	0.0	84.0
ko:K13274	1706.17	215.42000000000002	271.33	1184.67	1144.0	48.56	1163.17	109.17	290.0	846.0
ko:K13275	71.0	3.73	13.14	345.0	661.4100000000001	30.330000000000002	265.5	105.14	67.36	106.07
ko:K13276	2160.0	165.0	552.0	1682.67	168.0	39.57	250.0	146.67000000000002	217.0	719.0
ko:K13277	2515.0	211.93	947.8399999999999	2210.0	221.21	189.21	963.5	292.14	317.36	907.07
ko:K13280	10307.72	2587.31	3563.43	8979.97	4866.07	3012.0699999999997	15479.560000000001	3300.9700000000003	2259.0	5745.0
ko:K13281	289.5	38.93	66.14	415.0	1197.1	122.9	2502.07	279.91999999999996	75.36	118.07
ko:K13282	206.82999999999998	13.55	157.0	102.0	801.09	161.56	4662.57	156.78	37.0	216.0
ko:K13283	4084.72	357.71	229.0	105.0	2671.11	94.57	2531.79	2997.71	1209.42	3377.0
ko:K13288	2021.9699999999998	378.53999999999996	1320.58	425.17	4098.71	153.82999999999998	5709.08	3580.4699999999993	1581.9199999999998	5697.4
ko:K13292	63276.920000000006	17078.4	31489.89	32176.98	24049.879999999997	64368.299999999996	474176.18999999994	38758.88	26060.0	55962.67
ko:K13300	0.0	0.0	0.0	68.0	1252.0	8.26	30.0	0.0	0.0	0.0
ko:K13301	386.72	193.70999999999998	141.0	53.0	1298.86	11.57	1719.79	2196.71	681.4200000000001	1808.9999999999998
ko:K13312	0.0	0.0	0.0	0.0	18.0	0.0	0.0	0.0	0.0	0.0
ko:K13315	0.0	0.0	0.0	0.0	21.0	10.0	38.0	3.0	0.0	0.0
ko:K13316	0.0	0.0	0.0	0.0	18.0	0.0	0.0	0.0	0.0	0.0
ko:K13327	5594.0	130.0	292.0	2300.0	34.8	112.0	72.4	145.9	510.0	6954.0
ko:K13328	18.5	0.0	0.0	0.0	0.0	0.0	0.0	1.5	0.0	0.0
ko:K13371	0.0	0.0	0.0	0.0	0.0	0.0	7.0	0.0	0.0	0.0
ko:K13372	0.0	0.0	0.0	0.0	0.0	0.0	7.0	0.0	0.0	0.0
ko:K13378	23864.85	2627.7499999999995	66499.42000000001	33851.68	26087.46	28302.429999999997	48838.65	19251.21	14096.11	27800.27
ko:K13380	18.0	0.0	0.0	47.0	9.0	0.0	0.0	5.0	0.0	6.0
ko:K13381	0.0	0.0	0.0	0.0	0.0	0.0	2.4	0.0	0.0	0.0
ko:K13408	2.29	0.0	0.0	5.0	1080.25	0.0	7.0	0.0	29.0	1.43
ko:K13409	2.58	0.0	0.0	5.0	1080.25	0.0	7.5	0.0	166.0	2.86
ko:K13419	0.0	0.0	0.0	0.0	0.0	0.0	0.0	1.5	0.0	0.0
ko:K13421	28182.46	3419.54	67191.92000000001	35855.68	26747.850000000006	31855.859999999997	86560.16	28266.5	15191.69	29586.27
ko:K13479	8963.86	3980.7799999999997	3263.53	4126.33	6731.4	3129.0099999999998	10863.47	8053.389999999999	2141.95	4448.47
ko:K13480	386.43	193.70999999999998	133.86	50.0	1296.43	11.57	1576.57	2181.14	375.43	129.42
ko:K13481	14.6	3.0	20.0	43.0	1099.25	33.0	141.0	12.0	117.0	0.0
ko:K13482	10.0	3.0	20.0	43.0	1099.25	33.0	143.5	12.0	117.0	0.0
ko:K13483	58.6	40.0	13.0	17.0	1373.05	66.6	42.4	220.0	472.6	527.8
ko:K13485	1.0	0.0	0.0	0.0	102.0	3.56	9.5	0.0	10.0	0.0
ko:K13486	2287.5	713.8299999999999	70.0	1449.5	5380.75	2190.33	31730.83	8975.84	2659.67	3417.33
ko:K13487	57.5	3.0	0.0	5.0	1174.25	0.0	7.0	0.0	9.0	0.0
ko:K13488	20.5	3.0	0.0	5.0	1174.25	0.0	7.0	0.0	9.0	0.0
ko:K13489	20.5	3.0	0.0	5.0	1174.25	0.0	7.0	0.0	9.0	0.0
ko:K13490	20.5	3.0	0.0	5.0	1174.25	0.0	7.0	0.0	9.0	0.0
ko:K13491	20.5	3.0	0.0	5.0	1174.25	0.0	7.0	0.0	4.0	0.0
ko:K13497	34612.61	6787.58	72984.0	50491.06	26341.160000000003	37073.939999999995	106707.25	25965.520000000004	22465.26	39959.15
ko:K13498	4224.02	834.01	3064.68	636.53	2285.06	303.4	5016.54	2936.6099999999997	1314.5700000000002	2709.2
ko:K13503	1661.22	632.04	229.0	158.0	2692.11	678.9000000000001	3989.12	4118.05	2099.09	2447.33
ko:K13522	0.0	0.0	0.0	0.0	0.0	0.0	7.0	0.0	5.0	0.0
ko:K13525	267.5	41.0	60.0	63.75	303.5	7.75	647.0	237.5	48.25	553.0
ko:K13527	1266.75	112.33	75.92	124.42	1306.9699999999998	63.0	2419.02	862.4200000000001	702.25	3295.2
ko:K13529	1507.62	653.1099999999999	385.6	210.8	2947.51	270.57	4008.5899999999997	2994.01	1570.42	5021.0
ko:K13530	57.0	9.0	0.0	38.0	527.0	0.0	25.0	10.0	0.0	0.0
ko:K13531	8752.8	2733.66	5729.77	6280.66	1877.0	3855.7999999999997	19195.6	2388.33	4091.67	9562.0
ko:K13532	0.0	0.0	0.0	34.0	626.0	0.0	0.0	0.0	0.0	0.0
ko:K13533	0.0	0.0	2.5	34.0	1153.0	11.25	0.0	0.0	0.0	0.0
ko:K13540	2.0	0.0	0.0	5.0	1123.25	10.0	38.0	1.5	4.0	0.0
ko:K13541	1462.63	262.71	1821.8600000000001	605.6	2413.68	45.769999999999996	3031.7699999999995	2284.44	507.23	600.22
ko:K13542	24041.54	6141.54	57372.09	30642.489999999998	6076.65	27295.87	204994.35	23396.710000000003	17662.23	25337.199999999997
ko:K13543	4472.549999999999	1062.71	5040.5	4541.0	2667.11	3024.5699999999997	8394.789999999999	3613.71	4120.42	7259.0
ko:K13566	33689.61	4176.8	4580.58	41557.14	30672.160000000003	37086.29	266693.3	43188.880000000005	17008.46	34760.27
ko:K13570	52.75	38.0	40.25	103.75	1258.3	21.0	2143.35	740.75	137.25	728.2
ko:K13571	52.75	39.33	41.92	124.42	1260.9699999999998	32.0	2387.02	842.4200000000001	167.25	842.2
ko:K13572	77.5	6.0600000000000005	62.81	10.67	363.58000000000004	25.64	1334.17	137.31	44.36	93.07
ko:K13573	39.0	2.66	91.34	27.34	281.34	52.0	2295.34	205.34	53.0	187.0
ko:K13574	773.44	387.41999999999996	321.69000000000005	189.0	2597.12	44.980000000000004	3305.36	4393.0199999999995	977.85	1939.85
ko:K13580	2.0	0.0	0.0	5.0	1098.25	0.0	7.0	0.0	4.0	0.0
ko:K13581	2945.0	41.0	0.0	0.0	0.0	0.0	0.0	511.0	0.0	125.0
ko:K13582	2153.41	877.8299999999999	213.5	7430.5	3617.5	17934.33	89744.33	3797.34	1647.67	2599.83
ko:K13583	2945.0	41.0	0.0	0.0	0.0	0.0	0.0	511.0	0.0	942.0
ko:K13584	2945.0	41.0	0.0	0.0	0.0	0.0	0.0	511.0	0.0	942.0
ko:K13587	2945.0	41.0	0.0	0.0	0.0	0.0	0.0	511.0	0.0	942.0
ko:K13588	2945.0	41.0	0.0	0.0	0.0	0.0	0.0	511.0	0.0	942.0
ko:K13590	88.0	3.0	0.0	5.0	1080.25	0.0	2.5	0.0	9.0	0.0
ko:K13598	565.33	55.0	89.5	0.0	301.0	83.0	813.0	295.0	249.0	309.0
ko:K13599	1297.0	122.0	178.2	0.0	602.0	166.0	1624.0	590.0	498.0	618.0
ko:K13607	236.0	43.0	26.0	55.0	19.0	238.0	128.0	325.5	13.5	173.0
ko:K13609	2.0	0.0	0.0	5.0	1080.25	0.0	7.0	4.0	33.0	0.0
ko:K13611	489.0	48.0	0.0	209.0	289.0	83.0	810.0	290.0	173.0	140.0
ko:K13612	0.0	0.0	0.0	34.0	12.0	0.0	966.0	87.0	0.0	0.0
ko:K13613	0.0	0.0	0.0	102.0	12.0	0.0	966.0	87.0	0.0	0.0
ko:K13614	0.0	0.0	0.0	68.0	0.0	0.0	0.0	0.0	4.0	0.0
ko:K13615	0.0	0.0	0.0	34.0	0.0	0.0	0.0	0.0	0.0	0.0
ko:K13620	386.43	193.70999999999998	141.0	53.0	1298.86	11.57	1719.79	2196.71	652.4200000000001	1807.57
ko:K13626	7018.77	1079.71	12643.59	9372.66	1096.4	5097.67	16904.1	2471.12	8850.560000000001	14028.87
ko:K13628	3494.4399999999996	622.23	1478.4699999999998	701.47	6401.77	582.4200000000001	12005.09	6122.349999999999	2423.7	6622.57
ko:K13629	0.29	0.0	0.0	0.0	0.0	0.0	0.5	2.0	29.0	1.43
ko:K13630	386.72	193.70999999999998	141.0	53.0	1298.86	11.57	1719.79	2196.71	681.4200000000001	1808.9999999999998
ko:K13631	386.72	193.70999999999998	141.0	53.0	1298.86	11.57	1719.79	2196.71	681.4200000000001	1808.9999999999998
ko:K13632	386.72	193.70999999999998	141.0	53.0	1298.86	11.57	1719.79	2196.71	681.4200000000001	1808.9999999999998
ko:K13633	2.29	0.0	7.140000000000001	8.0	1137.25	0.0	637.79	204.14	305.99	1794.5800000000002
ko:K13634	865.44	390.41999999999996	1269.83	204.0	3793.97	54.14	3510.08	4744.92	1423.8400000000001	3617.9999999999995
ko:K13635	391.72	196.70999999999998	143.0	53.0	1411.86	11.57	1739.29	2286.71	733.42	1808.9999999999998
ko:K13636	546.29	55.0	88.0	0.0	292.0	83.0	812.5	294.0	661.0	627.4300000000001
ko:K13637	773.1500000000001	387.41999999999996	274.86	103.0	2595.29	23.14	3296.36	4375.849999999999	1027.8500000000001	1941.28
ko:K13638	934.7100000000002	607.17	275.83	372.67	1750.73	142.24	1979.79	2949.38	743.4200000000001	1989.9999999999998
ko:K13639	409.72	196.51	143.0	58.0	2447.31	21.57	1767.79	2206.71	700.42	1808.9999999999998
ko:K13640	1554.74	919.9200000000001	349.75	575.09	5062.540000000001	740.0	8900.85	3704.9300000000003	1745.92	5100.53
ko:K13641	3240.62	594.01	738.0	537.5	3073.76	1664.5300000000002	9175.189999999999	6007.71	731.82	1873.1999999999998
ko:K13643	3288.22	705.71	1755.9099999999999	568.3299999999999	3087.9400000000005	378.58	7702.209999999999	3171.0499999999997	2515.17	9311.0
ko:K13650	386.43	193.70999999999998	141.0	53.0	1298.86	11.57	1719.79	2196.71	681.4200000000001	1807.57
ko:K13651	978.0	96.0	0.0	0.0	578.0	166.0	1627.0	580.0	350.0	280.0
ko:K13652	35411.54	3239.8199999999997	3026.46	15260.5	28227.39	12997.94	47349.159999999996	17526.0	16653.1	43492.4
ko:K13653	16614.44	4293.73	15515.15	8601.17	6120.2	5644.79	45179.45	9047.94	11331.469999999998	32589.7
ko:K13654	386.43	193.70999999999998	141.0	53.0	1298.86	11.57	1719.79	2196.71	652.4200000000001	1807.57
ko:K13655	978.0	96.0	0.0	0.0	578.0	166.0	1651.0	674.0	350.0	280.0
ko:K13660	0.0	3.0	0.0	0.0	0.0	0.0	0.0	0.0	0.0	0.0
ko:K13663	1061.0	185.0	33896.0	51.0	853.0	2662.17	1675.17	420.67	20.0	191.0
ko:K13665	47.0	18.0	0.0	0.0	4.0	0.0	0.0	0.0	0.0	0.0
ko:K13668	23258.53	2381.84	66984.92000000001	33387.68	20724.25	29234.260000000002	51608.26	18475.100000000002	8309.69	16965.27
ko:K13669	0.0	0.0	0.0	0.0	25.0	10.0	38.0	0.0	0.0	0.0
ko:K13671	0.0	0.0	0.0	28.0	65.0	10.0	914.0	16.5	10.0	27.0
ko:K13677	1353.14	397.99	1476.94	3056.3199999999997	1213.0	2953.6699999999996	30941.520000000004	2511.41	1748.52	3946.08
ko:K13678	514.0	14.0	62.0	72.0	96.0	227.0	903.0	151.0	132.25	198.0
ko:K13683	386.43	193.70999999999998	141.0	53.0	1298.86	11.57	1719.79	2196.71	652.4200000000001	1807.57
ko:K13684	386.43	193.70999999999998	141.0	53.0	1298.86	11.57	1719.79	2196.71	652.4200000000001	1807.57
ko:K13686	0.0	0.0	0.0	0.0	22.0	0.0	0.0	0.0	0.0	0.0
ko:K13687	0.0	0.0	0.0	0.0	22.0	0.0	0.0	0.0	0.0	0.0
ko:K13688	92.0	3.0	20.0	38.0	21.0	33.0	134.0	12.0	0.0	0.0
ko:K13693	0.0	3.0	0.0	0.0	62.0	20.0	76.0	1.5	0.0	0.0
ko:K13694	20434.22	2578.71	3243.83	34310.59999999999	22474.019999999997	18091.32	47832.17	14197.59	10093.93	21168.469999999998
ko:K13695	5125.360000000001	607.66	7955.58	11549.25	4602.46	5028.92	16746.190000000002	11194.61	715.4200000000001	1816.4299999999998
ko:K13713	1188.88	417.21	325.5	7391.5	2767.6100000000006	205.57	2853.79	2741.71	1051.42	2397.5
ko:K13714	1347.67	151.66	2231.67	5308.46	487.0	878.6700000000001	715.5999999999999	598.3299999999999	513.27	950.0
ko:K13715	0.0	0.0	0.0	7.8	0.0	0.0	0.0	0.0	0.0	0.0
ko:K13727	0.29	0.0	14.14	64.0	4.0	3.56	442.79	156.14	223.99	1682.5800000000002
ko:K13730	3058.5	658.5	1550.5	487.17	2742.7	426.97	5163.1	2872.67	225.4	654.2
ko:K13731	1373.67	150.66	2232.67	5300.66	589.0	885.24	888.5	602.8299999999999	519.77	959.5
ko:K13732	184.0	0.0	0.0	145.8	471.0	0.0	25483.0	419.0	379.0	1804.0
ko:K13733	232.0	18.0	184.0	390.2	471.0	397.0	25645.6	733.0	390.4	1884.0
ko:K13735	4628.71	1228.84	783.97	922.0	8876.939999999999	1126.28	12316.58	11809.559999999998	7283.2	12915.409999999998
ko:K13745	1330.29	919.0	82.0	56.0	65.0	95.56	586.5	295.0	210.0	348.43
ko:K13746	80.0	0.0	0.0	0.0	0.0	79.0	12.0	30.0	4.0	56.0
ko:K13747	49607.47	10660.33	78403.0	54631.68	31179.569999999996	42665.59	125487.69	37096.47	29405.739999999998	53310.45
ko:K13766	11.0	3.0	20.0	43.0	1211.25	43.0	191.0	15.0	24.0	0.0
ko:K13767	40.0	0.0	16.2	41.0	1188.0	60.69	2129.0	401.0	26.0	54.0
ko:K13770	89.0	7.05	0.0	34.0	657.2	7.69	23.5	10.5	0.0	6.0
ko:K13771	935.72	346.14	342.97	238.0	2114.79	144.85	4043.3599999999997	2637.9700000000003	741.78	1820.07
ko:K13774	2.0	0.0	0.0	5.0	1174.25	0.0	0.0	0.0	24.0	0.0
ko:K13775	2.0	0.0	0.0	5.0	1080.25	0.0	0.0	0.0	15.0	0.0
ko:K13776	6.0	0.0	2.0	5.0	1099.25	0.0	3.0	90.0	51.0	0.0
ko:K13777	4.0	0.0	0.0	10.0	2160.5	0.0	0.0	0.0	24.0	0.0
ko:K13778	2.0	0.0	0.0	5.0	1080.25	0.0	0.0	0.0	24.0	0.0
ko:K13779	2.0	0.0	0.0	5.0	1080.25	25.0	0.0	30.0	19.0	24.0
ko:K13787	480.75	184.32999999999998	201.92000000000002	202.42000000000002	1554.4699999999998	50.0	7094.52	1223.42	782.25	4913.2
ko:K13788	25023.860000000004	2944.79	68572.03	33961.1	27216.79	29223.5	56531.47	23852.2	10157.79	21315.32
ko:K13789	73486.91	16564.63	95318.22000000002	67023.53	46416.3	77782.43	462982.15	64199.91	39932.69	77499.94
ko:K13791	0.0	0.0	0.0	0.0	0.0	0.0	0.0	0.0	8.0	0.0
ko:K13794	0.29	0.0	0.0	27.0	188.0	0.0	0.0	0.0	7.0	0.0
ko:K13795	17.29	2.8	0.0	0.0	114.2	0.0	0.0	0.0	0.0	0.0
ko:K13796	5860.29	500.8	276.49	258.0	402.69	231.85999999999999	202.84	166.85	2148.0	9819.0
ko:K13797	0.0	0.0	0.0	0.0	1.0	0.0	0.0	0.0	2.0	0.0
ko:K13798	0.0	0.0	0.0	0.0	20.0	0.0	0.0	0.0	0.0	0.0
ko:K13799	420.33	154.0	116.5	107.0	20.0	120.0	892.0	147.0	62.0	150.0
ko:K13810	8764.2	2574.2	6160.25	6310.5	1405.6000000000001	4638.0	15846.6	2508.2	4626.4	5788.6
ko:K13811	223.0	68.0	0.0	47.0	9.0	0.0	0.0	5.0	275.0	329.0
ko:K13812	0.0	0.0	0.0	0.0	20.0	0.0	0.0	0.0	0.0	0.0
ko:K13816	0.0	0.0	0.0	0.0	94.0	0.0	7.5	0.0	108.0	0.0
ko:K13818	9198.019999999999	1427.46	5978.650000000001	4025.2	2808.6400000000003	3600.0699999999997	17151.64	6537.089999999999	3954.15	8037.349999999999
ko:K13819	1339.0	280.0	575.0	143.0	322.0	193.0	1663.0	491.0	526.0	779.0
ko:K13820	8166.6	1173.96	12785.09	9313.66	439.4	5098.04	16861.6	2456.62	8852.060000000001	14028.37
ko:K13821	11725.099999999999	1946.06	1226.17	4338.599999999999	11106.03	9045.079999999998	22226.78	9099.42	5321.38	13441.199999999999
ko:K13829	15452.52	3801.71	14488.09	10919.75	3546.2300000000005	6199.539999999999	54697.39	6492.43	10337.810000000001	18782.32
ko:K13830	25.0	0.0	0.0	0.0	0.0	0.0	0.0	0.0	0.0	0.0
ko:K13832	236.0	142.0	125.0	128.0	24.0	79.0	977.0	50.0	0.0	0.0
ko:K13853	34.0	1.9300000000000002	8.14	45.8	637.21	9.33	233.1	87.14	0.36	6.07
ko:K13873	0.0	0.0	0.0	0.0	0.0	0.0	7.0	0.0	0.0	0.0
ko:K13874	0.29	3.0	0.0	0.0	25.0	10.0	45.0	1.5	38.0	1.43
ko:K13875	0.0	6.0	0.0	0.0	0.0	0.0	7.0	0.0	4.0	0.0
ko:K13876	0.0	3.0	0.0	0.0	0.0	0.0	14.0	0.0	0.0	0.0
ko:K13877	4.0	3.0	0.0	10.0	2258.5	0.0	14.0	0.0	42.0	0.0
ko:K13888	3422.22	688.01	4394.08	2140.33	3370.3100000000004	11200.63	156181.54	14541.21	2567.17	6127.43
ko:K13889	2495.12	1193.71	529.15	581.0	1747.71	282.16999999999996	3270.89	3010.0600000000004	937.82	2375.2
ko:K13890	2479.12	1186.71	301.83000000000004	197.0	1687.89	165.81	2996.39	2718.88	919.82	2358.2
ko:K13891	2479.12	1186.71	301.83000000000004	216.0	1880.89	295.81000000000006	3039.39	2803.88	933.32	2401.2
ko:K13892	1667.16	632.13	469.83000000000004	245.0	4480.84	139.55	5984.3	6904.73	1948.2599999999998	5570.14
ko:K13893	5211.719999999999	944.37	231.0	169.0	9492.36	1263.23	5463.449999999999	6345.39	2781.7599999999998	3072.66
ko:K13894	3840.72	553.04	143.0	111.0	5272.110000000001	595.9000000000001	3194.12	4429.05	1635.09	2763.33
ko:K13895	3840.72	553.04	143.0	111.0	5272.110000000001	595.9000000000001	3194.12	4429.05	1635.09	2763.33
ko:K13896	5090.17	866.8399999999999	612.83	303.0	6594.5199999999995	151.12	7708.66	9787.01	3038.6800000000003	8325.43
ko:K13912	115.4	1.4	68.6	40.800000000000004	20.4	165.0	858.8	49.8	0.0	0.0
ko:K13918	386.72	193.70999999999998	141.0	53.0	1298.86	11.57	1719.79	2192.71	681.4200000000001	1808.9999999999998
ko:K13919	478.72	207.51	189.86	83.33	1334.06	14.57	1820.25	2245.57	392.43	143.85
ko:K13920	478.72	207.51	189.86	94.33	1338.06	223.57	2120.25	2288.57	567.4300000000001	449.84999999999997
ko:K13921	612.12	361.71	197.86	188.0	1455.06	539.97	2060.6	2543.0699999999997	715.33	1351.0500000000002
ko:K13922	3835.98	1794.17	1680.98	3082.99	2641.89	1411.04	17386.629999999997	5305.33	1919.6499999999999	2996.6800000000003
ko:K13923	386.72	193.70999999999998	133.86	50.0	1298.86	11.57	1582.0	2185.57	375.43	130.85
ko:K13924	4859.0	2419.25	1509.0	2783.0	1184.0	2087.56	17070.0	1771.0	4029.0	8921.0
ko:K13925	139.5	38.0	0.0	162.5	839.0	0.0	1080.5	1525.0	0.0	0.0
ko:K13926	889.72	258.21	133.86	55.0	2476.11	30.240000000000002	1589.6699999999998	2191.24	413.43	130.85
ko:K13927	3780.41	1540.71	1507.0	323.0	1484.06	552.53	2721.39	3121.71	1848.82	6639.0599999999995
ko:K13928	87.29	0.0	7.140000000000001	8.0	1080.25	0.0	137.79	9.14	314.99	1681.0100000000002
ko:K13929	2287.29	443.0	70.14	8.0	1128.25	26.56	144.79	179.14	1087.99	4731.01
ko:K13930	481.3	196.70999999999998	168.14000000000001	99.0	2397.5399999999995	48.13	2004.01	2226.2799999999997	888.41	3491.4400000000005
ko:K13931	578.29	211.0	7.140000000000001	8.0	1083.25	3.56	144.79	21.14	1073.99	4712.58
ko:K13932	1087.12	288.5	44.14	7225.5	1254.75	77.56	360.78999999999996	310.14	1330.99	5135.94
ko:K13933	682.12	106.5	44.14	7225.5	1254.75	74.0	360.78999999999996	298.14	571.99	2101.51
ko:K13934	578.29	211.0	7.140000000000001	8.0	1083.25	3.56	144.79	21.14	1073.99	4714.01
ko:K13935	87.29	0.0	7.140000000000001	8.0	1080.25	3.56	137.79	9.14	314.99	1679.5800000000002
ko:K13936	0.29	0.0	7.140000000000001	3.0	0.0	0.0	137.79	9.14	305.99	1679.5800000000002
ko:K13938	388.72	193.70999999999998	141.0	58.0	2379.11	11.57	1719.79	2196.71	685.4200000000001	1808.9999999999998
ko:K13940	8799.88	2083.73	10322.419999999998	5493.82	2289.3599999999997	5616.87	29037.199999999997	4434.43	7582.509999999999	13350.11
ko:K13941	938.0	135.0	88.0	47.0	301.0	83.0	812.0	295.0	524.0	632.0
ko:K13942	0.0	0.0	0.0	0.0	20.0	0.0	0.0	0.0	0.0	0.0
ko:K13950	1877.0	573.31	409.14	734.8	1144.8000000000002	2562.9700000000003	33739.0	3409.76	2109.28	2881.3999999999996
ko:K13953	893.7199999999999	289.71	355.86	458.47	3925.6800000000003	1890.57	31040.57	3525.81	1608.4300000000003	2688.8500000000004
ko:K13954	10881.470000000001	3057.79	7809.93	12721.46	4723.16	3800.63	17495.76	6049.009999999999	4546.42	7008.5
ko:K13955	0.0	0.0	0.0	34.0	99.0	3.56	0.0	0.0	0.0	0.0
ko:K13963	30084.72	4532.01	61911.770000000004	19621.149999999998	18022.86	19844.41	83186.0	14948.31	10584.619999999999	28494.6
ko:K13967	122.0	27.0	20.0	38.0	28.0	33.0	158.0	153.0	0.0	10.0
ko:K13979	497.72	210.04	142.67	98.67	2578.78	59.129999999999995	2825.96	2385.38	741.4200000000001	1876.0
ko:K13985	0.0	0.0	0.0	0.0	0.0	0.0	0.5	0.0	108.0	0.0
ko:K13990	23813.38	2891.79	3069.5	11153.93	23410.35	18088.78	66776.99	17218.5	15073.69	29253.27
ko:K13991	0.0	0.0	35.0	0.0	0.0	0.0	858.0	1.5	0.0	0.0
ko:K13992	0.0	0.0	0.0	0.0	0.0	0.0	0.0	1.5	0.0	0.0
ko:K13993	93796.73	20501.86	195942.46000000002	76632.34	49020.67	99967.58000000002	461098.41	71077.44	45822.200000000004	92666.55
ko:K13995	0.0	0.0	0.0	0.0	6.0	0.0	7.0	0.0	4.0	0.0
ko:K14026	18.5	0.0	0.0	0.0	0.0	0.0	0.0	0.0	0.0	0.0
ko:K14048	4526.54	1409.9299999999998	745.03	267.0	1938.96	909.64	7074.040000000001	1426.28	903.35	2542.8999999999996
ko:K14051	410.43	221.70999999999998	176.0	87.0	1489.6599999999999	41.57	2608.3900000000003	2796.7099999999996	759.4200000000001	2064.77
ko:K14052	399.01	193.70999999999998	143.0	73.0	5638.860000000001	18.69	1722.79	2286.71	757.42	1810.4299999999998
ko:K14053	0.0	0.0	0.0	0.0	0.0	0.0	0.5	0.0	0.0	0.0
ko:K14054	584.2199999999999	205.70999999999998	421.0	53.0	1304.86	11.57	1728.79	2198.71	681.4200000000001	1892.9999999999998
ko:K14055	390.72	193.70999999999998	1126.83	156.0	3459.359999999999	42.57	1770.79	2456.71	690.4200000000001	1808.9999999999998
ko:K14056	2.29	0.0	0.0	5.0	1080.25	0.0	56.0	61.0	33.0	1.43
ko:K14057	389.01	193.70999999999998	141.0	58.0	2379.11	11.57	1720.29	2196.71	847.4200000000001	1808.9999999999998
ko:K14058	22627.43	2761.5	46332.83	33224.93	21546.79	23635.69	46999.62	16422.05	10109.11	21852.27
ko:K14059	14150.05	7415.570000000001	5142.64	9057.0	3306.85	6579.849999999999	57955.07	6556.42	12064.15	28620.989999999998
ko:K14060	517.22	207.70999999999998	141.0	53.0	1298.86	44.57	1742.29	2294.71	1094.42	2456.43
ko:K14061	386.72	193.70999999999998	141.0	53.0	1298.86	11.57	1719.79	2192.71	681.4200000000001	1808.9999999999998
ko:K14062	1933.89	968.55	712.1400000000001	268.0	6496.73	57.85	8742.169999999998	10997.119999999999	3410.09	10724.58
ko:K14063	0.29	0.0	0.0	0.0	0.0	0.0	0.5	4.0	29.0	1.43
ko:K14064	386.72	193.70999999999998	141.0	53.0	1298.86	11.57	1719.79	2196.71	681.4200000000001	1808.9999999999998
ko:K14065	386.43	193.70999999999998	133.86	50.0	1296.43	11.57	1576.57	2179.14	375.43	129.42
ko:K14067	6.0	0.0	2.0	5.0	1099.25	0.0	3.0	90.0	51.0	0.0
ko:K14080	1149.0	239.5	363.25	206.32999999999998	360.0	408.5	7720.75	506.25	232.0	267.75
ko:K14081	0.0	0.0	0.0	0.0	20.0	0.0	0.0	0.0	0.0	0.0
ko:K14083	635.6	55.5	4.4	14.0	336.0	83.0	1277.25	360.0	281.0	252.0
ko:K14084	74.6	5.25	4.4	0.0	14.0	0.0	59.5	38.5	32.0	16.0
ko:K14086	1080.56	233.0	226.2	173.0	427.7	305.4	7885.1	1147.5	1111.4	4925.2
ko:K14087	873.83	110.0	152.7	88.0	368.5	255.0	4260.5	911.5	278.0	339.0
ko:K14088	1455.55	416.71	365.7	185.0	1700.36	266.57	9431.289999999999	3261.209999999999	1558.42	6211.999999999999
ko:K14089	2275.83	276.0	180.7	54.0	350.0	250.0	4016.0	738.0	275.0	312.0
ko:K14090	1472.55	419.51	365.7	185.0	1720.56	266.57	9431.289999999999	3261.209999999999	1558.42	6211.999999999999
ko:K14091	2464.0	385.0	126.0	98.0	331.0	136.0	6369.0	867.0	782.0	4250.0
ko:K14092	0.0	0.0	0.0	0.0	20.0	0.0	0.0	0.0	0.0	0.0
ko:K14093	0.0	0.0	0.0	0.0	20.0	0.0	0.0	0.0	0.0	0.0
ko:K14094	0.0	0.0	0.0	0.0	20.0	0.0	0.0	0.0	0.0	0.0
ko:K14095	0.0	0.0	0.0	0.0	20.0	0.0	0.0	0.0	0.0	0.0
ko:K14096	0.0	0.0	0.0	0.0	20.0	0.0	0.0	0.0	0.0	0.0
ko:K14097	0.0	0.0	0.0	0.0	20.0	0.0	0.0	0.0	0.0	0.0
ko:K14098	0.0	0.0	0.0	0.0	20.0	0.0	0.0	0.0	0.0	0.0
ko:K14099	0.0	0.0	0.0	0.0	20.0	0.0	0.0	0.0	0.0	0.0
ko:K14100	0.0	0.0	0.0	0.0	20.0	0.0	0.0	0.0	0.0	0.0
ko:K14101	0.0	0.0	0.0	0.0	20.0	0.0	0.0	0.0	0.0	0.0
ko:K14103	0.0	0.0	0.0	0.0	20.0	0.0	0.0	0.0	0.0	0.0
ko:K14104	0.0	0.0	0.0	0.0	20.0	0.0	0.0	0.0	0.0	0.0
ko:K14105	0.0	0.0	0.0	0.0	20.0	0.0	0.0	0.0	0.0	0.0
ko:K14106	0.0	0.0	0.0	0.0	20.0	0.0	0.0	0.0	0.0	0.0
ko:K14107	0.0	0.0	0.0	0.0	20.0	0.0	0.0	0.0	0.0	0.0
ko:K14108	0.0	0.0	0.0	0.0	20.0	0.0	0.0	0.0	0.0	0.0
ko:K14109	0.0	0.0	0.0	0.0	20.0	0.0	0.0	0.0	0.0	0.0
ko:K14110	0.0	0.0	0.0	0.0	20.0	0.0	0.0	0.0	0.0	0.0
ko:K14111	0.0	0.0	0.0	0.0	20.0	0.0	0.0	0.0	0.0	0.0
ko:K14112	0.0	0.0	0.0	0.0	20.0	0.0	0.0	0.0	0.0	0.0
ko:K14113	0.0	0.0	0.0	0.0	20.0	0.0	0.0	0.0	0.0	0.0
ko:K14114	0.0	0.0	0.0	0.0	20.0	0.0	0.0	0.0	0.0	0.0
ko:K14115	0.0	0.0	0.0	0.0	20.0	0.0	0.0	0.0	0.0	0.0
ko:K14116	0.0	0.0	0.0	0.0	20.0	0.0	0.0	0.0	0.0	0.0
ko:K14117	0.0	0.0	0.0	0.0	20.0	0.0	0.0	0.0	0.0	0.0
ko:K14118	0.0	0.0	0.0	0.0	40.0	0.0	0.0	0.0	0.0	0.0
ko:K14119	0.0	0.0	0.0	0.0	20.0	0.0	0.0	0.0	0.0	0.0
ko:K14120	0.0	0.0	0.0	0.0	20.0	0.0	0.0	0.0	0.0	0.0
ko:K14121	0.0	0.0	0.0	0.0	20.0	0.0	0.0	0.0	0.0	0.0
ko:K14122	0.0	0.0	0.0	0.0	20.0	0.0	0.0	0.0	0.0	0.0
ko:K14123	0.0	0.0	0.0	0.0	20.0	0.0	0.0	0.0	0.0	0.0
ko:K14124	0.0	0.0	0.0	0.0	20.0	0.0	0.0	0.0	0.0	0.0
ko:K14125	0.0	0.0	0.0	0.0	20.0	0.0	0.0	0.0	0.0	0.0
ko:K14126	90.0	2.8	0.0	0.0	58.2	0.0	0.0	10.0	0.0	12.0
ko:K14127	108.0	2.8	0.0	0.0	150.2	0.0	2.0	15.0	0.0	18.0
ko:K14128	561.0	50.8	0.0	0.0	338.2	83.0	810.0	295.0	173.0	146.0
ko:K14136	0.0	0.0	0.0	0.0	22.0	0.0	0.0	0.0	0.0	0.0
ko:K14138	5573.34	1807.5099999999998	675.14	681.16	4254.71	133.14	2261.75	483.64	245.36	916.0699999999999
ko:K14153	7210.799999999999	1538.52	4706.67	4152.46	6647.29	13106.619999999999	163481.39	16853.22	4993.700000000001	9433.1
ko:K14155	87338.53	18598.59	129625.03	83457.33	61867.11	76170.86	367479.93	78339.99	45335.75	92900.81
ko:K14159	638.72	245.20999999999998	143.0	58.0	2398.11	11.57	1722.79	2286.71	732.42	1808.9999999999998
ko:K14160	3.0	3.0	0.0	5.0	1177.25	0.0	9.5	0.0	9.0	0.0
ko:K14161	3.0	4.33	1.67	11.67	1201.92	28.17	1098.3400000000001	95.84	32.0	87.0
ko:K14162	38787.270000000004	11825.33	23759.510000000002	21460.33	12713.869999999999	32553.04	195235.44	18691.879999999997	19760.81	38320.369999999995
ko:K14166	0.0	0.0	0.0	34.0	556.0	10.0	58.6	6.0	3.0	0.0
ko:K14170	43571.439999999995	12268.67	28971.03	31070.57	19296.68	46141.130000000005	379123.49000000005	36181.2	24747.14	53891.33
ko:K14187	1889.7199999999998	439.71	1367.83	452.0	2248.8599999999997	1956.57	28107.79	3854.71	1589.4199999999998	4395.0
ko:K14188	2700.0	344.8	2072.0	1308.47	945.7	1874.0	29592.85	1424.42	2153.85	6387.75
ko:K14189	0.0	0.0	0.0	34.0	0.0	3.56	63.0	138.0	0.0	0.0
ko:K14192	0.0	0.0	0.0	25.6	0.0	0.0	166.0	0.0	40.0	37.0
ko:K14193	0.0	0.0	0.0	7.8	0.0	0.0	7.0	0.0	0.0	0.0
ko:K14194	1322.0	71.0	1489.0	213.2	53.0	126.0	1076.6	95.0	206.0	455.0
ko:K14195	48.0	18.0	206.0	254.4	0.0	397.0	741.0	354.0	11.4	80.0
ko:K14196	0.0	0.0	0.0	7.8	0.0	0.0	0.0	0.0	0.0	0.0
ko:K14197	0.0	0.0	0.0	7.8	0.0	0.0	0.0	0.0	0.0	0.0
ko:K14200	0.0	0.0	0.0	15.6	0.0	0.0	0.0	0.0	0.0	0.0
ko:K14201	0.0	0.0	0.0	7.8	0.0	0.0	0.0	1.5	0.0	0.0
ko:K14204	0.0	0.0	0.0	31.2	0.0	0.0	0.0	0.0	0.0	0.0
ko:K14205	1614.6	261.93	379.34	662.8	2493.46	2161.21	54405.34	2266.14	1406.86	4786.57
ko:K14215	67.75	39.33	89.92	124.42	1438.9699999999998	32.0	3245.02	845.4200000000001	167.25	822.2
ko:K14253	0.0	0.0	0.0	0.0	21.0	10.0	38.0	0.0	0.0	0.0
ko:K14257	0.0	0.0	0.0	0.0	0.0	0.0	7.0	0.0	0.0	0.0
ko:K14259	0.0	0.0	0.0	0.0	0.0	3.56	0.0	0.0	0.0	0.0
ko:K14260	35988.92	5584.32	70714.51	39235.149999999994	34807.14	34916.19	133732.49	34745.020000000004	19960.960000000003	42885.06999999999
ko:K14261	29163.5	3503.55	67313.67000000001	35389.43	31364.41	31221.83	88426.9	30777.059999999998	16882.36	34872.47
ko:K14266	0.0	0.0	0.0	0.0	0.0	0.0	7.0	0.0	0.0	0.0
ko:K14267	1306.0	76.0	71.0	5.0	1303.25	41.0	82.5	114.5	591.0	2453.0
ko:K14268	388.43	193.70999999999998	133.86	55.0	2379.11	11.57	1582.0	2185.57	384.43	129.42
ko:K14274	2280.79	346.5	569.14	565.5	1737.5	5953.56	11955.59	3852.64	433.99	2024.58
ko:K14287	400.72	196.70999999999998	209.83	182.0	2512.94	66.41	1875.79	2319.88	874.42	1808.9999999999998
ko:K14333	0.0	0.0	0.0	0.0	3.0	0.0	0.0	85.0	32.0	1.43
ko:K14335	2.0	0.0	35.0	5.0	1105.25	10.0	903.0	1.5	5.0	0.0
ko:K14337	0.0	0.0	35.0	14.0	65.0	10.0	1754.0	1.5	3.0	0.0
ko:K14338	0.0	0.0	0.0	68.0	0.0	3.56	0.0	1.5	5.0	0.0
ko:K14339	0.0	0.0	35.0	14.0	65.0	10.0	1754.0	1.5	3.0	0.0
ko:K14340	0.0	0.0	0.0	0.0	0.0	0.0	0.0	1.5	0.0	0.0
ko:K14347	915.22	512.04	178.0	125.0	5468.110000000001	595.9000000000001	4069.62	3927.05	1746.09	1828.33
ko:K14348	777.1500000000001	387.41999999999996	276.86	103.0	2614.29	23.14	3299.36	4465.85	1088.8500000000001	1938.4199999999998
ko:K14358	31.0	0.0	14.0	7.0	35.0	78.0	2127.0	431.0	16.0	77.0
ko:K14367	0.0	0.0	0.0	0.0	0.0	0.0	0.0	1.5	0.0	0.0
ko:K14368	0.0	0.0	0.0	0.0	0.0	0.0	0.0	1.5	0.0	0.0
ko:K14375	0.0	0.0	0.0	0.0	0.0	0.0	0.0	1.5	0.0	0.0
ko:K14379	15769.279999999999	1373.99	59142.670000000006	31115.43	15018.150000000001	24529.41	34637.96	9177.3	6261.29	14281.87
ko:K14387	169.0	12.0	0.0	0.0	0.0	3.56	0.0	0.0	0.0	0.0
ko:K14392	4571.66	1122.71	4289.33	440.33	1839.19	1020.0799999999999	5153.3	3568.55	3493.92	11613.83
ko:K14393	504.7200000000001	199.51	163.0	130.0	3278.3100000000004	48.7	1900.29	2301.71	744.42	1808.9999999999998
ko:K14414	2337.7200000000003	366.21	175.0	58.0	2714.11	125.57	2568.29	2502.71	1272.4199999999998	4402.0
ko:K14415	10785.01	1784.92	934.01	3409.4	8348.34	1610.4099999999999	9477.279999999999	6420.82	6698.65	18297.100000000002
ko:K14441	72846.05	16434.13	95852.17	66659.5	44659.94	75814.81	436359.30000000005	63115.43	39370.34	80652.47
ko:K14445	8616.74	1719.11	65491.990000000005	1769.8	6787.699999999999	16324.67	15571.529999999999	6454.15	7700.469999999999	15070.69
ko:K14446	0.0	0.0	0.0	0.0	12.0	0.0	966.0	87.0	0.0	0.0
ko:K14447	0.0	0.0	0.0	0.0	21.0	10.0	38.0	3.0	0.0	0.0
ko:K14459	0.0	0.0	112.0	0.0	0.0	0.0	0.0	0.0	0.0	0.0
ko:K14471	170.0	0.0	0.0	0.0	0.0	0.0	0.0	0.0	0.0	0.0
ko:K14472	170.0	0.0	0.0	0.0	0.0	0.0	0.0	0.0	0.0	0.0
ko:K14475	1079.0	394.3	2820.0	9.0	1108.45	10.0	180.0	262.0	1621.0	6334.0
ko:K14519	0.0	0.0	0.0	0.0	4.0	0.0	0.0	1.5	0.0	0.0
ko:K14520	0.0	0.0	0.0	0.0	25.0	10.0	38.0	0.0	0.0	0.0
ko:K14534	2350.9300000000003	355.46	1618.2	3591.66	1239.5	1946.27	5017.4	1723.7299999999998	961.67	2712.0
ko:K14540	43431.56	12632.050000000001	27832.800000000003	31129.850000000002	14325.34	45527.67	373277.37	31970.359999999997	22184.91	45030.34
ko:K14561	0.0	0.0	0.0	0.0	20.0	0.0	0.0	0.0	0.0	0.0
ko:K14564	0.0	0.0	0.0	0.0	20.0	0.0	0.0	0.0	0.0	0.0
ko:K14574	0.0	0.0	0.0	0.0	20.0	0.0	0.0	0.0	0.0	0.0
ko:K14578	0.0	0.0	0.0	0.0	100.0	0.0	0.0	2.0	0.0	0.0
ko:K14581	2.29	0.0	0.0	5.0	1083.25	0.0	0.0	89.0	76.0	0.0
ko:K14582	0.0	0.0	0.0	0.0	0.0	0.0	0.0	87.0	32.0	0.0
ko:K14584	2.0	3.0	0.0	5.0	1080.25	0.0	0.0	83.0	32.0	0.0
ko:K14587	0.0	0.0	0.0	13.0	0.0	0.0	93.0	0.0	6.0	7.0
ko:K14588	388.72	193.70999999999998	141.0	58.0	2379.11	11.57	1719.79	2196.71	681.4200000000001	1808.9999999999998
ko:K14591	609.7900000000001	243.17	142.67	92.66	1430.26	512.64	2082.39	2702.04	858.49	2355.2
ko:K14596	0.0	0.0	0.0	0.0	0.0	0.0	7.0	0.0	0.0	0.0
ko:K14623	11687.18	1538.3899999999999	57098.1	3846.7299999999996	13972.050000000001	18190.58	33029.09	6103.1	6550.290000000001	12092.87
ko:K14629	0.0	0.0	0.0	0.0	0.0	0.0	0.0	1.5	0.0	0.0
ko:K14645	2361.67	309.92	1940.5	8440.17	343.5	2134.83	2472.84	325.67	504.0	1136.5
ko:K14647	39.0	0.0	50.0	75.0	725.0	52.260000000000005	1715.5	32.5	38.5	220.5
ko:K14652	50483.0	7600.85	82034.62	51783.07	37754.41	54103.71	266948.13	51800.22	30767.12	54535.270000000004
ko:K14653	0.0	0.0	0.0	0.0	20.0	0.0	0.0	0.0	0.0	0.0
ko:K14654	0.0	0.0	0.0	0.0	20.0	0.0	0.0	0.0	0.0	0.0
ko:K14656	0.0	0.0	0.0	0.0	20.0	0.0	0.0	0.0	0.0	0.0
ko:K14659	85.0	0.0	0.0	0.0	0.0	0.0	0.0	0.0	0.0	0.0
ko:K14660	0.0	0.0	0.0	7.8	527.0	0.0	50.6	0.0	0.0	0.0
ko:K14665	2839.0	328.0	2893.34	34.0	817.0	87.57	64.0	82.0	1829.0	7963.0
ko:K14667	0.0	0.0	0.0	0.0	42.0	20.0	76.0	0.0	0.0	0.0
ko:K14668	0.0	0.0	0.0	0.0	42.0	20.0	76.0	0.0	0.0	0.0
ko:K14669	0.0	0.0	0.0	0.0	21.0	10.0	38.0	0.0	0.0	0.0
ko:K14670	0.0	0.0	0.0	0.0	42.0	20.0	76.0	0.0	0.0	0.0
ko:K14671	0.0	0.0	0.0	0.0	42.0	20.0	76.0	0.0	0.0	0.0
ko:K14673	0.0	0.0	0.0	0.0	42.0	20.0	76.0	0.0	0.0	0.0
ko:K14680	0.0	0.0	0.0	0.0	0.0	0.0	0.0	1.5	0.0	0.0
ko:K14681	1164.55	424.21	283.0	7364.5	1478.36	131.57	2778.79	2525.71	938.4200000000001	2229.5
ko:K14682	1000.22	509.03999999999996	143.0	111.0	5357.110000000001	595.9000000000001	3196.62	3919.55	1631.09	1821.33
ko:K14683	0.0	0.0	0.0	0.0	0.0	0.0	0.0	1.5	0.0	0.0
ko:K14696	18.0	0.0	0.0	0.0	9.0	0.0	0.0	5.0	0.0	6.0
ko:K14698	0.0	0.0	0.0	0.0	0.0	0.0	0.0	0.0	0.0	20.0
ko:K14727	2.0	0.0	0.0	5.0	1084.25	0.0	24.0	95.5	19.0	0.0
ko:K14728	0.0	0.0	0.0	0.0	21.0	10.0	38.0	0.0	0.0	0.0
ko:K14731	9317.27	2986.0699999999997	10286.92	6327.17	1718.6	4764.4	28927.87	4076.87	7100.3	19889.8
ko:K14742	77528.93	16460.13	96376.01999999999	67371.06	45040.240000000005	77279.12	463792.36	63758.689999999995	39317.270000000004	82891.84
ko:K14743	0.0	1.33	1.67	20.67	24.67	11.0	225.67000000000002	106.17	26.0	67.0
ko:K14744	390.43	193.70999999999998	133.86	60.0	3456.93	11.57	1576.57	2179.14	512.4300000000001	129.42
ko:K14748	0.0	0.0	0.0	0.0	97.0	0.0	0.0	0.0	0.0	0.0
ko:K14749	0.0	0.0	0.0	0.0	3.0	0.0	0.0	0.0	0.0	0.0
ko:K14750	0.0	0.0	0.0	0.0	0.0	0.0	7.0	4.0	0.0	0.0
ko:K14761	37439.39	10530.39	26749.16	29340.629999999997	11247.75	32930.85	181297.91999999998	20012.660000000003	19777.480000000003	45763.369999999995
ko:K14762	386.72	193.70999999999998	141.0	53.0	1298.86	11.57	1719.79	2196.71	681.4200000000001	1808.9999999999998
ko:K14940	3656.0	628.0	1342.0	1715.0	1866.0	26.0	19811.0	86.0	217.0	753.0
ko:K14941	0.0	0.0	0.0	0.0	45.0	10.0	38.0	1.5	0.0	0.0
ko:K14949	127.5	19.0	113.0	34.0	161.0	546.0	2306.0	1072.0	0.0	0.0
ko:K14952	0.0	0.0	0.0	0.0	4.0	0.0	0.0	1.5	0.0	0.0
ko:K14954	0.0	0.0	0.0	0.0	0.0	0.0	0.0	1.5	0.0	0.0
ko:K14955	0.0	0.0	0.0	0.0	0.0	0.0	0.0	1.5	0.0	0.0
ko:K14956	0.0	0.0	0.0	0.0	22.0	0.0	0.0	32.0	0.0	0.0
ko:K14974	2.0	0.0	0.0	5.0	1083.25	0.0	7.0	0.0	4.0	0.0
ko:K14977	1003.4300000000001	283.71	333.69	263.0	2696.71	598.81	6216.17	2815.31	752.83	532.05
ko:K14978	11.0	0.0	2.2	5.0	1080.25	0.0	0.0	0.0	0.0	0.0
ko:K14979	0.0	0.0	0.0	0.0	0.0	0.0	0.0	0.0	4.0	0.0
ko:K14980	18.0	0.0	0.0	0.0	9.0	0.0	0.0	5.0	0.0	6.0
ko:K14982	435.8	109.0	242.6	396.0	520.0	1888.56	29182.35	1483.25	1132.35	2610.25
ko:K14983	415.0	102.0	241.0	349.0	471.0	1875.0	29036.75	1349.25	1119.35	2586.25
ko:K14986	0.0	0.0	2.5	0.0	0.0	0.0	0.0	0.0	0.0	0.0
ko:K14987	6316.0	416.5	216.82999999999998	86.0	231.83	195.51	167.17	122.84	2675.0	12265.0
ko:K14988	0.0	0.0	0.0	0.0	0.0	0.0	38.0	0.0	6.0	7.0
ko:K14989	371.0	1.0	3122.0	1414.0	33.0	568.0	952.0	67.0	1826.0	6577.0
ko:K14998	2.0	6.0	0.0	5.0	1271.25	0.0	7.0	0.0	9.0	0.0
ko:K15011	1249.25	287.67	16.83	63.67	1970.25	48.0	1157.17	56.17	21.0	55.0
ko:K15012	3.0	6.0	0.0	5.0	1174.25	0.0	9.5	1.5	9.0	0.0
ko:K15016	0.0	0.0	0.0	0.0	0.0	3.56	0.0	0.0	0.0	0.0
ko:K15022	9508.73	2219.3199999999997	7787.33	9699.33	2636.7	23262.25	105711.02	4402.59	3967.32	5399.95
ko:K15023	4200.34	1300.51	286.14	465.15999999999997	960.71	103.14	1694.75	438.64	221.36	793.0699999999999
ko:K15024	6257.620000000001	2529.8900000000003	1129.29	8644.82	3017.36	18879.04	101262.5	4510.64	4948.76	6432.450000000001
ko:K15034	998.72	273.53999999999996	162.67	102.67	2524.78	65.57000000000001	2836.96	2250.88	694.4200000000001	1833.9999999999998
ko:K15045	0.0	0.0	112.0	0.0	0.0	0.0	0.0	0.0	0.0	0.0
ko:K15051	19000.77	6657.46	19503.89	25135.93	2909.8	31163.670000000002	208530.2	12380.85	13658.52	32392.25
ko:K15054	1461.0	124.5	34.0	0.0	46.0	31.0	34.5	20.0	535.0	2453.0
ko:K15067	0.0	0.0	0.0	0.0	94.0	0.0	0.0	1.5	0.0	0.0
ko:K15125	9614.92	1461.73	4211.32	3170.62	8258.15	11799.0	155133.34	12443.439999999999	2789.24	8959.009999999998
ko:K15201	0.0	0.0	0.0	0.0	0.0	0.0	8.0	0.0	20.0	21.0
ko:K15226	157.0	0.0	140.0	0.0	0.0	0.0	0.0	0.0	0.0	84.0
ko:K15228	0.0	0.0	0.0	0.0	0.0	0.0	7.0	0.0	0.0	0.0
ko:K15229	0.0	0.0	0.0	0.0	0.0	0.0	7.0	0.0	0.0	0.0
ko:K15230	0.0	0.0	0.0	0.0	0.0	0.0	0.0	0.0	2.0	0.0
ko:K15253	2.0	0.0	0.0	5.0	1080.25	0.0	0.0	0.0	0.0	0.0
ko:K15255	18.0	0.0	0.0	0.0	9.0	0.0	0.0	5.0	0.0	6.0
ko:K15256	20769.86	5991.52	13704.0	17373.0	12302.099999999999	8433.77	64298.149999999994	14377.71	12272.550000000001	31037.899999999998
ko:K15257	406.72	193.70999999999998	1126.83	151.0	2389.11	42.57	1781.79	2461.71	692.4200000000001	1824.9999999999998
ko:K15268	458.72	199.70999999999998	141.0	58.0	2489.11	11.57	1726.79	2203.21	690.4200000000001	1814.9999999999998
ko:K15269	0.29	0.0	0.0	0.0	4.0	0.0	7.0	1.5	44.0	21.43
ko:K15270	4940.0	570.0	394.32	434.0	251.32	263.7	957.34	186.02	1619.0	7359.0
ko:K15311	0.0	3.0	0.0	34.0	12.0	0.0	0.0	0.0	0.0	0.0
ko:K15312	0.0	3.0	0.0	34.0	94.0	25.0	14.0	30.0	5.0	24.0
ko:K15313	0.0	0.0	0.0	34.0	0.0	0.0	0.0	0.0	0.0	0.0
ko:K15327	415.8	102.0	250.6	488.0	476.0	1869.0	29021.85	1350.75	1166.85	2616.75
ko:K15328	0.0	0.0	0.0	34.0	0.0	0.0	0.0	0.0	5.6	11.0
ko:K15329	415.8	102.0	250.6	488.0	476.0	1869.0	29021.85	1350.75	1166.85	2616.75
ko:K15337	0.0	0.0	0.0	34.0	0.0	0.0	0.0	0.0	0.0	0.0
ko:K15342	58119.490000000005	13475.34	88074.99	61634.380000000005	30044.46	60142.06	218903.83000000002	38650.78	28182.38	56821.64
ko:K15353	0.0	0.0	0.0	0.0	0.0	0.0	0.0	0.0	8.0	0.0
ko:K15355	1545.0	127.5	80.83	86.0	144.82999999999998	71.51	46.17	42.84	540.0	2453.0
ko:K15357	0.0	0.0	0.0	0.0	3.0	0.0	7.0	0.0	4.0	0.0
ko:K15358	9.5	0.0	0.0	0.0	9.5	4.5	0.0	6.5	5.5	15.5
ko:K15363	0.0	0.0	0.0	0.0	0.0	0.0	8.0	0.0	20.0	21.0
ko:K15371	57.0	0.0	0.0	19.0	1132.25	10.0	909.5	16.5	12.0	18.0
ko:K15372	2367.33	1291.38	413.29999999999995	7513.06	384.9	1105.6599999999999	4562.25	2686.4	593.8	2192.33
ko:K15373	3.58	0.0	0.0	5.0	1080.25	0.0	2.5	4.0	58.0	2.86
ko:K15383	6.0	0.0	985.83	94.67	25.0	242.0	408.0	295.67	23.6	22.0
ko:K15396	672.72	268.71	1128.83	198.0	2407.11	42.57	1773.79	2553.21	1012.42	2138.0
ko:K15408	0.0	0.0	0.0	0.0	94.0	0.0	0.0	0.0	0.0	0.0
ko:K15429	247.0	142.0	105.0	90.0	37.0	46.0	843.0	43.0	0.0	6.0
ko:K15449	0.0	0.0	0.0	0.0	20.0	0.0	0.0	0.0	0.0	0.0
ko:K15460	65986.5	14605.3	91572.19	57384.14	41827.36	47710.1	199638.0	48630.170000000006	35860.770000000004	68902.39
ko:K15461	1607.7199999999998	269.71	1162.83	151.0	2542.11	92.24000000000001	1820.4599999999998	2569.88	1279.4199999999998	4262.0
ko:K15466	0.0	0.0	0.0	0.0	0.0	0.0	0.0	1.5	0.0	0.0
ko:K15468	0.0	0.0	0.0	34.0	99.0	0.0	0.0	0.0	0.0	0.0
ko:K15471	2722.0	781.0	4854.0	4452.0	30.0	2908.0	5720.0	1286.0	2801.0	2847.0
ko:K15474	0.0	0.0	0.0	0.0	0.0	0.0	1.0	0.0	0.0	0.0
ko:K15475	0.0	0.0	0.0	0.0	1.0	0.0	0.0	0.0	0.0	0.0
ko:K15495	25.0	0.0	20.0	38.0	88.0	33.0	134.0	17.0	0.0	6.0
ko:K15496	5009.45	1205.9	7434.58	13575.999999999998	445.72999999999996	4222.84	11602.6	1768.37	3900.4	5121.1
ko:K15497	7.0	0.0	20.0	38.0	79.0	33.0	134.0	12.0	0.0	0.0
ko:K15503	0.0	0.0	46.83	86.0	1.83	21.84	2.0	21.17	0.0	0.0
ko:K15509	1042.33	220.0	299.5	544.0	968.0	238.0	4972.0	933.0	379.0	690.0
ko:K15510	0.0	0.0	0.0	0.0	4.0	0.0	0.0	0.0	0.0	0.0
ko:K15511	599.0	113.0	71.0	44.0	113.0	237.0	4049.0	221.0	599.0	4064.0
ko:K15512	0.0	0.0	0.0	0.0	97.0	0.0	0.0	0.0	0.0	0.0
ko:K15513	0.0	0.0	0.0	0.0	97.0	0.0	0.0	0.0	0.0	0.0
ko:K15514	0.0	0.0	0.0	0.0	3.0	0.0	0.0	0.0	0.0	0.0
ko:K15515	432.35	212.0	145.25	193.75	1228.3	57.0	2948.35	778.75	204.25	972.2
ko:K15518	1.0	0.93	8.14	45.8	628.21	5.77	218.1	87.14	0.36	6.07
ko:K15519	18.56	0.93	83.25	77.36	644.99	92.77	2415.17	214.92	0.36	35.96
ko:K15520	410.2	289.0	183.0	239.0	201.0	574.0	1298.0	320.0	309.5	1168.0
ko:K15521	0.0	0.0	35.0	48.0	43.0	10.0	38.0	1.5	3.0	0.0
ko:K15524	809.0	83.0	419.0	88.0	69.0	64.0	369.3	131.0	21.0	136.0
ko:K15525	0.0	0.0	35.0	14.0	43.0	10.0	38.0	1.5	3.0	0.0
ko:K15526	420.33	154.0	151.5	121.0	63.0	130.0	930.0	148.5	65.0	150.0
ko:K15527	5697.1	1057.2	654.0	2759.5	6924.1	2840.1000000000004	36971.4	11641.399999999998	6815.0	12432.0
ko:K15531	14520.359999999999	837.4100000000001	4364.53	6741.200000000001	256.87	839.1999999999999	7307.8	831.53	4148.4	23674.4
ko:K15532	62478.43	8929.37	28024.14	70562.69	34467.48	37661.14	97765.89	18768.97	40960.79	98485.79000000001
ko:K15533	14558.899999999998	4785.4	10677.6	7502.75	3468.4900000000002	6637.150000000001	39029.799999999996	9568.23	10304.63	24665.550000000003
ko:K15534	176.0	40.0	151.0	297.0	55.0	169.0	8117.0	209.0	301.0	379.0
ko:K15536	386.72	193.70999999999998	141.0	53.0	1298.86	11.57	1719.79	2196.71	696.42	1808.9999999999998
ko:K15539	6228.0199999999995	602.71	1600.34	793.13	3965.7700000000004	2331.22	31074.829999999998	4741.14	2894.17	8240.75
ko:K15540	391.01	196.70999999999998	148.14000000000001	66.0	3558.22	11.57	1874.94	2216.71	941.4100000000001	3497.1600000000003
ko:K15545	386.72	193.70999999999998	141.0	53.0	1298.86	11.57	1719.79	2196.71	681.4200000000001	1808.9999999999998
ko:K15546	86.0	29.0	0.0	0.0	103.0	0.0	19.0	0.0	6.0	7.0
ko:K15547	386.72	193.70999999999998	133.86	50.0	1296.43	11.57	1583.57	2183.14	409.43	129.42
ko:K15548	392.72	193.70999999999998	143.0	58.0	2398.11	11.57	1722.79	2286.71	732.42	1808.9999999999998
ko:K15549	386.72	193.70999999999998	133.86	50.0	1296.43	11.57	1583.57	2185.14	409.43	129.42
ko:K15550	773.44	387.41999999999996	267.72	100.0	2592.86	23.14	3153.14	4362.28	808.86	260.27
ko:K15551	395.72	196.70999999999998	141.0	58.0	2578.11	11.57	1726.79	2196.71	744.42	1808.9999999999998
ko:K15552	1100.92	385.51	1367.6	443.4	2873.71	701.5699999999999	4328.79	4295.360000000001	968.3699999999999	2678.7799999999997
ko:K15553	7270.800000000001	889.01	644.83	555.0	7368.339999999999	1809.2199999999998	7877.5599999999995	5589.549999999999	3482.32	8865.13
ko:K15554	2850.4100000000003	592.71	1175.0	596.0	6669.009999999999	1681.49	4871.89	5475.46	1779.47	4068.58
ko:K15555	4930.84	953.51	2248.16	1325.27	8584.34	1579.26	5535.59	4785.85	2576.72	7048.93
ko:K15576	2.29	3.0	0.0	5.0	1268.25	0.0	7.5	4.0	146.0	1.43
ko:K15577	2.29	3.0	0.0	5.0	1268.25	0.0	0.5	4.0	142.0	1.43
ko:K15578	1.29	3.0	985.83	93.0	188.0	31.0	54.0	266.0	147.0	1.43
ko:K15579	109.0	17.0	112.0	0.0	0.0	0.0	0.0	0.0	0.0	0.0
ko:K15580	50348.73	15787.3	24945.9	19877.25	29873.07	26923.81	235772.62	40263.82000000001	29434.0	57650.77
ko:K15581	47459.03	14317.26	25030.61	19931.239999999998	19037.6	20620.24	135485.9	27380.089999999997	24030.08	50883.7
ko:K15582	51739.1	16863.6	25372.850000000002	16176.92	21771.82	19285.19	150300.97	27321.67	25040.66	54115.74
ko:K15583	51426.48	14869.12	22905.399999999998	16016.11	24750.739999999998	19620.660000000003	136550.52000000002	29428.1	24140.09	48762.79
ko:K15584	2090.52	710.37	393.6	902.87	2169.5299999999997	539.44	4568.29	3610.7799999999997	2010.8200000000002	3989.2
ko:K15585	1145.06	245.04	234.0	443.96	1721.86	382.07	2754.3900000000003	2656.71	1445.42	3002.0
ko:K15586	4508.0599999999995	1164.63	537.14	1291.63	3911.74	438.94	5156.639999999999	3509.02	1761.28	3684.5699999999997
ko:K15587	1049.72	253.70999999999998	152.0	145.8	1628.86	315.57	2592.89	2691.71	1508.42	3153.0000000000005
ko:K15598	1052.3	198.79	1978.5	2982.8199999999997	270.2	1498.73	913.1	1236.33	564.6700000000001	2220.4300000000003
ko:K15599	1599.0200000000002	371.5	2100.5	3092.8199999999997	2677.31	1338.3	2501.29	3626.04	1226.0900000000001	3764.43
ko:K15600	982.3	157.79	1957.5	2940.8199999999997	253.2	1115.73	716.5	1078.33	279.67	1205.43
ko:K15629	0.0	0.0	7.0	34.0	527.0	3.56	242.0	7.0	19.0	0.0
ko:K15632	8.0	0.0	5.0	6.0	0.0	24.0	8.0	10.0	0.0	0.0
ko:K15633	74295.92	16370.790000000003	95955.61	67520.95999999999	46069.44	65567.61	286341.5	52488.76	39152.009999999995	79834.47
ko:K15634	5319.639999999999	1531.9	65849.42000000001	25716.18	8249.16	19232.64	31843.55	11241.41	4416.71	10861.32
ko:K15635	33399.45	5550.43	65537.79000000001	43410.509999999995	25418.91	48303.92	189806.74000000002	22897.02	12316.44	27647.02
ko:K15640	6149.88	2086.1899999999996	65821.67000000001	25832.43	4505.75	21147.07	52693.91	9271.45	4118.04	7489.12
ko:K15650	2.0	0.0	0.0	5.0	1080.25	0.0	0.0	0.0	0.0	0.0
ko:K15652	28.0	0.0	0.0	57.0	0.0	67.0	0.0	18.0	0.0	0.0
ko:K15654	0.0	0.0	0.0	68.0	0.0	0.0	0.0	0.0	0.0	0.0
ko:K15655	0.0	0.0	0.0	68.0	0.0	0.0	0.0	0.0	0.0	0.0
ko:K15656	0.0	0.0	0.0	34.0	0.0	0.0	0.0	0.0	0.0	0.0
ko:K15657	0.0	0.0	0.0	34.0	0.0	0.0	0.0	0.0	0.0	0.0
ko:K15658	0.0	0.0	0.0	0.0	0.0	0.0	0.0	0.0	4.0	0.0
ko:K15659	0.0	0.0	0.0	0.0	0.0	0.0	0.0	0.0	4.0	0.0
ko:K15660	0.0	0.0	0.0	0.0	0.0	0.0	0.0	0.0	4.0	0.0
ko:K15661	0.0	0.0	0.0	34.0	0.0	0.0	0.0	0.0	0.0	0.0
ko:K15662	0.0	0.0	0.0	68.0	0.0	0.0	0.0	0.0	0.0	0.0
ko:K15663	0.0	0.0	0.0	68.0	0.0	0.0	0.0	0.0	0.0	0.0
ko:K15664	0.0	0.0	0.0	136.0	0.0	0.0	0.0	0.0	0.0	0.0
ko:K15665	0.0	0.0	0.0	34.0	0.0	0.0	0.0	0.0	0.0	0.0
ko:K15666	0.0	0.0	0.0	102.0	0.0	0.0	0.0	0.0	0.0	0.0
ko:K15667	0.0	0.0	0.0	102.0	0.0	0.0	0.0	0.0	0.0	0.0
ko:K15669	7837.45	3900.41	1928.83	4881.6	6009.65	4850.58	21224.96	5385.870000000001	6808.6900000000005	13799.07
ko:K15670	0.0	0.0	0.0	0.0	0.0	0.0	0.0	1.5	0.0	0.0
ko:K15671	0.0	0.0	0.0	0.0	0.0	0.0	0.0	1.5	0.0	0.0
ko:K15719	970.0	624.66	0.0	106.0	2848.0	1168.66	2914.66	3252.6800000000003	1787.34	12.66
ko:K15721	0.0	0.0	0.0	0.0	0.0	0.0	0.0	0.0	29.0	0.0
ko:K15722	386.72	193.70999999999998	141.0	53.0	1298.86	11.57	1719.79	2196.71	681.4200000000001	1808.9999999999998
ko:K15723	386.72	193.70999999999998	141.0	53.0	1298.86	11.57	1719.79	2196.71	681.4200000000001	1808.9999999999998
ko:K15724	1938.7199999999998	321.21	1209.6599999999999	237.0	3168.9400000000005	114.08000000000001	1822.4599999999998	2591.0499999999997	1277.4199999999998	4262.0
ko:K15725	6870.8	1681.6299999999999	1983.9	2719.5	9775.15	5512.73	19098.93	11005.14	4256.27	4541.73
ko:K15726	13921.3	2080.4	59657.07	16837.0	13546.25	17837.33	26546.070000000003	14044.099999999999	5967.000000000001	14080.8
ko:K15727	14352.3	2352.0299999999997	59619.57	16663.5	15346.950000000003	17748.66	26092.1	13679.939999999999	6812.670000000001	13947.13
ko:K15733	0.0	0.0	0.0	0.0	22.0	0.0	22.0	39.5	7.0	27.0
ko:K15734	0.0	0.0	0.0	0.0	4.0	0.0	0.0	0.0	0.0	0.0
ko:K15735	386.43	193.70999999999998	141.0	53.0	1298.86	11.57	1719.29	2192.71	544.4200000000001	1807.57
ko:K15736	1300.43	522.71	979.0	201.0	2532.61	133.57	21310.29	2221.21	548.4200000000001	1807.57
ko:K15737	386.43	193.70999999999998	141.0	53.0	1298.86	11.57	1719.29	2192.71	544.4200000000001	1807.57
ko:K15738	49927.96000000001	9111.31	83660.70999999999	48372.649999999994	37138.91	43201.86	128849.72	35166.79	27464.030000000002	55286.70999999999
ko:K15739	3650.25	1275.0	1396.75	958.0	2146.25	1584.5	25520.75	2475.0	2272.5	5842.75
ko:K15755	6.33	1.0	1.5	0.0	17.5	0.0	26.0	97.0	32.0	0.0
ko:K15760	1.0	0.0	0.0	0.0	21.0	10.0	40.5	0.0	0.0	0.0
ko:K15761	1.0	0.0	0.0	0.0	0.0	0.0	2.5	0.0	0.0	0.0
ko:K15762	528.0	190.0	246.0	143.0	16.0	112.0	61.5	108.0	791.0	3033.0
ko:K15763	1.0	0.0	0.0	0.0	0.0	0.0	2.5	0.0	0.0	0.0
ko:K15764	1.0	0.0	0.0	0.0	0.0	0.0	2.5	0.0	0.0	0.0
ko:K15765	1.0	3.0	0.0	47.8	638.0	28.13	46.1	10.0	0.0	0.0
ko:K15770	17598.48	5401.71	19453.940000000002	22326.87	4107.74	9987.82	71621.63	7596.89	16264.050000000001	37760.380000000005
ko:K15771	23459.44	8216.31	20136.65	20333.839999999997	7364.53	11580.82	104950.98999999999	13150.0	17674.9	42317.66
ko:K15772	15503.609999999999	5393.9800000000005	17737.58	19766.839999999997	3201.0299999999997	10668.82	96490.76000000001	8521.67	16073.4	38513.729999999996
ko:K15773	635.43	329.71	252.86	202.0	1416.93	97.57	5352.969999999999	2572.14	1038.93	4253.42
ko:K15777	394.22	196.70999999999998	351.28	85.0	3028.1100000000006	78.57	1993.04	2337.21	767.17	1812.9999999999998
ko:K15778	2829.7299999999996	313.25	528.13	233.0	2270.08	314.51000000000005	3472.77	1026.8400000000001	1256.0	3373.0
ko:K15780	6036.93	1733.0	1703.7	1268.6	5187.0	20969.26	167304.4	4791.0	2724.2	7360.0
ko:K15781	0.0	0.0	0.0	0.0	25.0	10.0	38.0	0.0	0.0	0.0
ko:K15782	2.0	0.0	0.0	5.0	1080.25	0.0	0.0	0.0	4.0	0.0
ko:K15783	2.0	0.0	0.0	5.0	1080.25	0.0	0.0	0.0	0.0	0.0
ko:K15784	2.0	0.0	0.0	5.0	1080.25	0.0	0.0	1.5	0.0	0.0
ko:K15785	2.0	0.0	0.0	5.0	1080.25	0.0	0.0	0.0	0.0	0.0
ko:K15786	2.0	0.0	0.0	5.0	1080.25	0.0	0.0	0.0	0.0	0.0
ko:K15790	0.0	0.0	0.0	0.0	94.0	0.0	7.0	1.5	0.0	0.0
ko:K15792	4021.5	791.5	3376.58	2211.33	1110.83	11318.01	152949.92	11794.34	1553.75	6151.0
ko:K15827	386.72	193.70999999999998	141.0	53.0	1298.86	11.57	1719.79	2196.71	681.4200000000001	1808.9999999999998
ko:K15828	386.72	193.70999999999998	141.0	53.0	1298.86	11.57	1719.79	2196.71	681.4200000000001	1808.9999999999998
ko:K15829	386.72	193.70999999999998	141.0	53.0	1298.86	11.57	1719.79	2196.71	681.4200000000001	1808.9999999999998
ko:K15830	608.7199999999999	309.51	190.0	97.0	1338.56	11.57	5339.789999999999	2432.21	1280.4199999999998	5872.999999999999
ko:K15831	388.72	193.70999999999998	141.0	58.0	2379.11	11.57	1719.79	2196.71	681.4200000000001	1808.9999999999998
ko:K15832	386.72	193.70999999999998	141.0	53.0	1298.86	11.57	1719.79	2196.71	681.4200000000001	1808.9999999999998
ko:K15833	386.72	193.70999999999998	141.0	53.0	1298.86	11.57	1719.79	2198.71	681.4200000000001	1808.9999999999998
ko:K15834	403.72	196.51	141.0	53.0	1319.06	11.57	1719.79	2196.71	573.4200000000001	1808.9999999999998
ko:K15835	0.0	0.0	0.0	0.0	0.0	0.0	0.0	0.0	108.0	0.0
ko:K15836	488.7200000000001	196.51	141.0	53.0	1319.06	11.57	1719.79	2196.71	681.4200000000001	1808.9999999999998
ko:K15852	392.72	193.70999999999998	141.0	68.0	4539.61	11.57	1719.79	2196.71	689.4200000000001	1808.9999999999998
ko:K15855	7.0	0.0	20.0	38.0	31.0	70.0	199.0	37.5	92.0	121.0
ko:K15856	294.0	19.0	190.5	127.0	1217.25	1038.56	3434.0	209.0	40.0	342.0
ko:K15862	7.0	0.0	20.0	38.0	16.0	33.0	134.0	12.0	0.0	0.0
ko:K15864	3.0	0.0	0.0	5.0	1080.25	0.0	2.5	0.0	2.0	0.0
ko:K15865	0.0	0.0	0.0	0.0	20.0	0.0	0.0	0.0	0.0	0.0
ko:K15866	1735.32	455.71	508.86	871.0	5235.4800000000005	2288.2999999999997	31113.22	3654.2900000000004	1534.28	2717.46
ko:K15868	0.0	0.0	0.0	0.0	25.0	10.0	38.0	37.5	0.0	19.0
ko:K15876	8530.0	845.6500000000001	798.5	12469.5	4099.8	2170.1	6023.5	3269.8	3078.3999999999996	10255.4
ko:K15879	0.0	0.0	0.0	0.0	4.0	0.0	0.0	0.0	0.0	0.0
ko:K15888	0.0	0.0	0.0	0.0	20.0	0.0	0.0	0.0	0.0	0.0
ko:K15893	0.0	0.0	0.0	47.0	0.0	0.0	0.0	0.0	0.0	0.0
ko:K15894	11539.199999999999	922.4	5252.0	6595.0	11925.4	5323.0	19863.6	3164.2	6632.4	15510.599999999999
ko:K15895	0.0	0.0	0.0	0.0	1.0	0.0	0.0	0.0	2.0	0.0
ko:K15896	0.0	0.0	0.0	0.0	4.0	0.0	0.0	0.0	0.0	0.0
ko:K15897	826.2	31.4	4366.7	1697.1999999999998	94.4	820.2	6117.200000000001	608.2	2642.4	8188.2
ko:K15898	1644.2	31.4	5802.5	2080.0	114.4	824.0	6558.6	622.2	2745.4	8612.599999999999
ko:K15899	0.0	0.0	35.0	34.0	0.0	0.0	0.0	0.0	0.0	0.0
ko:K15904	0.0	0.0	0.0	0.0	20.0	0.0	0.0	0.0	0.0	0.0
ko:K15910	0.0	0.0	0.0	0.0	1.0	0.0	0.0	0.0	0.0	0.0
ko:K15912	229.0	142.0	105.0	90.0	9.0	46.0	1029.0	38.0	72.0	63.0
ko:K15913	0.0	0.0	0.0	0.0	1.0	0.0	0.0	0.0	0.0	0.0
ko:K15914	18.5	0.0	0.0	0.0	1.0	0.0	0.0	0.0	0.0	0.0
ko:K15915	6844.2	495.73	252.5	3170.0	1335.2	1831.0299999999997	5338.93	3126.64	1403.67	6959.33
ko:K15916	6.0	0.75	35.0	0.0	90.0	13.56	904.5	7.0	0.0	0.0
ko:K15918	386.43	193.70999999999998	141.0	53.0	1298.86	11.57	1719.79	2192.71	652.4200000000001	1807.57
ko:K15921	12432.1	377.2	1587.0	7618.900000000001	1802.3	3220.0	11216.7	2182.9	3975.6000000000004	15186.2
ko:K15922	115.4	1.4	180.6	40.800000000000004	24.4	180.0	858.8	211.8	0.0	59.43
ko:K15923	78743.62000000001	11527.800000000001	110134.60999999999	92162.97	54396.549999999996	76428.15	174625.81	45572.92	41919.020000000004	95775.31999999999
ko:K15924	6758.799999999999	185.2	396.4	2356.0	882.8	2204.8	7044.799999999999	512.0	1794.2	8920.0
ko:K15973	539.6	48.75	87.0	160.8	1016.0	131.13	2696.4	328.0	251.5	397.5
ko:K15974	386.72	193.70999999999998	141.0	53.0	1298.86	11.57	1719.79	2196.71	681.4200000000001	1808.9999999999998
ko:K15975	229.0	148.0	125.0	238.4	1886.0	57.82	1208.6	183.0	25.0	0.0
ko:K15976	17.0	2.8	0.0	34.0	20.2	0.0	0.0	0.0	0.0	0.0
ko:K15977	31573.36	4551.619999999999	3706.16	12974.31	38379.9	22574.229999999996	94135.98000000001	36769.270000000004	23426.620000000003	41900.36
ko:K15981	0.0	0.0	0.0	0.0	8.0	0.0	0.0	0.0	0.0	0.0
ko:K15982	0.0	0.0	0.0	0.0	0.0	0.0	7.0	0.0	0.0	0.0
ko:K15983	0.0	0.0	0.0	0.0	22.0	0.0	14.0	0.0	0.0	0.0
ko:K15984	3120.7200000000003	842.71	1864.83	1398.0	4095.11	1118.57	8949.789999999999	2910.21	1871.4199999999998	6477.999999999999
ko:K15986	33026.119999999995	10511.66	16535.35	20167.35	10977.560000000001	25723.35	236471.25	27733.510000000002	15987.57	34560.57
ko:K15987	41834.39	6755.5	35845.49	44281.34	30967.500000000004	33520.490000000005	115686.5	36579.37	24211.58	41951.75
ko:K16011	4962.719999999999	421.51	509.0	115.0	5243.8099999999995	177.57	3365.29	3294.21	1362.42	3607.0
ko:K16012	409.72	210.84	1151.5	244.47000000000003	1423.73	68.7	4167.0599999999995	2835.3799999999997	739.9200000000001	1966.5
ko:K16013	635.97	289.27	1412.1399999999999	476.22	2732.13	556.8399999999999	8838.73	4110.719999999999	1032.28	2935.77
ko:K16014	0.5	0.5	118.25	60.33	115.0	81.5	2377.75	31.0	27.75	4.0
ko:K16016	0.0	0.0	0.0	0.0	0.0	0.0	0.0	1.5	0.0	0.0
ko:K16017	18.5	0.0	35.0	0.0	0.0	0.0	0.0	0.0	0.0	0.0
ko:K16019	0.0	1.33	36.67	20.67	23.67	21.0	1139.67	101.67	30.0	94.0
ko:K16020	0.0	0.0	0.0	0.0	0.0	0.0	4.0	0.0	0.0	0.0
ko:K16022	0.0	0.0	0.0	0.0	21.0	10.0	38.0	0.0	0.0	0.0
ko:K16029	0.0	0.0	0.0	0.0	25.0	10.0	38.0	0.0	0.0	0.0
ko:K16043	0.0	0.0	0.0	34.0	0.0	0.0	0.0	0.0	0.0	0.0
ko:K16044	17254.67	1545.22	1034.33	6260.5	16417.28	5712.63	19078.989999999998	7661.539999999999	4128.42	12010.43
ko:K16045	0.0	0.0	0.0	14.0	0.0	0.0	0.0	0.0	3.0	0.0
ko:K16047	1.0	0.0	0.0	0.0	0.0	0.0	9.5	0.0	0.0	0.0
ko:K16048	0.0	0.0	0.0	0.0	120.0	10.0	38.0	0.0	0.0	0.0
ko:K16049	0.0	0.0	0.0	0.0	0.0	0.0	7.0	0.0	0.0	0.0
ko:K16050	0.0	0.0	0.0	0.0	0.0	0.0	7.0	0.0	0.0	0.0
ko:K16051	3.0	0.0	0.0	0.0	0.0	0.0	0.0	0.0	0.0	0.0
ko:K16052	17636.559999999998	5261.3099999999995	9229.1	6437.83	7866.6900000000005	6733.860000000001	74450.97	11202.46	13901.6	29474.32
ko:K16053	53077.98000000001	6139.79	96598.53	46826.86	52588.81	53261.96	158163.15000000002	50807.57	25791.809999999998	50027.39
ko:K16055	1759.2800000000002	790.99	294.6	1082.4299999999998	1964.95	1776.5799999999997	3205.19	504.70000000000005	4124.490000000001	5888.87
ko:K16066	936.01	251.70999999999998	1214.83	151.0	2690.11	125.57	2592.29	2750.71	973.4200000000001	2113.43
ko:K16074	952.72	251.70999999999998	229.0	58.0	2680.11	94.57	2538.79	2491.71	972.4200000000001	2119.43
ko:K16076	1160.16	581.13	408.72	153.0	3896.58	34.71	4885.29	6565.85	1295.28	2072.1299999999997
ko:K16077	0.58	0.0	0.0	0.0	0.0	0.0	0.5	8.0	58.0	7.1499999999999995
ko:K16079	2901.0	714.3299999999999	17.5	738.5	6047.5	860.83	3777.33	3085.84	5905.67	8887.33
ko:K16080	2945.0	41.0	0.0	0.0	0.0	0.0	0.0	511.0	5.0	942.0
ko:K16081	2.0	0.0	0.0	5.0	1080.25	0.0	0.0	0.0	4.0	0.0
ko:K16087	1828.2199999999998	292.21	2223.49	394.0	5786.1900000000005	1247.58	9122.960000000001	6929.55	1286.4199999999998	4304.43
ko:K16088	398.72	196.70999999999998	191.83	149.0	4157.19	33.410000000000004	1727.79	2231.88	702.4200000000001	1810.4299999999998
ko:K16089	76880.5	11289.26	120467.39000000001	85443.08	86050.98	100617.89	492012.26	80303.56	50771.52	100187.85999999999
ko:K16090	395.72	205.70999999999998	135.86	60.0	3948.93	11.57	1610.07	2275.14	475.43	130.85
ko:K16091	423.79	42.5	505.0	2062.0	3553.25	2411.0	2628.0	1715.5	258.5	239.43
ko:K16092	1308.22	558.21	6852.08	437.0	2681.1100000000006	11068.07	152878.54	14078.71	2348.17	8144.0
ko:K16119	0.0	0.0	0.0	68.0	0.0	0.0	0.0	0.0	0.0	0.0
ko:K16120	0.0	0.0	0.0	34.0	0.0	0.0	0.0	0.0	0.0	0.0
ko:K16123	0.0	0.0	46.83	86.0	1.83	21.84	2.0	21.17	0.0	0.0
ko:K16135	386.72	196.70999999999998	133.86	50.0	1489.29	11.57	1594.4299999999998	2192.0	408.43	130.85
ko:K16136	773.1500000000001	387.41999999999996	282.0	106.0	2597.72	23.14	3439.58	4393.42	1362.8400000000001	3617.9999999999995
ko:K16137	1738.72	380.71	289.0	107.0	6524.860000000001	177.57	3713.29	3175.71	1306.42	2299.0
ko:K16138	386.72	193.70999999999998	133.86	50.0	1296.43	11.57	1576.57	2179.14	375.43	130.85
ko:K16139	3098.43	982.04	57481.53	295.0	5756.43	9536.73	6399.57	4126.48	1270.1	217.75
ko:K16140	6.0	0.0	0.0	15.0	3240.75	0.0	0.0	0.0	4.0	0.0
ko:K16146	0.0	0.0	35.0	0.0	43.0	10.0	1080.0	47.5	27.0	82.0
ko:K16147	61.75	39.33	284.92	239.42000000000002	2456.22	69.0	3501.02	854.4200000000001	208.25	1126.2
ko:K16148	57.75	40.33	76.92	110.42	1278.4699999999998	32.0	3270.02	856.4200000000001	164.25	822.2
ko:K16149	228.0	7.05	280.0	0.0	110.2	10.0	61.5	5.5	0.0	84.0
ko:K16150	17.0	4.25	0.0	0.0	73.0	0.0	8.5	8.5	0.0	0.0
ko:K16152	4.0	0.0	0.0	10.0	2160.5	0.0	0.0	0.0	0.0	0.0
ko:K16153	30650.41	4241.53	67899.42000000001	37095.11	29176.0	33349.44	87916.45000000001	28645.8	18537.980000000003	34337.14
ko:K16161	2.29	0.0	0.0	5.0	1080.25	0.0	0.0	87.0	76.0	0.0
ko:K16163	0.0	0.0	35.0	0.0	0.0	0.0	858.0	1.5	0.0	0.0
ko:K16164	0.0	0.0	0.0	14.0	626.0	0.0	0.0	0.0	3.0	0.0
ko:K16165	1463.0	127.5	80.83	91.0	1415.51	71.51	61.1	53.27	544.0	2454.4300000000003
ko:K16167	0.0	0.0	0.0	34.0	668.0	24.13	91.0	1.5	0.0	0.0
ko:K16168	0.0	0.0	0.0	43.47	626.0	4.13	67.85	22.42	6.0	7.75
ko:K16169	415.8	110.0	251.6	485.8	1241.0	1905.12	29075.949999999997	1495.25	1141.75	2598.25
ko:K16170	0.0	0.0	0.0	34.0	99.0	3.56	0.0	0.0	0.0	0.0
ko:K16171	1.0	0.0	0.0	0.0	0.0	0.57	9.5	0.0	5.0	0.0
ko:K16173	18.0	0.0	0.0	0.0	108.0	0.0	0.0	5.0	0.0	6.0
ko:K16176	530.6	52.5	0.0	0.0	301.0	83.0	880.0	323.0	173.0	140.0
ko:K16178	60.0	3.0	4.4	0.0	8.0	0.0	34.0	22.0	32.0	16.0
ko:K16180	796.0	125.25	90.2	47.0	307.0	83.0	837.5	311.5	540.0	640.0
ko:K16181	495.0	48.75	2.2	0.0	291.0	83.0	818.5	295.5	189.0	148.0
ko:K16182	15.0	0.75	2.2	0.0	2.0	0.0	8.5	5.5	16.0	8.0
ko:K16188	8.5	4.75	0.0	34.0	105.0	4.13	23.5	5.5	0.0	0.0
ko:K16190	169.0	12.0	0.0	0.0	0.0	0.0	0.0	0.0	0.0	0.0
ko:K16191	0.0	0.0	0.0	0.0	0.0	0.0	0.0	0.0	4.0	0.0
ko:K16193	1327.4099999999999	436.5	285.5	7526.5	911.5	210.0	3772.0	636.0	477.0	915.5
ko:K16199	0.0	0.0	0.0	34.0	99.0	3.56	0.0	0.0	0.0	0.0
ko:K16200	0.0	0.0	0.0	34.0	99.0	3.56	0.0	0.0	0.0	0.0
ko:K16201	0.0	0.0	0.0	68.0	626.0	7.12	0.0	0.0	0.0	0.0
ko:K16202	0.0	0.0	0.0	34.0	193.0	10.68	0.0	0.0	0.0	0.0
ko:K16203	4228.4	1536.0	950.2	958.0	1915.2	1911.36	3974.6	2272.4	1147.8	3496.4
ko:K16209	11207.599999999999	3955.91	11035.81	10888.169999999998	3204.0299999999997	55123.35	436104.72	8174.51	4756.66	17867.57
ko:K16210	1072.58	322.0	318.28	177.5	2437.86	19.06	5125.44	805.14	1394.48	8529.159999999998
ko:K16211	22942.03	2099.24	60179.420000000006	22169.68	20631.65	23924.16	35870.96	10287.3	11287.29	23269.87
ko:K16212	20059.65	3141.27	7368.75	32263.629999999997	16508.97	16802.51	28450.910000000003	4539.9	12146.29	26983.119999999995
ko:K16213	22146.71	4443.01	9419.75	32844.2	14065.22	11938.33	36791.62	5160.63	10913.6	28879.850000000002
ko:K16214	428.0	103.0	211.0	306.0	490.5	1874.0	27809.5	1216.5	414.0	2182.0
ko:K16216	0.0	0.0	0.0	34.0	527.0	0.57	0.0	0.0	0.0	0.0
ko:K16217	0.0	0.0	0.0	0.0	21.0	10.0	38.0	0.0	0.0	0.0
ko:K16234	0.29	0.0	0.0	14.0	0.0	0.0	7.0	0.0	56.0	1.43
ko:K16235	485.83	171.75	197.64	526.0	2774.0499999999997	1849.75	29787.64	2594.64	898.0899999999999	4832.21
ko:K16236	376.0	96.0	140.0	350.0	471.0	1845.24	25483.0	1090.0	391.6	1965.0
ko:K16237	0.0	1.33	1.67	6.67	20.67	11.0	1097.67	101.67	27.0	74.0
ko:K16238	1531.1999999999998	169.25	142.57999999999998	45.0	2195.25	37.81	1024.25	433.25	592.0	2454.4300000000003
ko:K16239	34.0	7.05	0.0	0.0	85.2	0.0	8.5	5.5	0.0	0.0
ko:K16242	1.0	0.0	0.0	0.0	0.0	0.0	2.5	0.0	0.0	0.0
ko:K16243	1.0	0.0	0.0	0.0	0.0	0.0	2.5	0.0	0.0	0.0
ko:K16244	1.0	0.0	0.0	0.0	0.0	0.0	2.5	0.0	0.0	0.0
ko:K16245	1.0	0.0	0.0	0.0	0.0	0.0	2.5	0.0	0.0	0.0
ko:K16246	1.0	0.0	0.0	0.0	0.0	0.0	2.5	0.0	0.0	0.0
ko:K16247	0.0	0.0	0.0	34.0	0.0	3.56	858.0	0.0	0.0	0.0
ko:K16248	13165.15	4310.4	5200.35	822.8	2652.65	34771.12	282303.54999999993	4373.3	1940.0	6430.25
ko:K16249	1.0	0.0	0.0	0.0	0.0	0.0	2.5	0.0	0.0	0.0
ko:K16263	684.72	208.70999999999998	209.0	199.0	1444.86	745.57	7566.789999999999	3146.71	937.42	2440.0
ko:K16264	17713.82	2180.59	2365.33	31059.769999999997	16732.11	9700.09	78593.33	21463.92	11900.320000000002	29714.35
ko:K16267	1552.0	127.5	100.83	124.0	157.82999999999998	104.51	192.17000000000002	54.84	546.0	2460.0
ko:K16291	1548.88	774.8399999999999	564.0	217.0	6275.69	46.28	6879.16	8788.34	2729.6800000000003	7235.999999999999
ko:K16293	1214.0	73.0	34.0	0.0	47.0	31.0	32.0	20.0	535.0	2453.0
ko:K16294	1214.0	73.0	34.0	0.0	47.0	31.0	32.0	20.0	535.0	2453.0
ko:K16299	0.0	0.0	0.0	0.0	0.0	0.0	0.0	1.5	0.0	0.0
ko:K16300	1.0	0.0	0.0	0.0	0.0	0.0	2.5	1.5	0.0	0.0
ko:K16301	801.7199999999999	289.71	362.0	471.8	2344.86	1896.57	30619.89	3427.71	1814.92	4440.5
ko:K16303	0.0	0.0	0.0	0.0	220.0	10.0	38.0	0.0	0.0	0.0
ko:K16304	0.0	0.0	0.0	0.0	0.0	0.0	7.0	0.0	0.0	0.0
ko:K16306	0.0	0.0	0.0	0.0	119.0	0.0	0.0	0.0	0.0	0.0
ko:K16319	0.0	0.0	0.0	0.0	100.0	0.0	7.0	2.0	0.0	0.0
ko:K16320	0.0	0.0	0.0	0.0	100.0	0.0	7.0	2.0	0.0	0.0
ko:K16321	386.43	193.70999999999998	134.86	50.0	1296.43	17.57	1770.07	2187.64	381.93	138.92
ko:K16322	777.1500000000001	387.41999999999996	274.86	113.0	4849.79	23.14	3296.36	4375.849999999999	1093.8500000000001	1938.4199999999998
ko:K16323	0.0	0.0	9.0	68.8	628.8000000000001	3.56	509.20000000000005	110.0	96.0	178.2
ko:K16324	773.1500000000001	387.41999999999996	267.72	100.0	2595.29	23.14	3158.5699999999997	4364.71	750.86	263.13
ko:K16325	772.86	387.41999999999996	267.72	100.0	2595.29	23.14	3158.5699999999997	4364.71	750.86	261.7
ko:K16326	391.43	196.70999999999998	133.86	54.0	1296.43	11.57	1601.57	2189.14	375.43	130.85
ko:K16328	19480.23	6484.66	8840.89	11527.83	8297.29	7434.630000000001	38261.07	14588.97	8289.62	16733.07
ko:K16329	6888.0599999999995	2510.0299999999997	2250.66	4081.8	4660.029999999999	1808.41	6136.6	5843.74	1358.1	2727.35
ko:K16331	0.0	0.0	0.0	34.0	0.0	3.56	15.0	0.0	0.0	0.0
ko:K16345	6018.82	1934.71	59704.530000000006	27050.93	11435.640000000001	21103.75	31152.920000000006	15377.349999999999	6228.54	8998.119999999999
ko:K16346	775.1500000000001	387.41999999999996	274.86	108.0	3675.54	23.14	3295.86	4373.849999999999	927.85	1938.4199999999998
ko:K16347	387.72	193.70999999999998	141.0	53.0	1298.86	11.57	1722.29	2192.71	710.4200000000001	1808.9999999999998
ko:K16348	387.72	193.70999999999998	141.0	53.0	1298.86	11.57	1722.29	2196.71	710.4200000000001	1808.9999999999998
ko:K16363	30815.129999999997	4086.37	70384.67000000001	37703.01	29814.850000000006	43184.69	238360.24	41157.34	16898.11	32789.6
ko:K16370	1101.77	543.42	476.5	551.0	4117.469999999999	90.14	5365.58	4599.42	1441.8400000000001	3768.43
ko:K16371	869.1500000000001	406.41999999999996	539.86	109.0	2629.0899999999997	109.14	3521.16	4574.25	1056.8500000000001	1969.75
ko:K16421	0.0	0.0	0.0	0.0	0.0	0.0	0.0	1.5	0.0	0.0
ko:K16422	1460.0	124.5	34.0	0.0	49.0	31.0	32.0	106.0	567.0	2453.0
ko:K16423	0.0	0.0	0.0	0.0	0.0	0.0	0.0	1.5	0.0	0.0
ko:K16428	0.0	0.0	0.0	0.0	0.0	0.0	0.0	1.5	0.0	0.0
ko:K16429	0.0	0.0	0.0	0.0	0.0	0.0	0.0	1.5	0.0	0.0
ko:K16431	0.0	0.0	0.0	0.0	0.0	0.0	0.0	1.5	0.0	0.0
ko:K16432	0.0	0.0	0.0	0.0	21.0	10.0	38.0	0.0	0.0	0.0
ko:K16434	0.0	0.0	0.0	0.0	8.0	0.0	0.0	0.0	0.0	0.0
ko:K16435	0.0	0.0	0.0	0.0	0.0	0.0	0.0	3.0	0.0	0.0
ko:K16437	0.0	0.0	0.0	0.0	21.0	10.0	38.0	1.5	0.0	0.0
ko:K16438	0.0	0.0	0.0	0.0	39.0	10.0	38.0	1.5	0.0	0.0
ko:K16509	2329.36	522.0	1124.71	1028.3600000000001	3422.69	4010.2599999999998	61189.27	3815.4	2453.2	5434.22
ko:K16511	19119.11	5356.1	23964.18	18252.129999999997	6044.7	13729.160000000002	89884.67	9379.57	14695.7	30549.9
ko:K16514	0.0	3.0	0.0	0.0	3.0	0.0	0.0	0.0	29.0	0.0
ko:K16515	183.0	52.0	0.0	6.0	197.0	25.0	5.0	43.0	29.0	24.0
ko:K16516	0.0	0.0	0.0	0.0	3.0	0.0	0.0	0.0	29.0	0.0
ko:K16517	2.0	0.0	0.0	5.0	1080.25	0.0	0.0	0.0	0.0	0.0
ko:K16554	528.72	315.33	1.5	53.0	2911.0	604.33	1534.33	1631.3400000000001	922.67	12.33
ko:K16555	0.0	0.0	0.0	0.0	0.0	0.0	0.0	0.0	0.0	817.0
ko:K16556	0.0	3.0	0.0	0.0	0.0	0.0	0.0	0.0	0.0	0.0
ko:K16561	0.0	0.0	0.0	0.0	0.0	0.0	0.0	0.0	0.0	817.0
ko:K16567	0.0	0.0	0.0	0.0	94.0	0.0	0.0	0.0	0.0	0.0
ko:K16593	0.0	0.0	0.0	68.0	0.0	0.57	0.0	0.0	0.0	0.0
ko:K16619	0.0	0.0	0.0	0.0	0.0	0.0	3.67	0.0	0.0	0.0
ko:K16645	0.0	0.0	0.0	0.0	4.0	0.0	0.0	0.0	0.0	0.0
ko:K16647	0.0	0.0	0.0	0.0	22.0	0.0	0.0	0.0	0.0	0.0
ko:K16648	7.0	0.0	20.0	38.0	38.0	33.0	134.0	12.0	0.0	0.0
ko:K16649	0.0	0.0	0.0	0.0	22.0	0.0	0.0	0.0	0.0	0.0
ko:K16650	0.0	0.0	67.0	14.0	131.8	0.0	481.6	133.0	92.0	175.2
ko:K16651	1791.79	233.73000000000002	159.39	2205.33	313.84000000000003	11051.14	151423.68	11642.07	107.11	133.5
ko:K16652	0.0	0.0	35.0	0.0	44.0	0.0	0.0	0.0	0.0	0.0
ko:K16653	0.0	0.0	0.0	0.0	22.0	0.0	0.0	0.0	0.0	0.0
ko:K16692	422.65000000000003	196.70999999999998	368.2	207.8	1411.86	31.97	1867.59	2373.01	865.22	1849.3999999999999
ko:K16693	386.72	193.70999999999998	141.0	53.0	1298.86	11.57	1719.79	2196.71	681.4200000000001	1808.9999999999998
ko:K16694	0.0	0.0	0.0	34.0	0.0	0.0	0.0	0.0	0.0	0.0
ko:K16695	389.43	193.70999999999998	141.0	87.0	1298.86	11.57	1719.79	2196.71	652.4200000000001	1807.57
ko:K16696	0.0	0.0	0.0	0.0	0.0	0.0	0.0	0.0	58.0	0.0
ko:K16697	0.0	0.0	1.0	34.0	0.0	10.13	193.5	4.5	6.5	9.5
ko:K16698	681.0	4.0	82.0	467.0	165.0	309.56	5149.0	488.0	897.0	1734.0
ko:K16699	0.0	0.0	0.0	34.0	0.0	0.0	0.0	0.0	0.0	0.0
ko:K16701	0.0	0.0	0.0	6.0	0.0	24.0	8.0	10.0	0.0	0.0
ko:K16703	1841.72	1130.7	141.0	212.0	1298.86	1764.5600000000002	6091.780000000001	7075.7300000000005	3362.43	1826.56
ko:K16704	386.72	193.70999999999998	141.0	87.0	1310.86	11.57	2685.79	2283.71	681.4200000000001	1808.9999999999998
ko:K16705	656.0	312.33	320.0	163.0	2880.0	650.33	2583.33	1650.3400000000001	893.67	90.33
ko:K16706	0.0	0.0	0.0	34.0	0.0	0.0	0.0	0.0	0.0	0.0
ko:K16707	0.29	0.0	0.0	0.0	0.0	0.0	0.0	0.0	29.0	1.43
ko:K16708	1303.25	924.0	65.0	18.0	0.0	24.0	404.0	157.0	26.0	317.0
ko:K16710	5757.43	265.71	141.0	2212.0	1298.86	51.57	1719.79	2225.71	1194.4199999999998	8756.57
ko:K16711	386.43	193.70999999999998	141.0	53.0	1298.86	11.57	1719.79	2196.71	652.4200000000001	1807.57
ko:K16783	6682.41	2281.9000000000005	570.0	7853.83	1619.42	394.66	14292.23	1112.28	2871.0	1422.5
ko:K16784	1252.55	689.3299999999999	466.5	713.75	2407.5299999999997	971.58	15901.460000000001	3236.7700000000004	1511.92	1515.1599999999999
ko:K16785	94823.28	26900.949999999997	52917.78	70089.31	40542.34	104579.54000000001	966497.8200000001	88185.71	50395.549999999996	110949.46
ko:K16786	121597.14	33947.08	70281.7	76615.65	44949.34	116571.26	1036402.59	100565.67000000001	64106.53	133557.18
ko:K16787	137093.68	39736.21	78849.45	93146.48000000001	50324.240000000005	148669.33	1334858.61	118984.50000000001	71155.69	153386.05
ko:K16788	18614.8	4571.03	14667.49	9625.82	5031.67	25840.370000000003	180981.65	10904.42	10147.310000000001	22466.07
ko:K16789	32045.27	10694.01	21468.25	23672.699999999997	11901.39	31339.46	180216.72999999998	17766.77	18874.33	37405.35
ko:K16792	157.0	0.0	140.0	0.0	20.0	0.0	0.0	0.0	0.0	84.0
ko:K16793	0.0	0.0	0.0	0.0	20.0	0.0	0.0	0.0	0.0	0.0
ko:K16838	0.0	0.0	0.0	34.0	0.0	0.0	0.0	0.0	0.0	0.0
ko:K16839	4.29	0.0	2.0	0.0	19.0	0.0	3.5	90.0	184.0	2.86
ko:K16840	4.29	0.0	2.0	0.0	31.0	0.0	3.5	91.5	76.0	1.43
ko:K16841	54.29	2.8	0.0	0.0	123.2	0.0	18.5	29.0	178.0	17.43
ko:K16842	6.29	0.0	2.0	5.0	1099.25	0.0	3.5	90.0	188.0	1.43
ko:K16843	1808.29	116.6	176.2	134.0	292.4	506.0	4900.0	921.0	1048.0	3548.8599999999997
ko:K16844	548.0	55.0	88.0	52.0	1466.25	83.0	812.0	294.0	278.0	303.0
ko:K16845	1431.67	245.65999999999997	1250.67	2733.66	647.0	700.67	1209.0	965.3299999999999	404.67	843.0
ko:K16846	1240.0	207.05	88.0	66.0	784.2	187.0	858.5	355.5	254.0	383.0
ko:K16849	2490.67	334.36	1188.67	2741.66	942.8	1111.67	2258.0	1510.33	952.6700000000001	1557.0
ko:K16850	1630.67	234.26	1252.34	2904.66	707.4	1128.67	1835.0	1354.33	830.67	1723.0
ko:K16856	85.0	3.0	0.0	0.0	0.0	0.0	14.0	0.0	5.0	0.0
ko:K16868	869.52	304.71	1369.43	515.0	2983.11	2013.1399999999999	30711.89	3963.21	1813.77	4413.5
ko:K16869	39.8	12.0	122.6	178.8	631.0	48.129999999999995	4107.7	115.5	840.75	687.5
ko:K16870	0.0	0.0	0.0	14.0	43.0	10.0	78.0	18.0	11.0	34.0
ko:K16871	0.0	0.0	0.0	0.0	0.0	0.0	0.0	0.0	4.0	0.0
ko:K16872	10.0	0.0	4.0	5.0	1118.25	0.0	6.0	97.0	56.0	0.0
ko:K16874	459.0	184.8	0.0	34.0	20.2	15.0	0.0	130.0	759.0	3072.0
ko:K16875	85.0	0.0	0.0	0.0	0.0	0.0	0.0	0.0	0.0	0.0
ko:K16876	0.0	0.0	0.0	0.0	3.0	0.0	0.0	0.0	0.0	0.0
ko:K16877	0.0	0.0	0.0	0.0	3.0	0.0	0.0	0.0	0.0	0.0
ko:K16878	386.43	193.70999999999998	133.86	50.0	1299.43	11.57	1576.57	2181.14	375.43	129.42
ko:K16879	2.0	0.0	0.0	5.0	1080.25	0.0	0.0	0.0	0.0	0.0
ko:K16880	4.0	0.0	0.0	10.0	2163.5	0.0	0.0	0.0	0.0	0.0
ko:K16881	4668.59	1339.0600000000002	680.75	764.0	2623.11	17879.29	101483.58	3084.84	1233.5	3254.75
ko:K16885	693.67	325.67	120.33	144.67000000000002	80.0	64.0	1414.67	52.67	275.33	329.0
ko:K16886	223.0	68.0	0.0	47.0	72.0	0.0	0.0	5.0	275.0	329.0
ko:K16887	241.0	68.0	0.0	47.0	81.0	0.0	0.0	10.0	275.0	335.0
ko:K16898	46802.71000000001	12726.85	28590.55	34086.850000000006	14786.29	45548.67	373672.12	32524.359999999997	22716.91	46093.59
ko:K16899	46221.21000000001	12675.85	27566.550000000003	31334.850000000002	14360.29	45527.67	373312.62	32482.859999999997	22624.91	45987.59
ko:K16902	0.0	0.0	0.0	0.0	99.0	3.56	0.0	0.0	0.0	0.0
ko:K16905	13.93	0.0	21.5	86.0	16.0	33.0	197.5	47.5	6.0	7.0
ko:K16906	7.0	0.0	20.0	52.0	16.0	33.0	198.5	47.5	6.0	7.0
ko:K16907	13.0	0.75	20.0	66.0	33.0	70.0	247.5	41.5	98.0	135.0
ko:K16915	3262.1	603.6299999999999	1185.83	193.0	656.2	905.83	3411.33	2675.34	2130.67	3231.33
ko:K16916	0.0	0.0	0.0	41.8	0.0	0.0	0.0	0.0	0.0	0.0
ko:K16917	0.0	0.0	1.0	41.8	0.0	6.0	193.5	4.5	6.5	9.5
ko:K16918	49.0	5.0	56.0	119.0	99.0	114.57	143.0	0.0	51.0	270.0
ko:K16919	169.0	12.0	0.0	68.0	5.0	0.0	0.0	6.0	0.0	0.0
ko:K16920	0.0	0.0	0.0	34.0	99.0	0.57	0.0	0.0	0.0	0.0
ko:K16921	0.0	0.0	1.0	34.0	0.0	9.56	208.5	4.5	6.5	9.5
ko:K16922	357.79999999999995	23.13	144.37	166.0	897.84	224.95	308.47	105.47999999999999	1234.16	1678.07
ko:K16923	2872.83	1216.97	483.14	320.15999999999997	1465.6599999999999	574.1099999999999	6803.81	3465.13	833.6800000000001	2937.34
ko:K16924	5626.38	2882.9300000000003	3025.44	3468.6	2072.1	4125.77	53674.35	3481.67	6004.5599999999995	13936.82
ko:K16925	210.8	81.33	212.76999999999998	278.22	2356.27	252.82	5144.82	1332.92	390.25	1090.15
ko:K16926	7814.91	1166.74	2512.59	2242.41	4494.92	4020.65	36640.92	4316.07	3065.57	8499.95
ko:K16927	8913.44	2355.88	6745.25	14442.66	1616.45	23066.07	152982.9	5503.5	5255.6	12552.75
ko:K16928	0.0	0.0	0.0	0.0	0.0	15.0	0.0	118.0	0.0	39.0
ko:K16929	61.0	0.0	229.0	32.0	91.0	0.0	0.0	0.0	0.0	0.0
ko:K16936	6321.0	571.3299999999999	78.0	2540.0	1896.0	1050.33	1565.33	1703.8400000000001	1403.67	6955.33
ko:K16937	7773.5	829.6600000000001	494.42	3062.9700000000003	5707.17	1711.9	5920.35	4017.51	1428.42	6991.33
ko:K16950	1941.4	211.58	312.14	482.0	294.9	739.04	5419.32	1062.42	194.76	672.27
ko:K16951	40792.5	11980.35	24249.84	28861.49	11849.83	16024.440000000002	109286.17	19129.1	20111.210000000003	39110.07
ko:K16956	0.0	0.0	0.0	0.0	0.0	3.56	0.0	0.0	0.0	0.0
ko:K16957	121.0	43.75	289.25	212.5	969.25	328.12	8978.25	797.5	745.85	835.1800000000001
ko:K16958	61.29	30.75	87.25	80.5	1000.25	68.12	2479.0	559.75	51.6	240.43
ko:K16959	476.29	118.75	285.25	396.5	1431.25	1917.68	30402.0	1702.75	1112.2	2792.4300000000003
ko:K16960	11812.74	4074.75	5380.45	5759.5	3303.25	6528.5599999999995	51709.0	6886.75	7384.53	15630.869999999999
ko:K16961	257.4	0.0	40.0	7363.5	41.2	57.4	4490.6	369.0	871.4	1700.2
ko:K16962	8329.15	4518.8	1705.58	3362.0	2126.98	3946.2400000000002	44121.35	3118.67	4643.0	11630.45
ko:K16963	320.69	73.3	0.0	37.0	24.4	10.4	78.6	46.0	41.4	67.63000000000001
ko:K16968	0.0	0.0	0.0	0.0	3.0	0.0	0.0	0.0	0.0	0.0
ko:K16969	0.0	0.0	0.0	0.0	3.0	0.0	0.0	0.0	0.0	0.0
ko:K17050	1214.0	73.0	34.0	0.0	140.0	31.0	32.0	20.0	535.0	2453.0
ko:K17051	1703.0	121.0	34.0	0.0	429.0	114.0	842.0	310.0	708.0	2593.0
ko:K17060	2.0	0.0	0.0	5.0	1080.25	0.0	0.0	0.0	4.0	0.0
ko:K17061	2.0	0.0	0.0	5.0	1080.25	0.0	0.0	0.0	4.0	0.0
ko:K17063	25.33	0.0	11.5	17.0	12.0	74.0	49.0	109.0	62.0	150.0
ko:K17067	281.75	180.0	145.25	193.75	1227.3	57.0	2948.35	777.25	137.25	748.2
ko:K17073	23963.370000000003	7591.45	11779.41	15017.339999999998	9739.17	10909.89	78095.32	11159.08	12664.240000000002	35933.48
ko:K17074	23509.4	7835.12	14472.64	14357.919999999998	11621.0	10666.14	76814.05	10709.41	12709.990000000002	35763.48
ko:K17076	12922.46	3972.06	9388.83	7992.519999999999	5502.790000000001	6753.57	55603.92	6099.78	7237.42	21278.67
ko:K17103	45363.86	6728.65	73585.51	41116.15	34615.54	45292.96	253846.80000000002	44459.600000000006	19328.010000000002	38589.55
ko:K17104	0.0	0.0	0.0	0.0	20.0	0.0	0.0	0.0	0.0	0.0
ko:K17105	0.0	0.0	0.0	0.0	20.0	0.0	0.0	0.0	0.0	0.0
ko:K17108	6176.5	149.0	308.5	2145.0	679.0	5364.0	8388.8	1772.5	510.0	6949.0
ko:K17195	1007.47	311.21	181.36	7284.5	1476.43	26.57	2021.57	2498.14	647.4300000000001	451.78000000000003
ko:K17202	1051.69	188.0	28.14	57.0	817.7	55.4	762.8899999999999	274.89	336.64	1833.53
ko:K17203	1036.29	177.0	28.14	54.0	800.0	48.0	786.29	250.89	328.24	1807.3300000000002
ko:K17204	1043.6100000000001	178.0	35.28	57.0	818.36	45.0	895.44	234.89000000000001	745.2300000000001	3477.9200000000005
ko:K17205	386.72	193.70999999999998	141.0	53.0	1298.86	11.57	1719.79	2196.71	685.4200000000001	1810.4299999999998
ko:K17206	0.0	0.0	0.0	0.0	0.0	0.0	0.0	0.0	4.0	1.43
ko:K17207	0.0	0.0	0.0	0.0	0.0	0.0	0.0	0.0	4.0	1.43
ko:K17208	0.0	0.0	0.0	0.0	0.0	0.0	0.5	0.0	0.0	0.0
ko:K17209	422.22	209.70999999999998	143.0	116.75	1505.86	19.32	1888.29	2244.21	729.6700000000001	2247.0
ko:K17210	0.0	0.0	0.0	0.0	0.0	0.0	3.0	0.0	0.0	0.0
ko:K17213	5275.56	1509.9299999999998	1675.9100000000003	4867.42	3294.11	14892.550000000001	160243.94999999998	15416.54	4835.76	9064.93
ko:K17214	795.09	280.0	336.43	266.0	80.0	569.0	3800.85	795.0	125.0	490.43
ko:K17215	326.03	170.0	151.82999999999998	135.0	51.0	291.0	249.0	505.0	349.0	298.44
ko:K17216	1.33	0.0	16.0	68.8	652.0	1015.1299999999999	3474.27	183.0	26.0	0.0
ko:K17217	0.0	0.0	17.0	68.8	626.0	10.13	526.1	149.5	32.5	9.5
ko:K17218	2250.0	334.25	622.0	652.5	3845.0	1662.0	7782.8	3606.5	35.0	6.0
ko:K17222	0.0	0.0	0.0	0.0	0.0	0.0	0.0	0.0	5.0	0.0
ko:K17223	0.0	0.0	0.0	0.0	0.0	0.0	0.0	0.0	5.0	0.0
ko:K17224	1.0	0.0	0.0	0.0	0.0	0.0	2.5	0.0	5.0	0.0
ko:K17225	0.0	0.0	0.0	0.0	3.0	0.0	7.0	0.0	2.0	0.0
ko:K17226	2.0	0.0	0.0	0.0	0.0	0.0	5.0	0.0	12.0	0.0
ko:K17227	1.0	0.0	0.0	0.0	0.0	0.0	2.5	0.0	7.0	0.0
ko:K17228	6.0	0.0	2.0	5.0	1633.25	4.13	17.0	90.0	56.0	0.0
ko:K17229	0.0	0.0	0.0	0.0	0.0	0.0	0.0	1.5	0.0	0.0
ko:K17230	0.0	0.0	0.0	0.0	0.0	0.0	0.0	1.5	0.0	0.0
ko:K17234	2362.4599999999996	677.01	120.92999999999999	114.4	100.67	174.2	973.4	235.73	118.4	167.2
ko:K17235	2654.4599999999996	698.01	181.93	151.39999999999998	125.67	175.76999999999998	1193.4	362.73	72.4	110.2
ko:K17236	749.8	34.0	123.6	111.4	43.0	110.2	822.4	175.4	26.4	42.2
ko:K17237	129.56	11.0	140.11	223.36	552.89	290.57	3920.92	397.75	886.25	892.64
ko:K17238	438.0	31.0	98.0	106.0	28.0	290.0	3286.25	234.75	821.25	830.75
ko:K17239	89.0	13.0	18.0	35.0	65.0	275.0	278.0	258.0	132.0	236.0
ko:K17240	4396.459999999999	950.9399999999999	4503.74	1708.0	1076.88	1158.6399999999999	10142.83	1026.47	2809.36	8507.07
ko:K17241	28.0	8.0	0.0	23.0	40.0	115.0	0.0	181.0	14.0	41.0
ko:K17242	28.0	27.0	0.0	23.0	214.0	179.67000000000002	32.17	448.67	48.0	82.0
ko:K17243	92.25	48.0	64.25	92.0	1031.8	156.25	1710.35	790.75	148.0	288.2
ko:K17244	157.0	0.0	280.0	0.0	94.0	25.0	0.0	30.0	0.0	108.0
ko:K17245	157.0	3.0	280.0	0.0	94.0	18.67	9.17	1.67	5.0	84.0
ko:K17246	1458.0	919.0	340.0	18.0	0.0	24.0	404.0	154.0	26.0	401.0
ko:K17247	392.72	196.70999999999998	141.0	58.0	2476.11	15.13	1729.29	2196.71	690.4200000000001	1808.9999999999998
ko:K17248	1242.75	111.0	449.75	327.33	107.75	58.0	4586.75	624.5	1297.0	1733.25
ko:K17249	0.0	0.0	0.0	6.0	0.0	24.0	8.0	10.0	0.0	0.0
ko:K17250	0.0	0.0	0.0	0.0	0.0	0.0	0.0	0.0	0.0	4.0
ko:K17251	0.0	0.0	0.0	0.0	1.0	0.0	0.0	0.0	2.0	0.0
ko:K17266	0.0	0.0	0.0	0.0	94.0	0.0	0.0	0.0	0.0	0.0
ko:K17285	0.0	0.0	0.0	0.0	0.0	0.0	7.0	0.0	0.0	0.0
ko:K17292	0.0	0.0	0.0	0.0	5.0	0.0	0.0	0.0	0.0	0.0
ko:K17299	0.0	0.0	0.0	0.0	0.0	0.0	0.0	0.0	0.0	817.0
ko:K17311	122.0	8.0	246.0	143.0	16.0	137.0	70.0	43.0	0.0	34.0
ko:K17312	0.0	8.0	0.0	0.0	40.0	48.0	0.0	163.0	14.0	41.0
ko:K17313	10.4	18.0	0.0	3.0	44.2	73.4	20.6	338.0	35.4	134.2
ko:K17315	47.0	11.0	123.0	5.0	1080.25	0.0	915.0	43.0	8.0	27.0
ko:K17316	494.4	54.0	19.0	87.0	1181.45	531.4	1085.6	531.5	490.4	1191.2
ko:K17317	2.0	0.0	0.0	5.0	1080.25	0.0	883.0	10.5	8.0	27.0
ko:K17318	76358.13	26246.300000000003	61020.68000000001	37713.03	9463.04	24104.89	162054.71	22470.34	45551.41	117113.41
ko:K17319	68890.41	26821.230000000003	53982.200000000004	34024.76	7508.6900000000005	21700.69	160027.49000000002	21535.37	45134.01	121764.56
ko:K17320	60372.91	21902.230000000003	43361.7	27179.760000000002	7474.6900000000005	18057.690000000002	135143.49	18830.37	33915.01	88139.56
ko:K17321	18.0	0.0	0.0	0.0	103.0	0.0	0.0	5.0	9.0	6.0
ko:K17322	18.0	0.0	0.0	0.0	103.0	0.0	0.0	5.0	14.0	6.0
ko:K17323	18.0	3.0	0.0	0.0	103.0	0.0	14.0	5.0	117.0	6.0
ko:K17324	936.0	398.6	610.0	11506.0	4224.599999999999	7748.6	8115.0	2376.7999999999997	2053.3999999999996	2676.4
ko:K17325	18.0	0.0	0.0	0.0	103.0	0.0	0.0	5.0	9.0	6.0
ko:K17329	0.0	0.0	112.0	0.0	51.0	20.0	76.0	30.5	0.0	0.0
ko:K17330	30.5	16.33	3.67	70.42	203.17	18.75	1251.67	130.67000000000002	71.25	505.0
ko:K17331	30.5	15.0	2.0	63.75	189.5	7.75	165.0	73.5	48.25	438.0
ko:K17362	0.0	0.0	0.0	0.0	12.0	0.0	966.0	87.0	0.0	0.0
ko:K17363	4536.34	1267.33	420.0	241.82999999999998	894.5	1268.17	4792.67	727.34	691.0	3374.0
ko:K17364	229.0	142.0	105.0	90.0	8.0	46.0	843.0	38.0	0.0	0.0
ko:K17398	401.0	28.0	0.0	0.0	0.0	33.0	20.0	98.0	0.0	0.0
ko:K17414	0.0	0.0	0.0	0.0	21.0	10.0	38.0	0.0	0.0	0.0
ko:K17462	191.4	263.4	244.6	116.80000000000001	878.4	198.13	1533.7999999999997	1383.8	122.0	353.0
ko:K17463	0.0	6.0	20.0	35.0	0.0	51.56	298.0	27.0	25.0	0.0
ko:K17464	0.0	0.0	0.0	6.0	0.0	24.0	12.4	10.0	0.0	0.0
ko:K17465	0.0	0.0	0.0	6.0	0.0	24.0	14.4	10.0	0.0	0.0
ko:K17466	82.0	26.0	30.0	12.0	0.0	48.0	29.4	20.0	0.0	10.0
ko:K17467	47.0	18.0	0.0	6.0	2.43	24.0	21.83	16.43	0.0	0.0
ko:K17468	0.0	8.0	0.0	18.0	40.0	95.0	24.0	163.0	14.0	17.0
ko:K17472	1.33	0.0	1.5	41.8	626.0	4.13	36.6	0.0	0.0	0.0
ko:K17474	0.0	0.0	0.0	34.0	0.0	0.0	0.0	0.0	0.0	0.0
ko:K17485	0.0	0.0	0.0	34.0	0.0	0.0	0.0	0.0	0.0	0.0
ko:K17488	0.0	0.0	0.0	0.0	20.0	0.0	0.0	0.0	0.0	0.0
ko:K17489	18.0	0.0	70.0	0.0	45.0	0.0	1716.0	5.0	0.0	6.0
ko:K17490	29.0	28.0	41.0	42.0	35.0	368.0	1026.0	40.0	265.0	955.0
ko:K17497	0.0	0.0	0.0	0.0	0.0	0.0	0.0	0.0	0.0	817.0
ko:K17623	0.0	0.0	0.0	0.0	0.0	0.0	0.0	0.0	4.0	0.0
ko:K17624	174.3	43.0	56739.6	100.75	262.0	7022.75	3510.6	745.0	139.5	662.0
ko:K17640	191.25	35.0	38.25	40.0	977.8000000000001	3.25	1453.35	504.75	89.0	175.2
ko:K17675	5285.700000000001	980.73	6461.710000000001	4704.52	725.38	3383.03	10936.64	1904.58	2829.4	3035.09
ko:K17680	23365.45	1925.3899999999999	2631.75	13601.099999999999	16452.95	13113.35	27174.79	5852.77	9388.36	24701.440000000002
ko:K17686	82730.49	17123.370000000003	97003.67000000001	70255.87	61857.869999999995	85045.52	485831.54000000004	65238.18	43116.36	83365.87000000001
ko:K17713	2061.72	338.21	263.83000000000004	220.0	2583.94	149.07999999999998	2039.4599999999998	2361.05	1272.4199999999998	5079.0
ko:K17716	20865.9	3786.8999999999996	3225.1	10232.3	17363.05	11063.8	42278.5	9383.8	7995.200000000001	20046.4
ko:K17722	29575.56	3598.75	67611.14	36205.68	29719.190000000002	31589.91	90064.4	30325.65	16718.120000000003	36953.69
ko:K17723	3548.43	1313.21	159.36	7278.5	3267.6800000000003	87.19999999999999	1958.57	2723.64	607.9300000000001	479.42
ko:K17733	4661.0	649.3299999999999	1564.8700000000001	1417.0	3354.0	1757.02	5582.83	3409.34	1067.67	555.3299999999999
ko:K17734	13675.599999999999	3795.2	13424.7	10087.67	1798.19	6829.540000000001	27738.519999999997	5384.9	9714.45	16566.55
ko:K17735	1054.0	158.0	34.0	118.0	2560.5	1060.0	2011.0	438.0	723.0	2085.0
ko:K17736	388.72	193.70999999999998	141.0	58.0	2379.11	11.57	1726.79	2204.71	685.4200000000001	1808.9999999999998
ko:K17737	390.72	193.70999999999998	141.0	63.0	3459.359999999999	11.57	1720.29	2279.71	761.42	1808.9999999999998
ko:K17743	773.1500000000001	387.41999999999996	267.72	100.0	2595.29	23.14	3158.5699999999997	4370.71	779.86	260.27
ko:K17752	24.0	2.8	20.0	72.0	662.2	40.69	149.0	13.5	0.0	0.0
ko:K17758	67569.8	15785.029999999999	94508.62	64265.39	41612.7	75013.23000000001	433220.17000000004	54740.13	33911.08	71720.35
ko:K17759	66082.8	15657.529999999999	94631.99	64346.39	41636.87	74998.72	434438.0	55009.79	33428.41	69617.35
ko:K17762	24.0	2.8	20.0	72.0	662.2	37.13	149.0	15.0	0.0	0.0
ko:K17763	189.4	10.95	88.6	248.8	3594.6	307.31	1177.3	220.8	0.0	19.0
ko:K17810	6846.25	3725.33	1868.1200000000001	3628.67	2682.17	22031.25	115982.12	3789.42	5020.5	15165.0
ko:K17811	485.0	312.33	0.0	53.0	0.0	584.33	1457.33	1627.8400000000001	893.67	6.33
ko:K17816	1709.5	226.5	146.25	1894.33	276.0	11028.5	151133.75	11524.5	124.75	360.0
ko:K17818	22.25	23.0	38.25	40.0	870.0	18.25	978.75	518.75	0.0	39.0
ko:K17828	69451.92	15964.089999999998	94089.93000000001	66155.42000000001	40291.3	76877.03	462959.11	59320.71	38428.350000000006	79503.09
ko:K17829	0.0	0.0	0.0	47.0	21.0	10.0	38.0	1.5	0.0	0.0
ko:K17830	0.0	0.0	0.0	0.0	20.0	0.0	0.0	0.0	0.0	0.0
ko:K17835	0.0	0.0	0.0	0.0	0.0	0.0	0.0	1.5	0.0	0.0
ko:K17836	43203.15	5964.37	70995.18000000001	40905.51	30052.940000000002	35307.03999999999	99301.87	37940.759999999995	23116.83	46160.380000000005
ko:K17837	1583.0	140.5	80.83	115.0	53.83	278.84000000000003	57.0	387.16999999999996	535.0	2635.0
ko:K17838	503.0	48.0	128.0	144.0	324.0	149.0	1087.0	314.0	264.0	303.0
ko:K17840	0.0	0.0	0.0	0.0	0.0	0.0	0.0	1.5	0.0	0.0
ko:K17850	2.0	0.0	0.0	5.0	1080.25	0.0	7.5	0.0	4.0	0.0
ko:K17865	254.0	143.6	12.0	153.0	137.2	902.0	425.9	168.9	557.0	1959.0
ko:K17867	109.0	17.0	0.0	0.0	0.0	0.0	0.0	0.0	0.0	0.0
ko:K17869	0.8	6.0	21.6	33.0	5.0	0.0	467.6	13.0	72.0	40.0
ko:K17870	0.0	0.0	0.0	0.0	20.0	0.0	0.0	0.0	0.0	0.0
ko:K17877	0.0	0.0	0.0	0.0	0.0	0.0	56.0	61.0	0.0	0.0
ko:K17880	0.0	0.0	0.0	0.0	99.0	0.0	0.0	0.0	0.0	0.0
ko:K17882	0.0	0.0	0.0	0.0	99.0	0.0	0.0	0.0	0.0	0.0
ko:K17883	0.0	0.0	35.0	14.0	22.0	0.0	858.0	0.0	3.0	0.0
ko:K17884	386.72	193.70999999999998	141.0	53.0	1318.86	11.57	1719.79	2196.71	573.4200000000001	1808.9999999999998
ko:K17898	2383.0	1045.0	2.2	10.0	126.0	29.0	1230.0	416.0	33.0	92.0
ko:K17899	2383.0	1045.0	2.2	10.0	126.0	29.0	1230.0	416.0	33.0	92.0
ko:K17910	86.0	26.0	0.0	0.0	102.0	0.0	0.0	0.0	0.0	0.0
ko:K17938	408.72	193.70999999999998	143.0	53.0	1327.86	11.57	1722.79	2291.71	728.42	1814.9999999999998
ko:K17940	2.0	0.0	0.0	5.0	1080.25	0.0	0.0	0.0	0.0	0.0
ko:K17947	139.79	44.0	27.14	196.3	885.0	20.0	1596.89	1627.64	362.99	1699.5800000000002
ko:K17948	386.43	193.70999999999998	143.86	50.0	1296.43	11.57	1576.57	2190.14	375.43	129.42
ko:K17950	368.28999999999996	59.5	253.14	159.0	16.0	221.56	224.29	132.64	245.49	1722.5800000000002
ko:K17981	0.0	0.0	140.0	0.0	0.0	0.0	0.0	0.0	0.0	0.0
ko:K17989	18.0	0.0	0.0	0.0	9.0	0.0	7.0	5.0	5.0	6.0
ko:K17992	12309.83	4740.4	1594.5	1985.83	6205.03	21073.16	114135.96	10915.650000000001	4898.65	8552.45
ko:K17997	157.0	0.0	280.0	0.0	0.0	0.0	0.0	0.0	0.0	84.0
ko:K18000	2.0	0.0	0.0	5.0	1080.25	0.0	0.0	0.0	0.0	0.0
ko:K18001	2.0	0.0	0.0	5.0	1080.25	0.0	0.0	0.0	0.0	0.0
ko:K18002	2.0	0.0	0.0	5.0	1080.25	0.0	0.0	0.0	0.0	0.0
ko:K18003	2.0	0.0	0.0	5.0	1080.25	0.0	0.0	0.0	0.0	0.0
ko:K18005	1.0	0.0	0.0	0.0	0.0	0.0	2.5	0.0	0.0	0.0
ko:K18006	1372.0	73.0	314.0	0.0	46.0	31.0	892.5	20.0	535.0	2537.0
ko:K18007	490.0	48.0	0.0	0.0	289.0	83.0	1670.5	291.5	173.0	140.0
ko:K18008	1459.0	237.0	88.0	94.0	590.0	166.0	1622.0	585.0	697.0000000000001	772.0
ko:K18009	96.0	1.0	5.34	0.0	17.5	0.0	19.0	40.0	0.33	4.0
ko:K18011	4029.26	1693.7099999999998	273.53	860.6700000000001	1743.67	859.2700000000001	1467.9	1276.57	305.5	1046.0
ko:K18012	4028.86	1716.06	283.73	1352.67	2040.87	986.8699999999999	1510.8	1369.4699999999998	321.5	1054.0
ko:K18013	5307.66	2177.66	354.53	1242.67	3013.67	2496.67	3065.0	1860.5700000000002	1414.9	5186.63
ko:K18014	3951.26	1692.79	366.66999999999996	973.6700000000001	1996.48	1001.9100000000001	10585.9	2682.21	323.86	1218.0700000000002
ko:K18028	0.0	0.0	0.0	0.0	6.0	0.0	7.0	0.0	4.0	0.0
ko:K18029	6.0	0.0	0.0	15.0	3243.75	0.0	7.0	0.0	9.0	0.0
ko:K18030	0.0	0.0	0.0	0.0	3.0	0.0	7.0	0.0	4.0	0.0
ko:K18067	0.0	0.0	0.0	0.0	3.0	0.0	7.0	1.5	5.0	0.0
ko:K18068	0.0	0.0	0.0	0.0	21.0	0.0	14.0	0.0	0.0	0.0
ko:K18072	2.0	0.0	0.0	5.0	1174.25	0.0	7.0	0.0	4.0	0.0
ko:K18073	2.0	0.0	0.0	5.0	1174.25	0.0	7.0	0.0	9.0	0.0
ko:K18076	169.0	12.0	0.0	0.0	0.0	0.0	0.0	0.0	0.0	0.0
ko:K18087	0.0	0.0	0.0	0.0	0.0	0.0	0.0	4.0	0.0	0.0
ko:K18089	0.0	0.0	0.0	0.0	0.0	0.0	0.0	4.0	0.0	0.0
ko:K18092	0.0	0.0	0.0	0.0	21.0	10.0	38.0	0.0	0.0	0.0
ko:K18093	2.0	0.0	0.0	5.0	1080.25	0.0	0.5	0.0	8.0	0.0
ko:K18094	489.0	312.33	0.0	63.0	2160.5	584.33	1464.33	1626.3400000000001	898.67	6.33
ko:K18095	487.0	312.33	0.0	58.0	1080.25	584.33	1464.33	1626.3400000000001	898.67	6.33
ko:K18099	2.29	0.0	0.0	5.0	1080.25	0.0	0.0	0.0	29.0	1.43
ko:K18100	4.0	0.0	0.0	37.0	2160.5	0.0	7.0	0.0	15.0	0.0
ko:K18101	2.0	0.0	0.0	5.0	1080.25	0.0	7.0	0.0	0.0	0.0
ko:K18104	400.72	193.70999999999998	141.0	141.8	1978.86	15.700000000000001	1825.39	2347.71	681.4200000000001	1811.9999999999998
ko:K18115	0.0	0.0	0.0	34.0	626.0	4.13	15.0	0.0	0.0	0.0
ko:K18118	24438.960000000003	2727.3500000000004	69796.53	58675.509999999995	23203.56	41702.38999999999	204873.00999999998	31622.170000000002	9617.87	20385.12
ko:K18119	819.27	174.86	936.67	3067.66	649.1	793.27	4625.4	1227.73	345.66999999999996	766.0
ko:K18120	2629.86	342.78999999999996	1429.87	3342.99	756.5	2059.94	5648.07	1997.7299999999998	624.34	1945.0
ko:K18121	489.0	48.0	0.0	0.0	289.0	83.0	810.0	290.0	173.0	140.0
ko:K18122	1345.77	158.63	136.4	809.6600000000001	529.0	1838.6	4543.07	1635.2299999999998	528.0	2019.33
ko:K18123	54.0	2.8	0.0	0.0	20.2	0.0	0.0	0.0	0.0	0.0
ko:K18129	13.2	0.0	0.0	5.0	1080.25	0.0	7.0	0.0	0.0	0.0
ko:K18130	2.0	0.0	0.0	5.0	1080.25	0.0	0.0	0.0	0.0	0.0
ko:K18131	2.0	0.0	0.0	5.0	1080.25	0.0	0.0	0.0	0.0	0.0
ko:K18135	13.2	0.0	0.0	5.0	1080.25	0.0	0.0	0.0	0.0	0.0
ko:K18136	0.0	0.0	985.83	93.0	0.0	31.0	51.0	260.0	5.0	0.0
ko:K18137	4.0	0.0	2.0	0.0	19.0	0.0	3.0	90.0	47.0	0.0
ko:K18138	29896.83	3893.9200000000005	3809.49	34330.93	32799.66	19966.010000000002	56234.770000000004	25438.879999999997	18686.95	40652.130000000005
ko:K18139	36730.36	5045.119999999999	3105.94	36705.18	41043.4	23829.84	89466.11	34691.8	25104.88	46290.21
ko:K18140	397.92	193.70999999999998	141.0	53.0	1298.86	11.57	1719.79	2196.71	544.4200000000001	1808.9999999999998
ko:K18141	1159.5800000000002	581.13	415.86	156.0	3894.15	34.71	5016.150000000001	6568.5599999999995	1464.27	3745.99
ko:K18142	773.1500000000001	387.41999999999996	282.0	106.0	2597.72	23.14	3439.58	4391.42	1088.8400000000001	3616.5699999999997
ko:K18143	511.33	51.0	11.5	17.0	301.0	157.0	873.5	399.0	260.0	297.0
ko:K18144	391.01	193.70999999999998	143.0	53.0	1317.86	11.57	1737.29	2286.71	747.4200000000001	1810.4299999999998
ko:K18145	173.0	12.0	46.83	96.0	2256.33	21.84	9.0	21.17	19.0	0.0
ko:K18146	2.0	0.0	0.0	5.0	1080.25	0.0	7.5	0.0	15.0	0.0
ko:K18147	386.72	193.70999999999998	133.86	50.0	1296.43	11.57	1576.57	2181.14	419.43	130.85
ko:K18148	961.4999999999999	382.37	526.53	393.65999999999997	2608.88	1251.6399999999999	2682.17	3629.47	975.0	1611.0500000000002
ko:K18149	458.0	290.0	230.0	203.0	16.0	92.0	1968.0	83.0	25.0	0.0
ko:K18195	0.0	1.0	0.0	0.0	0.0	0.0	0.0	2.0	0.0	0.0
ko:K18197	21850.14	3671.77	41684.4	33342.69	7999.25	17432.739999999998	93400.47	4169.9	21627.07	41351.009999999995
ko:K18198	352.0	64.0	294.0	600.0	0.0	218.0	16104.0	104.0	390.0	482.0
ko:K18199	0.0	0.0	63.0	0.0	99.0	0.0	14.0	23.0	9.0	0.0
ko:K18205	30.75	15.25	2.0	64.25	354.05	11.0	1128.35	340.5	137.25	728.2
ko:K18206	0.0	0.0	0.0	0.0	0.0	21395.0	21930.0	1435.0	0.0	0.0
ko:K18209	0.0	0.0	0.0	0.0	20.0	0.0	0.0	0.0	0.0	0.0
ko:K18210	0.0	0.0	0.0	0.0	20.0	0.0	0.0	0.0	0.0	0.0
ko:K18214	405.56	0.0	44.11	8.56	16.89	237.0	643.67	74.0	0.0	24.89
ko:K18215	0.0	0.0	0.0	0.0	0.0	0.0	0.0	1.5	0.0	0.0
ko:K18216	964.8	22.0	56.6	85.0	1332.0	44.57	1943.6	70.0	97.5	273.0
ko:K18217	964.8	22.0	56.6	85.0	1332.0	44.57	1943.6	70.0	97.5	273.0
ko:K18218	0.0	0.0	0.0	0.0	0.0	0.0	15.0	0.0	0.0	0.0
ko:K18219	0.0	0.0	0.0	0.0	0.0	0.0	0.0	0.0	4.0	0.0
ko:K18220	13186.019999999999	3562.41	43331.76	32873.58	10930.220000000001	18718.71	52476.369999999995	15327.24	11688.3	26788.140000000003
ko:K18227	0.0	0.0	0.0	0.0	0.0	0.0	0.0	87.0	32.0	0.0
ko:K18230	0.0	1.33	1.67	6.67	2.67	3.33	222.0	94.17	23.0	87.0
ko:K18231	634.4	76.75	21.0	218.0	1230.7	142.03	26982.0	670.5	489.65	1983.2
ko:K18232	0.0	0.0	35.0	0.0	21.0	10.0	38.0	3.0	0.0	0.0
ko:K18233	0.0	0.0	35.0	0.0	50.0	20.0	76.0	6.0	0.0	20.0
ko:K18234	17017.83	2037.3200000000002	1419.25	6130.07	14612.409999999998	7289.969999999999	24637.77	12741.55	10616.55	26611.51
ko:K18235	24.0	12.0	0.0	39.0	1086.25	3.56	9.0	3.5	5.0	0.0
ko:K18236	0.0	0.0	0.0	7200.5	0.0	0.0	0.0	0.0	0.0	0.0
ko:K18242	1.0	0.0	0.0	0.0	97.0	0.0	2.5	4.0	29.0	0.0
ko:K18243	0.0	0.0	0.0	0.0	97.0	0.0	0.0	2.0	0.0	0.0
ko:K18244	0.0	0.0	0.0	34.0	630.0	4.13	54.25	54.75	35.0	26.75
ko:K18248	0.0	0.0	0.0	0.0	0.0	0.0	14.5	0.0	49.0	0.0
ko:K18249	0.0	0.0	0.0	0.0	0.0	0.0	14.0	0.0	0.0	0.0
ko:K18253	1.33	0.0	1.5	0.0	0.0	0.0	1.0	0.0	0.0	0.0
ko:K18254	0.0	0.0	0.0	0.0	21.0	10.0	38.0	0.0	0.0	0.0
ko:K18277	0.0	0.0	0.0	0.0	97.0	0.0	0.0	0.0	0.0	0.0
ko:K18284	43.33	4.0	22.5	26.0	13.0	74.0	72.0	125.0	64.0	157.0
ko:K18285	4734.5	921.3	118.0	2286.5	5760.7	1892.5	33715.0	10342.0	7092.0	12754.0
ko:K18286	0.0	0.0	0.0	0.0	42.0	23.0	135.0	1.5	13.0	0.0
ko:K18287	0.0	0.0	0.0	0.0	0.0	3.0	59.0	1.5	13.0	0.0
ko:K18289	2.0	0.0	0.0	5.0	1174.25	0.0	0.0	0.0	4.0	0.0
ko:K18290	0.0	0.0	0.0	0.0	0.0	0.0	0.0	1.5	0.0	0.0
ko:K18291	2.0	3.0	0.0	5.0	1174.25	0.0	7.0	0.0	4.0	0.0
ko:K18292	710.0	114.0	0.0	5.0	1472.25	83.0	810.0	295.0	177.0	146.0
ko:K18294	4.0	0.0	0.0	10.0	2254.5	0.0	0.0	0.0	0.0	0.0
ko:K18295	173.0	12.0	46.83	96.0	2256.33	21.84	9.0	21.17	0.0	0.0
ko:K18296	2.0	0.0	0.0	5.0	1174.25	0.0	7.0	0.0	0.0	0.0
ko:K18297	4.0	0.0	0.0	10.0	2254.5	0.0	7.0	0.0	120.0	0.0
ko:K18298	59.79	0.0	0.0	10.0	2160.5	0.0	0.5	0.0	33.0	1.43
ko:K18299	4.29	0.0	0.0	10.0	2160.5	0.0	0.5	0.0	33.0	1.43
ko:K18300	29926.629999999997	3552.0399999999995	2258.25	36353.18	32156.35	22286.53	80696.49	26025.0	20135.69	38271.270000000004
ko:K18301	91.0	3.0	2.0	5.0	1141.25	20.0	79.0	91.5	36.0	2.86
ko:K18302	2120.5	408.5	2968.25	1899.33	1375.25	11028.5	151136.75	11626.5	934.75	3393.0
ko:K18303	2123.79	411.5	2968.25	1904.33	2549.5	11028.5	151146.75	11626.5	976.75	3394.43
ko:K18304	2.0	0.0	0.0	5.0	1177.25	0.0	7.0	0.0	0.0	0.0
ko:K18305	2.0	0.0	0.0	5.0	1080.25	0.0	0.0	0.0	0.0	0.0
ko:K18306	2.0	0.0	46.83	91.0	1176.08	21.84	2.0	21.17	0.0	0.0
ko:K18307	2.0	0.0	0.0	5.0	1174.25	0.0	0.0	0.0	0.0	0.0
ko:K18308	2.0	0.0	0.0	5.0	1174.25	0.0	7.0	0.0	0.0	0.0
ko:K18310	99.0	18.0	5.0	0.0	0.0	0.0	0.0	0.0	0.0	0.0
ko:K18313	0.0	0.0	0.0	0.0	0.0	0.0	0.0	1.5	0.0	0.0
ko:K18314	0.0	0.0	0.0	0.0	0.0	0.0	0.0	1.5	0.0	0.0
ko:K18320	0.0	0.0	0.0	0.0	21.0	10.0	38.5	16.5	0.0	0.0
ko:K18321	1846.7199999999998	318.21	214.69000000000003	136.0	1344.26	83.08000000000001	1615.74	2223.98	939.4300000000001	2583.8500000000004
ko:K18322	1460.0	124.5	80.83	86.0	141.82999999999998	71.51	39.17	42.84	535.0	2453.0
ko:K18323	1464.0	124.5	82.83	86.0	66.83	71.51	42.17	132.84	597.0	2453.0
ko:K18324	386.72	193.70999999999998	141.0	53.0	1298.86	11.57	1719.79	2196.71	681.4200000000001	1808.9999999999998
ko:K18325	0.29	0.0	7.140000000000001	16.0	2.43	0.0	236.22	17.57	334.99	1679.5800000000002
ko:K18326	390.72	193.70999999999998	150.14000000000001	56.0	1320.29	11.57	1865.51	2300.2799999999997	897.4100000000001	3487.1500000000005
ko:K18330	22162.33	5892.429999999999	3036.6400000000003	6023.5	10945.84	23490.400000000005	143817.46000000002	12467.26	7804.410000000001	18808.92
ko:K18331	25472.83	6219.679999999999	4119.04	8584.5	11529.34	41215.399999999994	234287.96	14108.76	8133.41	19846.92
ko:K18332	35158.25	8257.0	8275.22	13634.99	15048.85	26603.64	166632.55000000002	17324.04	10393.48	23610.370000000003
ko:K18333	519.75	66.25	2.0	64.25	641.0500000000001	94.0	2002.35	654.5	310.25	868.2
ko:K18334	0.0	3.0	0.0	0.0	153.79999999999998	0.0	965.6	302.0	89.0	290.2
ko:K18335	386.72	196.70999999999998	141.0	53.0	1392.86	11.57	1726.79	2194.71	577.4200000000001	1808.9999999999998
ko:K18336	85.0	3.0	0.0	0.0	94.0	0.0	14.0	0.0	5.0	0.0
ko:K18337	0.0	0.0	0.0	0.0	99.0	0.0	0.0	0.0	0.0	0.0
ko:K18344	1894.67	344.06	96.81	552.66	953.9100000000001	1191.64	2359.17	886.47	720.36	2057.3999999999996
ko:K18345	3016.67	582.26	481.31	716.66	1071.6	1725.64	4925.17	1714.25	1039.3600000000001	2966.3999999999996
ko:K18346	34514.75	10411.099999999999	13785.57	22629.98	9174.869999999999	7693.69	42265.61	11607.23	9844.130000000001	22763.53
ko:K18347	0.0	0.0	32.0	27.0	0.0	0.0	0.0	7.0	7.0	0.0
ko:K18348	5412.17	1634.82	4703.17	10233.83	2824.67	2594.34	6462.0	4394.0	4586.67	13177.5
ko:K18349	11016.27	1667.12	8380.52	5290.63	2107.4700000000003	2842.34	15652.3	3611.0	5962.57	17286.6
ko:K18350	13749.27	2996.12	8716.220000000001	5577.63	2291.7699999999995	3340.34	26014.550000000003	4672.65	6778.82	22386.68
ko:K18351	30.5	15.0	2.0	63.75	246.5	7.75	650.0	236.0	48.25	573.0
ko:K18352	0.0	0.0	0.0	0.0	0.0	0.0	0.0	1.5	0.0	0.0
ko:K18353	560.0	373.33	83.5	196.75	2182.1	603.58	5059.53	2890.34	1122.92	916.73
ko:K18354	0.0	0.0	0.0	0.0	0.0	0.0	858.0	0.0	0.0	0.0
ko:K18356	1491.0	124.5	94.83	93.0	82.83	124.51	2147.17	443.84	545.0	2499.0
ko:K18357	1460.0	124.5	80.83	86.0	47.83	71.51	39.17	42.84	535.0	2453.0
ko:K18360	1299.0	76.0	80.83	86.0	144.82999999999998	71.51	39.17	42.84	535.0	2453.0
ko:K18363	6.0	7.0	0.0	0.0	0.0	10.0	127.0	134.0	6.0	24.0
ko:K18364	1.0	0.0	46.83	86.0	1.83	21.84	11.5	21.17	5.0	0.0
ko:K18365	1.0	0.0	0.0	0.0	0.0	0.0	9.5	83.0	32.0	0.0
ko:K18366	1.0	0.0	0.0	0.0	0.0	0.0	9.5	83.0	32.0	0.0
ko:K18369	32465.200000000004	5542.200000000001	41638.92	37133.34	24188.3	27582.1	59622.69	26035.83	13357.59	27163.47
ko:K18370	0.0	0.0	0.0	0.0	22.0	0.0	0.0	0.0	0.0	0.0
ko:K18371	0.0	0.0	0.0	0.0	0.0	0.0	7.0	0.0	0.0	0.0
ko:K18372	28.0	0.0	0.0	23.0	0.0	67.0	0.0	18.0	0.0	0.0
ko:K18382	0.0	0.0	0.0	0.0	4.0	0.0	0.0	0.0	0.0	0.0
ko:K18383	0.0	0.0	0.0	0.0	0.0	0.0	7.0	0.0	0.0	0.0
ko:K18425	22.0	12.0	0.0	0.0	6.0	0.0	9.0	2.0	0.0	0.0
ko:K18427	4409.780000000001	1306.29	724.0	1549.9299999999998	3139.8500000000004	3224.58	9477.09	3888.3	3652.29	7269.87
ko:K18428	405.0	182.0	0.0	14.0	0.0	0.0	0.0	12.0	759.0	3033.0
ko:K18429	5501.83	2634.8	4788.5	4893.0	2038.45	2518.0	17263.0	2607.0	5783.0	16177.0
ko:K18430	8017.110000000001	3545.79	6297.5	5259.43	3845.5999999999995	4492.58	20505.29	3403.2999999999997	8724.289999999999	20006.87
ko:K18431	5698.5	2632.0	4864.5	5048.0	984.0	2564.0	21698.0	3024.0	6619.0	17811.0
ko:K18445	14.0	4.0	11.0	0.0	0.0	0.0	0.0	23.0	0.0	7.0
ko:K18446	555.72	357.71	1348.83	226.0	3628.11	42.57	2628.79	2539.71	749.42	1845.0
ko:K18454	0.0	0.0	0.0	0.0	26.0	1011.0	3208.0	176.0	0.0	0.0
ko:K18455	0.0	0.0	35.0	14.0	43.0	10.0	38.0	1.5	3.0	0.0
ko:K18456	4.0	3.0	0.0	10.0	2181.5	10.0	45.0	83.0	45.0	0.0
ko:K18457	5.89	0.0	5.0	0.0	0.0	0.0	0.0	0.0	4.0	1.43
ko:K18459	493.0	48.0	0.0	10.0	2543.5	83.0	810.0	290.0	236.0	142.86
ko:K18471	5907.65	704.0	3711.0	2685.0	2283.45	2873.4	5633.6	3983.0	2776.73	4299.63
ko:K18472	0.0	0.0	0.0	0.0	67.0	30.0	114.0	1.5	0.0	0.0
ko:K18473	2.0	0.0	0.0	5.0	1080.25	0.0	0.0	0.0	0.0	0.0
ko:K18474	415.5	96.5	303.25	372.33	1097.0	1944.06	29108.0	1229.25	1112.6	2580.75
ko:K18475	19818.71	5666.17	15969.880000000001	26686.22	3549.39	23194.840000000004	213524.84000000003	21281.68	11301.699999999999	17460.52
ko:K18476	0.0	6.0	20.0	23.0	18.0	0.0	352.0	145.0	25.0	0.0
ko:K18478	386.43	193.70999999999998	141.0	53.0	1302.86	36.57	1719.29	2222.71	573.4200000000001	1832.9999999999998
ko:K18479	0.0	0.0	0.0	0.0	0.0	0.0	0.0	0.0	4.0	1.43
ko:K18480	89.0	3.0	0.0	5.0	1178.25	0.0	12.0	1.5	11.0	0.0
ko:K18481	229.0	142.0	105.0	90.0	129.0	96.0	1033.0	38.0	0.0	0.0
ko:K18491	2761.0	818.0	5230.0	5560.0	93.0	3962.0	9533.0	1322.0	3310.0	3376.0
ko:K18530	386.43	193.70999999999998	133.86	50.0	1296.43	11.57	1576.57	2179.14	375.43	129.42
ko:K18531	0.0	0.0	0.0	6.0	0.0	24.0	15.0	10.0	0.0	0.0
ko:K18532	0.0	0.0	0.0	0.0	20.0	0.0	0.0	0.0	0.0	0.0
ko:K18534	0.0	0.0	0.0	0.0	0.0	17.17	5.17	1.67	0.0	0.0
ko:K18540	2.0	0.0	0.0	5.0	1080.25	0.0	14.0	0.0	4.0	0.0
ko:K18545	0.0	0.0	33838.0	0.0	0.0	2615.0	453.0	79.5	0.0	0.0
ko:K18546	0.0	0.0	0.0	0.0	4.0	0.0	0.0	1.5	0.0	0.0
ko:K18547	0.0	0.0	0.0	0.0	0.0	0.0	0.0	1.5	0.0	0.0
ko:K18551	0.0	0.0	0.0	0.0	0.0	0.0	0.0	0.0	0.0	817.0
ko:K18552	0.0	0.0	0.0	0.0	94.0	0.0	14.5	0.0	5.0	0.0
ko:K18553	2.0	0.0	0.0	5.0	1080.25	0.0	0.0	0.0	0.0	0.0
ko:K18554	0.0	0.0	0.0	0.0	0.0	0.0	7.0	0.0	0.0	0.0
ko:K18558	489.0	48.0	0.0	0.0	289.0	83.0	810.0	290.0	173.0	140.0
ko:K18566	0.0	0.0	35.0	0.0	0.0	0.0	0.0	0.0	0.0	0.0
ko:K18567	447.76	231.70999999999998	190.39000000000001	203.75	4792.659999999999	26.130000000000003	3964.93	3037.1	1227.6599999999999	4216.78
ko:K18568	0.0	0.0	0.0	14.0	43.0	10.0	38.0	1.5	3.0	0.0
ko:K18572	0.0	0.0	0.0	0.0	22.0	0.0	0.0	0.0	0.0	0.0
ko:K18574	3267.6	529.2	1052.0	1009.5	2758.6	2013.6	8431.2	3801.9	0.0	0.0
ko:K18581	18365.91	2855.59	38157.34	18491.26	5049.969999999999	8803.759999999998	34687.55	7187.5199999999995	12406.170000000002	35944.07
ko:K18589	0.0	0.0	0.0	0.0	5.0	0.0	0.0	0.0	0.0	0.0
ko:K18590	392.72	193.70999999999998	143.0	58.0	2398.11	11.57	1722.79	2288.21	732.42	1808.9999999999998
ko:K18614	18.0	0.0	0.0	0.0	9.0	0.0	0.0	5.0	0.0	6.0
ko:K18640	44352.659999999996	18534.68	21014.58	39697.07	9843.08	15755.8	121474.09000000001	15246.1	24022.97	63721.87
ko:K18646	13.75	0.0	13.75	182.0	18.75	0.0	37.75	1.5	435.0	99.25
ko:K18647	13.75	0.0	13.75	182.0	18.75	0.0	37.75	1.5	435.0	99.25
ko:K18650	483.0	114.0	56045.0	1136.0	135.0	7829.0	3806.0	364.0	493.0	347.43
ko:K18652	0.0	0.0	0.0	34.0	0.0	0.0	0.5	0.0	4.0	0.0
ko:K18653	0.0	0.0	0.0	34.0	0.0	0.0	0.0	0.0	15.0	0.0
ko:K18654	0.0	0.0	0.0	34.0	0.0	0.0	0.0	0.0	0.0	0.0
ko:K18657	386.72	193.70999999999998	141.0	53.0	1298.86	11.57	1719.79	2196.71	681.4200000000001	1808.9999999999998
ko:K18661	0.0	0.0	0.0	0.0	102.0	0.0	0.0	0.0	0.0	0.0
ko:K18662	0.0	0.0	0.0	0.0	4.0	0.0	0.0	1.5	0.0	0.0
ko:K18672	44447.67	12876.720000000001	27615.27	31204.46	15264.65	45552.23	374131.47000000003	32117.63	22634.91	45529.119999999995
ko:K18673	0.58	0.0	7.140000000000001	3.0	0.0	0.0	137.29	11.14	334.99	1682.4400000000003
ko:K18675	3142.66	836.01	30.0	54.0	907.6700000000001	117.0	729.33	238.32999999999998	243.0	183.0
ko:K18676	0.0	0.0	0.0	0.0	0.0	0.0	7.0	0.0	0.0	0.0
ko:K18678	33.0	0.0	0.0	0.0	9.0	0.0	19.0	1.5	6.0	7.0
ko:K18682	72667.19	16295.59	95450.22000000002	67005.53	41566.69	77268.53	463872.52999999997	60615.86	39256.600000000006	82449.61
ko:K18687	0.0	0.0	0.0	0.0	0.0	0.0	7.0	1.5	0.0	0.0
ko:K18691	27832.14	3361.25	102300.25	35859.68	30169.21	34183.42999999999	87285.95000000001	30504.21	15899.11	31213.7
ko:K18692	1647.36	272.0	772.71	549.36	1857.69	2005.1299999999999	30621.019999999997	1569.65	1247.35	2759.4700000000003
ko:K18697	562.7199999999999	225.70999999999998	288.0	336.0	1392.86	120.57	9778.789999999999	2248.71	876.4200000000001	2050.0
ko:K18699	0.0	0.0	0.0	0.0	0.0	0.0	0.0	0.0	29.0	0.0
ko:K18700	12948.2	3256.45	6184.0	7693.0	2138.6	5824.0	26798.1	5851.7	9371.73	16363.599999999999
ko:K18701	0.0	0.0	32.0	0.0	100.8	0.0	476.6	104.0	89.0	175.2
ko:K18702	85.93	6.8	44.5	130.0	432.2	176.0	6372.0	979.0	20.0	194.0
ko:K18704	2974.7200000000003	563.6700000000001	1685.6799999999998	2276.67	398.25	81.2	24637.32	1061.0700000000002	1544.4	1311.95
ko:K18707	74561.82999999999	16001.59	94743.51000000001	66525.97	40582.0	75223.53	433062.11	59452.71	37167.25	77229.14
ko:K18765	386.72	193.70999999999998	141.0	53.0	1298.86	11.57	1719.79	2196.71	681.4200000000001	1808.9999999999998
ko:K18766	0.0	0.0	0.0	0.0	99.0	3.56	0.0	0.0	0.0	0.0
ko:K18767	0.0	0.0	0.0	0.0	0.0	0.0	0.0	4.0	0.0	1.43
ko:K18770	0.0	0.0	0.0	34.0	527.0	0.0	15.0	0.0	0.0	0.0
ko:K18778	1686.7199999999998	269.71	221.83	139.0	1443.69	83.08000000000001	1768.4599999999998	2241.05	1221.42	4262.0
ko:K18779	0.0	0.0	0.0	0.0	20.0	0.0	0.0	0.0	0.0	0.0
ko:K18784	0.0	0.0	0.0	0.0	4.0	0.0	0.0	36.0	0.0	19.0
ko:K18785	31499.64	7350.55	41630.5	38792.68	23384.47	39843.630000000005	143039.77	15112.629999999997	22080.09	47578.520000000004
ko:K18786	7.0	0.0	20.0	38.0	16.0	33.0	134.0	12.0	0.0	0.0
ko:K18795	0.0	0.0	0.0	0.0	0.0	0.0	0.0	0.0	29.0	0.0
ko:K18799	0.0	0.0	0.0	0.0	0.0	0.0	0.0	2.0	0.0	0.0
ko:K18800	785.44	387.41999999999996	286.0	116.0	4796.22	23.14	3445.58	4573.42	1464.84	3617.9999999999995
ko:K18809	7.0	0.0	117.0	0.0	0.0	0.0	0.0	0.0	0.0	0.0
ko:K18814	5748.67	1151.1599999999999	5084.79	5730.99	2291.0	12709.17	160578.15	12779.33	2050.3199999999997	6626.0
ko:K18815	25255.129999999997	2777.5400000000004	1703.25	40393.18	25073.850000000006	19669.65	76652.49	23820.0	15138.69	29390.27
ko:K18816	3676.21	1134.4	1649.71	424.36	657.29	2039.0	28185.219999999998	1572.55	431.0	2268.64
ko:K18820	0.0	0.0	0.0	0.0	0.0	0.0	0.0	3.0	0.0	0.0
ko:K18821	0.8	6.0	22.6	74.8	631.0	10.13	689.7	17.5	78.5	46.5
ko:K18827	9.5	0.0	30.25	19.33	4.0	3.0	150.75	29.0	24.75	19.43
ko:K18828	1462.5	259.5	365.5	500.83	1064.0	602.06	3931.5	2345.5	0.0	0.0
ko:K18829	979.0	96.0	0.0	0.0	581.0	166.0	1639.0	581.5	346.0	280.0
ko:K18830	389.0	103.0	162.0	265.0	490.5	1836.0	26304.9	1188.5	382.0	1971.0
ko:K18831	9770.62	1151.71	58331.2	4212.3	6727.729999999999	13155.17	45637.36	12110.279999999999	5132.02	15564.970000000001
ko:K18833	0.0	0.0	0.0	0.0	0.0	0.0	0.0	1.5	0.0	0.0
ko:K18837	0.29	0.0	7.140000000000001	3.0	2.43	0.0	142.72	21.57	168.99	1681.0100000000002
ko:K18838	0.29	0.0	7.140000000000001	3.0	0.0	0.0	137.79	19.14	276.99	1681.0100000000002
ko:K18841	1600.4299999999998	266.71	167.86	50.0	1342.43	42.57	1608.57	2199.14	1023.4300000000001	2582.42
ko:K18842	3642.0	219.0	102.0	0.0	138.0	93.0	96.0	60.0	1885.0	7682.0
ko:K18843	6767.15	758.4	822.1800000000001	2455.8	2208.73	1016.8400000000001	8730.8	845.47	2194.0	5276.25
ko:K18844	0.0	0.0	0.0	0.0	21.0	10.0	38.0	1.5	0.0	0.0
ko:K18850	394.01	196.70999999999998	1128.83	151.0	2499.11	42.57	1783.79	2550.71	879.42	1810.4299999999998
ko:K18851	0.0	0.0	0.0	0.0	26.0	0.0	0.0	0.0	0.0	0.0
ko:K18853	0.0	0.0	0.0	0.0	20.0	0.0	0.0	0.0	0.0	0.0
ko:K18855	0.0	0.0	0.0	0.0	20.0	0.0	0.0	0.0	0.0	0.0
ko:K18856	6541.92	2332.3199999999997	5566.42	2997.66	2830.75	3422.17	28475.75	5564.0	5098.17	15227.75
ko:K18862	1159.2900000000002	581.13	401.58000000000004	150.0	3889.29	34.71	4729.71	6545.42	1126.29	392.55
ko:K18866	1821.42	817.3199999999999	693.92	868.6599999999999	2509.75	2258.67	18603.15	2145.5	1579.67	2900.25
ko:K18882	0.0	0.0	0.0	0.0	20.0	0.0	0.0	0.0	0.0	0.0
ko:K18887	1241.4	331.0	931.0	684.0	628.2	2365.4	36111.25	2004.5	1241.5	2914.7
ko:K18888	1155.4	325.0	812.0	541.0	637.0	2316.4	36370.649999999994	2124.8999999999996	1315.5	3020.0299999999997
ko:K18889	18332.5	6785.29	6713.99	6965.029999999999	9359.27	5764.17	66905.31	6847.849999999999	6043.42	14562.59
ko:K18890	16549.379999999997	5859.62	5630.05	4528.8	7270.93	5549.33	66847.37	6494.01	7116.02	16530.5
ko:K18891	0.0	6.0	60.0	53.0	631.0	3.56	1821.0	221.0	690.25	393.0
ko:K18892	0.0	6.0	60.0	53.0	5.0	0.0	1821.0	221.0	690.25	393.0
ko:K18893	2931.0	44.0	987.83	98.0	1217.25	41.0	977.5	870.0	65.0	3400.0
ko:K18896	0.0	0.0	0.0	0.0	0.0	0.0	0.0	1.5	0.0	0.0
ko:K18897	0.0	0.0	0.0	0.0	0.0	0.0	0.0	1.5	0.0	0.0
ko:K18898	386.43	193.70999999999998	133.86	50.0	1296.43	11.57	1576.57	2179.14	375.43	129.42
ko:K18899	386.43	193.70999999999998	133.86	50.0	1296.43	11.57	1576.57	2179.14	375.43	129.42
ko:K18900	4.29	3.0	0.0	10.0	2254.5	0.0	22.0	4.0	171.0	1.43
ko:K18901	0.0	3.0	0.0	0.0	94.0	0.0	14.0	0.0	5.0	817.0
ko:K18902	85.0	3.0	0.0	0.0	94.0	0.0	7.0	0.0	5.0	0.0
ko:K18903	18.5	3.0	0.0	0.0	99.0	0.0	14.0	0.0	5.0	0.0
ko:K18906	0.0	0.0	0.0	7.8	5.0	0.0	20.6	6.0	0.0	0.0
ko:K18907	255.25	41.0	57.95	201.8	1995.33	32.21	1479.75	613.42	16.0	123.0
ko:K18908	1.56	0.0	22.11	56.36	0.89	0.0	159.27	6.0	7.0	24.89
ko:K18909	0.0	0.0	0.0	7.8	0.0	0.0	20.6	0.0	0.0	0.0
ko:K18910	1441.07	118.34	1418.0	101.33	196.36	79.06	240.68	624.67	2268.9	503.7
ko:K18911	0.0	0.0	0.0	0.0	25.0	10.0	38.0	1.5	0.0	0.0
ko:K18912	0.0	0.0	0.0	0.0	25.0	10.0	38.0	1.5	0.0	0.0
ko:K18916	103.5	0.0	0.0	0.0	3.0	0.0	0.0	0.0	0.0	0.0
ko:K18917	0.0	0.0	0.0	14.0	47.0	10.0	38.0	1.5	3.0	0.0
ko:K18918	803.43	433.71	268.86	172.0	1334.93	21.57	8780.57	2710.64	1579.43	8291.419999999998
ko:K18919	772.86	387.41999999999996	267.72	100.0	2592.86	23.14	3153.64	4370.28	750.86	258.84
ko:K18920	772.86	387.41999999999996	267.72	100.0	2592.86	23.14	3153.64	4364.28	750.86	258.84
ko:K18921	386.43	193.70999999999998	133.86	50.0	1296.43	11.57	1577.07	2183.14	375.43	129.42
ko:K18922	773.1500000000001	387.41999999999996	267.72	100.0	2592.86	23.14	3153.14	4358.28	750.86	261.7
ko:K18923	0.0	6.0	20.0	23.0	0.0	0.0	289.0	90.0	57.0	0.0
ko:K18924	0.0	6.0	13.0	91.0	825.0	4.7	67.6	0.0	6.0	0.0
ko:K18925	0.0	6.0	13.0	57.0	825.0	0.57	67.6	0.0	6.0	0.0
ko:K18926	1058.48	452.71	679.71	525.0	3452.9300000000003	1876.5	34114.17	4957.139999999999	1459.43	6574.17
ko:K18928	10015.810000000001	2645.33	59898.950000000004	29203.93	12964.449999999999	22565.309999999998	57583.15	18919.809999999998	12147.87	19435.690000000002
ko:K18929	10015.810000000001	2645.33	59945.77999999999	29289.93	12966.28	22587.15	57585.15	18937.98	12147.87	19435.690000000002
ko:K18930	18883.85	1251.78	2207.5	8156.25	20444.35	12485.189999999999	39840.82	11575.239999999998	3424.75	10139.0
ko:K18933	1301.0	919.0	60.0	18.0	20.0	49.0	404.0	185.5	26.0	341.0
ko:K18934	0.0	0.0	9.0	34.8	0.0	0.0	41.2	0.0	7.0	0.0
ko:K18935	0.0	6.0	20.0	30.8	5.0	3.56	380.6	151.0	25.0	0.0
ko:K18936	0.0	0.0	0.0	7.8	0.0	0.0	20.6	0.0	0.0	0.0
ko:K18939	0.0	0.0	0.0	81.0	527.0	3.56	93.0	0.0	0.0	0.0
ko:K18940	16.8	6.0	83.6	90.8	9.0	18.57	2176.2	302.0	188.0	269.0
ko:K18941	0.0	0.0	0.0	7.8	0.0	0.0	20.6	0.0	0.0	0.0
ko:K18954	2607.29	391.5	115561.67	48131.5	3785.0	22155.83	21761.17	10822.5	34.0	1.43
ko:K18955	136.0	96.32	194.18	325.93	2960.5800000000004	143.75	8642.98	2032.18	521.75	2438.6
ko:K18958	0.0	0.0	0.0	0.0	25.0	10.0	38.0	1.5	0.0	0.0
ko:K18966	7.0	0.0	20.0	38.0	16.0	33.0	134.0	12.0	0.0	0.0
ko:K18967	1792.0	230.3	63.0	34.0	25.2	0.57	2.4	60.0	5.0	0.0
ko:K18968	477.43	222.70999999999998	143.67	53.0	1310.86	11.57	1723.79	2316.71	692.4200000000001	1807.57
ko:K18973	2.0	0.0	0.0	5.0	1080.25	0.0	0.0	83.0	32.0	0.0
ko:K18974	2.0	0.0	0.0	5.0	1080.25	0.0	0.0	0.0	0.0	0.0
ko:K18979	19675.629999999997	4366.469999999999	10067.05	7860.54	22576.699999999997	23040.12	256150.51	41365.270000000004	9633.199999999999	18531.79
ko:K18981	0.0	0.0	0.0	34.0	94.0	0.0	7.0	1.5	18.0	0.0
ko:K18983	0.0	0.0	0.0	34.0	0.0	0.0	0.0	1.5	0.0	0.0
ko:K18986	3127.0	811.0	8845.0	5857.67	75.0	3498.0	7493.65	1477.42	4607.0	9388.75
ko:K18987	16.8	0.0	14.27	11.0	5.0	74.0	71.85	54.75	50.0	48.75
ko:K18988	386.72	193.70999999999998	141.0	53.0	1298.86	11.57	1719.79	2196.71	681.4200000000001	1808.9999999999998
ko:K18991	2.0	0.0	985.83	98.0	1080.25	31.0	58.0	264.0	39.0	0.0
ko:K18992	0.0	0.0	0.0	0.0	1.0	0.0	0.0	0.0	0.0	0.0
ko:K18996	0.0	0.0	0.0	0.0	0.0	0.0	18.0	9.0	4.0	7.0
ko:K18997	1147.32	316.71	231.0	100.0	1703.86	94.57	2534.29	2572.71	1144.42	2435.0
ko:K19000	388.72	193.70999999999998	141.0	58.0	2379.11	11.57	1719.79	2196.71	681.4200000000001	1808.9999999999998
ko:K19002	7027.22	1421.4099999999999	3473.3899999999994	5367.74	6734.3	5060.05	59342.25	7437.48	6704.92	12554.08
ko:K19003	381.33000000000004	14.8	280.0	0.0	41.2	15.0	91.9	20.0	3.0	91.0
ko:K19005	5857.06	174.0	68041.11	2666.36	1737.8899999999999	7601.75	30872.519999999997	1820.25	1648.6	9560.64
ko:K19033	109.0	17.0	0.0	0.0	0.0	0.0	0.0	0.0	0.0	0.0
ko:K19046	718.0	190.0	138.67000000000002	90.0	299.43	136.67	1684.1	346.43	177.0	147.0
ko:K19048	674.01	1180.71	162.5	53.0	1334.86	336.57	2379.79	3597.71	1262.42	2823.8599999999997
ko:K19049	35862.0	1646.6	3097.8999999999996	32474.0	27540.3	19935.1	44149.399999999994	8286.9	8112.200000000001	28269.4
ko:K19050	6372.5	438.6	483.00000000000006	4968.000000000001	2397.6000000000004	3681.6	9304.0	1955.8	2554.4	9629.4
ko:K19051	5720.0	96.0	120.0	2145.0	1220.0	4088.0	11306.0	383.0	510.0	6953.0
ko:K19052	15464.5	1137.1999999999998	1683.6000000000001	8183.0	16994.0	14189.2	38120.4	7507.0	8684.0	17032.8
ko:K19055	34007.39	10848.88	20744.530000000002	34789.24	16398.94	33937.56	209510.06	27061.149999999998	22552.44	48861.03
ko:K19057	2.0	0.0	0.0	5.0	1080.25	0.0	0.0	4.0	5.0	0.0
ko:K19058	2.0	0.0	0.0	5.0	1080.25	0.0	0.0	4.0	0.0	0.0
ko:K19059	2.0	0.0	0.0	5.0	1080.25	0.0	0.0	4.0	5.0	0.0
ko:K19065	0.0	0.0	0.0	0.0	0.0	0.0	0.0	0.0	5.0	0.0
ko:K19068	19343.2	3644.3999999999996	2826.6	9739.8	16371.05	10559.3	38870.0	7326.8	8024.200000000001	20099.4
ko:K19070	28.6	3.55	0.0	0.0	52.2	1011.0	3254.5	181.5	6.0	7.0
ko:K19071	5.6	0.0	0.0	0.0	4.0	0.0	0.0	0.0	0.0	10.0
ko:K19072	5.6	0.0	0.0	0.0	0.0	0.0	0.0	0.0	0.0	0.0
ko:K19075	313.67	123.65	25.97	7212.17	61.410000000000004	29.64	1656.67	128.31	0.36	6.07
ko:K19076	0.0	2.0	6.0	0.0	63.0	0.0	2.0	0.0	0.0	0.0
ko:K19077	0.0	0.0	0.0	41.8	99.0	3.56	20.6	0.0	0.0	0.0
ko:K19078	0.0	0.0	0.0	49.6	626.0	3.56	20.6	0.0	0.0	0.0
ko:K19079	0.0	0.0	0.0	49.6	626.0	3.56	41.2	0.0	0.0	0.0
ko:K19080	0.0	0.0	0.0	49.6	626.0	3.56	20.6	0.0	0.0	0.0
ko:K19081	14286.06	5044.07	9069.47	3447.9300000000003	2341.79	3449.0	17848.309999999998	5564.0	4735.92	13509.75
ko:K19082	17756.659999999996	6182.07	14352.470000000001	8762.93	3102.79	8316.0	57586.96	9750.15	11915.57	21693.1
ko:K19083	455.6	96.0	282.2	384.8	471.0	1913.0	30504.8	1389.0	1186.35	2842.0
ko:K19084	0.0	0.0	1.0	7.8	0.0	6.0	277.1	142.5	12.1	20.5
ko:K19085	17.0	2.8	0.0	0.0	20.2	0.0	0.0	0.0	0.0	0.0
ko:K19088	242.67	116.60000000000001	25.97	11.67	14.21	19.64	1610.17	122.81	0.36	6.07
ko:K19090	242.67	116.60000000000001	25.97	7212.17	81.21	19.64	1610.17	122.81	0.36	6.07
ko:K19091	7993.42	1710.6000000000001	34710.72	836.5899999999999	3333.21	4399.389999999999	9008.67	3789.48	2367.36	750.0699999999999
ko:K19092	3421.4700000000003	349.42	2048.73	1309.2	1913.25	90.0	2438.97	254.07	666.4	1973.6
ko:K19100	388.43	193.70999999999998	133.86	55.0	2376.68	11.57	1577.07	2179.14	502.43	129.42
ko:K19101	388.43	193.70999999999998	133.86	55.0	2376.68	11.57	1577.07	2179.14	502.43	129.42
ko:K19113	0.0	0.0	0.0	0.0	0.0	0.0	0.0	0.0	112.0	0.0
ko:K19114	0.0	0.0	0.0	0.0	5.0	0.0	21.0	0.0	6.0	7.0
ko:K19115	2132.1000000000004	617.16	35602.67	991.6700000000001	412.16999999999996	4979.5	1520.67	967.92	1347.25	3354.75
ko:K19116	0.0	0.0	0.0	0.0	68.0	0.0	21.0	0.0	6.0	7.0
ko:K19117	12969.720000000001	4088.7299999999996	7555.27	5526.959999999999	6350.68	21338.309999999998	98784.98	7705.140000000001	5975.25	16771.2
ko:K19118	8378.220000000001	3986.2299999999996	41344.270000000004	5549.959999999999	2822.18	23953.309999999998	99237.98	7785.640000000001	5969.65	16760.2
ko:K19119	8350.220000000001	3986.2299999999996	7506.27	5526.959999999999	2822.18	21338.309999999998	98784.98	7707.640000000001	5969.65	16760.2
ko:K19123	489.0	48.0	1.67	0.0	291.43	90.67	1699.1000000000001	309.93	180.0	147.0
ko:K19124	735.0	99.5	1.67	0.0	291.43	90.67	841.1	308.43	180.0	147.0
ko:K19125	735.0	99.5	1.67	0.0	291.43	90.67	841.1	308.43	180.0	147.0
ko:K19126	489.0	48.0	1.67	0.0	291.43	90.67	841.1	308.43	180.0	147.0
ko:K19127	386.43	193.70999999999998	133.86	50.0	1296.43	11.57	1576.57	2179.14	512.4300000000001	129.42
ko:K19128	386.43	193.70999999999998	133.86	50.0	1296.43	11.57	1576.57	2179.14	527.4300000000001	129.42
ko:K19129	932.4300000000001	248.70999999999998	221.86	50.0	1588.43	94.57	2388.5699999999997	2469.14	776.4300000000001	432.41999999999996
ko:K19130	390.43	193.70999999999998	135.86	50.0	1315.43	11.57	1579.57	2186.14	512.4300000000001	129.42
ko:K19131	0.0	0.0	35.0	14.0	0.0	0.0	0.0	0.0	0.0	20.0
ko:K19132	0.0	0.0	35.0	14.0	0.0	0.0	0.0	0.0	0.0	0.0
ko:K19133	0.0	0.0	0.0	14.0	0.0	0.0	0.0	0.0	0.0	0.0
ko:K19134	2045.0	950.0	2038.67	18.0	34.0	2148.83	745.6700000000001	228.0	31.0	348.0
ko:K19137	1411.25	968.0	578.0	1085.0	74.0	1119.0	2755.0	322.0	538.6	799.0
ko:K19138	31.0	0.5	14.0	7.0	45.0	54.5	2452.0	419.5	21.0	52.0
ko:K19139	140.0	17.5	14.0	7.0	45.0	54.5	2452.0	419.5	21.0	52.0
ko:K19140	141.33	17.5	15.5	7.0	45.0	54.5	2453.0	419.5	21.0	52.0
ko:K19142	229.0	144.0	299.0	316.0	71.0	50.0	958.0	38.0	46.0	304.0
ko:K19144	18.5	0.0	0.0	0.0	0.0	0.0	0.0	0.0	0.0	0.0
ko:K19145	0.0	0.0	0.0	0.0	0.0	0.0	0.0	1.5	0.0	0.0
ko:K19147	4234.4400000000005	458.66	1840.3400000000001	1536.83	936.5	2341.83	2724.84	467.5	352.5	1016.0
ko:K19155	0.0	0.0	0.0	0.0	3.0	0.0	0.0	0.0	0.0	0.0
ko:K19156	0.0	0.0	0.0	0.0	3.0	0.0	0.0	0.0	0.0	0.0
ko:K19157	11485.140000000001	3438.51	131775.77	6638.96	4110.42	20140.06	36879.119999999995	7551.5199999999995	7253.98	19535.6
ko:K19158	15163.77	595.1700000000001	1296.73	16797.23	2723.9	9639.07	25980.84	5489.41	3891.4300000000003	18966.42
ko:K19159	7614.7699999999995	436.77	330.46000000000004	2369.4300000000003	2014.5	774.0699999999999	7098.139999999999	3060.61	2036.4299999999998	9022.42
ko:K19160	386.43	193.70999999999998	133.86	50.0	1296.43	11.57	1576.57	2179.14	375.43	129.42
ko:K19161	386.43	193.70999999999998	133.86	50.0	1296.43	11.57	1576.57	2179.14	375.43	129.42
ko:K19162	386.72	193.70999999999998	141.0	53.0	1298.86	11.57	1719.79	2196.71	681.4200000000001	1808.9999999999998
ko:K19163	386.72	193.70999999999998	133.86	50.0	1296.43	11.57	1577.07	2183.14	375.43	132.28
ko:K19164	387.43	193.70999999999998	133.86	50.0	1299.43	11.57	1579.07	2179.14	375.43	130.85
ko:K19165	6363.57	3078.01	2369.0	3973.67	812.34	3063.0	19402.67	1438.67	4223.0	9260.43
ko:K19166	2181.5	333.5	1761.6	523.5	2060.3	1634.0	7467.9	3534.4	1232.2	1639.0
ko:K19167	0.0	0.0	0.0	7213.5	0.0	81.0	28.0	43.5	13.5	19.0
ko:K19168	430.72	195.70999999999998	165.0	78.0	3494.359999999999	79.57	3852.79	2735.71	750.4200000000001	1943.4299999999998
ko:K19169	36.0	16.0	11.0	0.0	105.0	0.0	9.0	18.0	0.0	0.0
ko:K19170	125.0	21.0	29.0	35.0	31.0	227.0	294.0	117.0	118.0	195.0
ko:K19171	1496.6100000000001	138.75	1769.2599999999998	999.0100000000001	2378.8900000000003	1651.75	5204.47	3288.9	237.4	671.49
ko:K19172	36.0	16.0	11.0	0.0	6.0	0.0	9.0	18.0	0.0	0.0
ko:K19173	89.0	5.0	18.0	35.0	25.0	227.0	278.0	95.0	118.0	195.0
ko:K19174	89.0	5.0	18.0	35.0	25.0	227.0	278.0	95.0	118.0	195.0
ko:K19175	213.0	13.0	452.0	269.0	1147.25	1354.0	3660.0	284.0	158.0	499.0
ko:K19180	4503.0	2405.33	1451.0	2662.67	684.67	1931.0	15978.67	1351.67	3682.0	8629.0
ko:K19186	3.0	0.0	35.0	34.0	0.0	0.0	0.0	0.0	0.0	0.0
ko:K19190	2.0	0.0	0.0	0.0	34.0	10.0	42.0	1.5	0.0	0.0
ko:K19191	0.0	0.0	0.0	0.0	0.0	0.0	0.0	3.0	0.0	0.0
ko:K19200	1247.6	73.0	34.0	23.0	46.0	288.0	58.0	369.0	535.0	2660.0
ko:K19209	0.0	0.0	0.0	0.0	0.0	0.0	0.0	0.0	5.0	0.0
ko:K19211	0.0	0.0	0.0	0.0	0.0	0.0	0.0	0.0	5.0	0.0
ko:K19215	388.43	193.70999999999998	133.86	55.0	2376.68	11.57	1577.07	2179.14	502.43	129.42
ko:K19217	0.0	0.0	0.0	0.0	0.0	0.0	0.0	0.0	29.0	0.0
ko:K19220	0.8	6.0	30.6	125.0	203.0	4.13	363.6	151.0	32.0	0.0
ko:K19221	30862.61	8572.42	18615.879999999997	21994.28	11201.400000000001	32478.43	384572.36	40530.53999999999	18754.2	45018.58
ko:K19222	21183.89	2406.0	60476.060000000005	33018.93	21160.89	27632.679999999997	47064.42	16046.78	9830.85	22930.85
ko:K19223	752.8	214.0	316.6	648.0	1573.0	3666.13	51712.6	2514.0	877.0	3982.0
ko:K19224	599.4	329.08	35.0	1204.67	4365.2	665.99	2467.83	1925.5099999999998	1221.07	425.53
ko:K19225	14620.25	4461.71	13828.71	10318.22	6522.32	7916.030000000001	60716.229999999996	9939.51	10865.38	22177.32
ko:K19226	386.72	193.70999999999998	1126.83	146.0	1298.86	42.57	1770.79	2456.71	686.4200000000001	1808.9999999999998
ko:K19227	775.44	387.41999999999996	2253.66	297.0	3677.97	85.14	3541.58	4913.42	1376.8400000000001	3617.9999999999995
ko:K19228	386.72	193.70999999999998	1126.83	146.0	1298.86	42.57	1770.79	2456.71	686.4200000000001	1808.9999999999998
ko:K19229	1547.17	774.8399999999999	1549.83	305.0	5195.44	77.28	6930.16	9038.84	2543.6800000000003	7237.429999999999
ko:K19230	1935.89	968.55	1690.8300000000002	363.0	7574.55	88.85	8649.949999999999	11235.550000000001	3229.100000000001	9046.429999999998
ko:K19231	405.0	182.0	0.0	0.0	282.0	0.0	0.0	12.0	763.0	3033.0
ko:K19234	1647.16	893.4599999999999	415.86	214.0	4974.4	619.0400000000001	6473.98	8194.9	2556.94	3755.1800000000003
ko:K19235	1162.16	581.13	415.86	161.0	4976.83	34.71	5022.08	6574.99	1663.27	3748.85
ko:K19236	1647.16	893.4599999999999	423.00000000000006	217.0	4976.83	619.0400000000001	6616.7	8216.470000000001	2941.93	5433.33
ko:K19237	109.0	17.0	0.0	0.0	0.0	0.0	0.0	0.0	0.0	0.0
ko:K19238	386.72	193.70999999999998	133.86	50.0	1298.86	11.57	1582.0	2185.57	404.43	130.85
ko:K19242	0.0	0.0	53.25	51.5	668.0	4.13	11.0	0.0	0.0	10.0
ko:K19243	0.0	0.0	0.0	34.0	0.0	0.0	0.0	0.0	0.0	0.0
ko:K19244	760.2	126.0	0.0	77.0	1382.25	138.0	1025.25	468.0	173.0	247.0
ko:K19246	2.0	0.0	0.0	5.0	1080.25	0.0	0.0	0.0	0.0	0.0
ko:K19265	36526.68	7653.960000000001	68831.14	38977.1	27273.36	34041.06	97512.4	26602.170000000002	19462.82	44157.0
ko:K19266	0.0	0.0	0.0	0.0	20.0	0.0	0.0	0.0	0.0	0.0
ko:K19267	1074.72	444.71	486.0	504.0	2369.86	1980.57	29317.79	3632.71	1175.02	3919.0
ko:K19268	485.0	16.0	17.0	12.0	15.0	0.0	121.0	93.0	0.0	1.43
ko:K19270	773.44	387.41999999999996	287.0	106.0	2601.72	23.14	4297.58	4394.92	1370.8400000000001	3640.7599999999998
ko:K19271	38301.2	5945.0	11402.43	44928.09	31247.449999999997	37393.68	79429.21	29120.3	22323.89	40898.100000000006
ko:K19272	111.0	17.0	0.0	5.0	1080.25	0.0	0.0	0.0	0.0	0.0
ko:K19278	2.0	0.0	0.0	5.0	1080.25	0.0	0.0	0.0	0.0	0.0
ko:K19285	32145.39	6065.8099999999995	68610.16	38405.64	29023.32	35838.1	128817.75	34049.45	20495.97	43513.34
ko:K19286	30252.879999999997	3273.09	67036.67000000001	35863.43	28784.75	32468.57	89314.26000000001	32074.6	15166.69	29527.27
ko:K19290	2.0	0.0	0.0	5.0	1080.25	0.0	0.0	0.0	4.0	0.0
ko:K19291	2.0	0.0	0.0	5.0	1080.25	0.0	0.0	0.0	4.0	0.0
ko:K19292	1951.0	49.0	2895.0	792.0	1521.25	1207.0	1948.0	271.0	4.0	0.0
ko:K19293	2.0	0.0	0.0	5.0	1080.25	0.0	0.0	0.0	4.0	0.0
ko:K19294	49128.99	14326.55	65938.36	35728.630000000005	16537.25	37777.91	208228.22	22997.05	25281.21	59782.92
ko:K19295	38.0	0.0	0.0	5.0	1291.25	0.0	0.0	10.0	14.0	12.0
ko:K19296	2.0	0.0	0.0	5.0	1174.25	0.0	0.0	0.0	9.0	0.0
ko:K19299	2682.66	679.01	52.0	33.0	2217.17	27.0	1037.58	75.08	691.25	425.75
ko:K19300	111.0	17.0	0.0	5.0	1080.25	0.0	0.0	0.0	0.0	0.0
ko:K19301	2.0	0.0	0.0	5.0	1080.25	0.0	0.0	0.0	0.0	0.0
ko:K19302	85173.95999999999	15359.07	153926.84999999998	89650.14000000001	61741.73000000001	100768.51999999999	511109.43999999994	69575.87	41884.77	84986.28
ko:K19303	860.1500000000001	390.41999999999996	274.86	108.0	3772.54	23.14	3296.36	4375.849999999999	1060.8500000000001	1938.4199999999998
ko:K19304	475.72	198.70999999999998	58467.869999999995	88.0	1323.86	9073.4	3422.46	2484.71	800.4200000000001	2003.9999999999998
ko:K19309	14986.47	4649.99	14285.779999999999	9653.380000000001	3400.5899999999997	9652.07	65673.02	9089.83	13831.25	35289.09
ko:K19310	11271.47	5883.99	11203.779999999999	8838.380000000001	1509.5900000000001	6691.07	38551.77	5117.83	12349.57	34065.59
ko:K19311	0.0	0.0	0.0	0.0	4.0	0.0	0.0	0.0	0.0	0.0
ko:K19321	2.0	0.0	0.0	5.0	1080.25	0.0	0.0	83.0	32.0	0.0
ko:K19333	3008.2200000000003	576.21	766.0	581.5	2925.5600000000004	1682.97	9466.189999999999	6017.21	950.82	2442.2000000000003
ko:K19334	1424.4399999999998	620.92	3102.0	106.0	2597.72	23.14	3439.08	4405.42	2182.8399999999997	6895.0
ko:K19336	0.0	0.0	0.0	0.0	0.0	0.0	0.0	2.0	0.0	0.0
ko:K19337	391.01	199.70999999999998	141.0	63.0	3553.359999999999	11.57	1733.79	2200.71	811.4200000000001	1810.4299999999998
ko:K19338	388.01	196.70999999999998	141.0	80.0	1580.86	11.57	1729.29	2196.71	717.4200000000001	1808.9999999999998
ko:K19339	389.43	193.70999999999998	133.86	55.0	2473.11	11.57	1584.5	2185.57	375.43	129.42
ko:K19340	17586.93	2038.3400000000001	3707.25	14975.18	11556.7	10951.0	18978.559999999998	7402.77	11122.09	25419.47
ko:K19341	1223.0	80.0	34.0	5.0	1220.25	53.17	115.17	135.67000000000002	538.0	2470.0
ko:K19342	1217.0	73.0	34.0	5.0	1220.25	65.34	44.84	23.34	537.0	2453.0
ko:K19344	3.0	0.0	0.0	5.0	1080.25	0.0	2.5	0.0	0.0	0.0
ko:K19345	3.0	0.0	0.0	5.0	1080.25	0.0	2.5	0.0	2.0	0.0
ko:K19349	0.0	0.0	0.0	0.0	99.0	0.0	0.0	0.0	0.0	0.0
ko:K19350	12069.79	4658.67	5145.6900000000005	3311.6899999999996	3269.5	20409.000000000004	120577.63	7940.8099999999995	3628.32	11339.85
ko:K19351	0.0	0.0	0.0	41.8	0.0	0.0	20.6	0.0	0.0	0.0
ko:K19353	12175.09	2408.84	63885.92	2444.33	13460.519999999999	13644.619999999999	44986.59	19579.35	9822.43	20174.569999999996
ko:K19354	3261.2599999999998	761.71	390.0	853.5	4657.360000000001	997.0699999999999	7333.290000000001	4935.209999999999	5647.42	10838.57
ko:K19355	30642.5	1015.75	11490.44	34896.25	28265.55	19396.41	39982.490000000005	8644.9	8448.2	22187.25
ko:K19405	14308.24	4175.7300000000005	7260.25	16081.63	9548.23	51033.020000000004	379339.51	20215.010000000002	8233.22	9759.029999999999
ko:K19411	13207.91	3691.7300000000005	7117.75	15938.63	9150.73	33834.020000000004	291373.51	18404.010000000002	7786.219999999999	7634.03
ko:K19416	1243.72	319.71	1214.83	198.0	2778.11	125.57	2592.29	2753.21	1221.42	2441.0
ko:K19417	0.0	0.0	0.0	34.0	0.0	0.0	0.0	0.0	0.0	0.0
ko:K19418	0.0	0.0	0.0	34.0	0.0	0.0	0.0	0.0	0.0	0.0
ko:K19419	2768.0	1195.0	261.0	7423.0	2142.0	275.0	2486.5	2016.0	267.0	727.5
ko:K19420	0.0	0.0	0.0	68.0	626.0	4.13	15.0	0.0	0.0	0.0
ko:K19421	0.8	0.0	1.6	41.8	725.0	4.13	33.6	0.0	7.0	0.0
ko:K19422	334.20000000000005	941.4	817.95	596.5	328.4	906.0	4944.0	1753.2	645.4	2698.6
ko:K19423	0.0	0.0	0.0	34.0	0.0	0.0	0.0	0.0	0.0	0.0
ko:K19424	711.5	115.5	25.5	7270.5	388.29999999999995	43.0	798.6	382.0	284.0	465.7
ko:K19425	28.0	0.0	0.0	128.0	197.0	0.0	0.0	0.0	0.0	0.0
ko:K19426	0.0	0.0	0.0	68.0	0.0	0.0	0.0	0.0	0.0	3.0
ko:K19427	371.5	0.0	23.67	154.0	194.0	89.0	50.0	50.5	13.5	19.0
ko:K19428	109.0	12.0	9.0	61.0	730.0	36.56	20.0	104.0	7.0	3.0
ko:K19429	332.4	83.8	16.0	37.0	1342.4	468.4	80.6	395.0	35.4	101.2
ko:K19430	0.0	0.0	0.0	34.0	99.0	0.0	0.0	0.0	0.0	0.0
ko:K19431	0.0	0.0	985.83	127.0	4.0	31.0	51.0	260.0	5.0	0.0
ko:K19433	0.0	0.0	0.0	34.0	0.0	0.0	0.0	0.0	0.0	0.0
ko:K19449	136.0	0.5	0.0	34.0	1252.0	9.760000000000002	350.0	3.5	0.0	0.0
ko:K19504	258.66999999999996	115.67	22.33	20.67	15.0	60.0	977.67	48.67	127.0	28.43
ko:K19505	257.0	36.0	61.0	71.0	43.6	191.0	490.2	211.8	25.0	142.43
ko:K19506	488.06999999999994	251.67000000000002	86.33	80.67	37.2	108.4	4534.2699999999995	513.6700000000001	639.73	4236.63
ko:K19507	510.66999999999996	247.67000000000002	349.33	80.67	60.4	72.0	4423.87	418.87	624.0	4149.09
ko:K19508	604.0699999999999	286.67	155.32999999999998	186.67	38.6	234.4	2060.4700000000003	379.87	46.4	134.96
ko:K19509	709.0699999999999	394.67	189.32999999999998	173.67000000000002	103.8	151.4	5195.07	635.47	659.4	4208.96
ko:K19510	1594.47	630.6700000000001	586.33	406.66999999999996	83.2	748.8	12783.27	1376.5700000000002	1932.3	12552.16
ko:K19515	5831.0	654.0	3685.0	2576.0	1167.0	2613.0	5237.0	3562.0	2551.0	3861.0
ko:K19519	937.0	359.6	406.6	1092.0	2041.3999999999996	1552.6	7770.4	4537.2	3272.6000000000004	4311.4
ko:K19540	2.0	0.0	0.0	0.0	9.0	50.0	4.0	60.0	33.0	48.0
ko:K19545	806.0	85.0	34187.0	2885.0	82.0	6069.0	5756.0	1724.0	507.0	671.0
ko:K19546	0.0	0.0	0.0	34.0	0.0	0.0	0.0	0.0	0.0	0.0
ko:K19547	0.0	0.0	0.0	34.0	5.0	0.0	0.0	0.0	0.0	0.0
ko:K19548	6.0	0.0	5.34	34.0	0.0	3.56	19.0	37.0	0.0	0.0
ko:K19549	0.0	0.0	0.0	41.8	0.0	0.0	20.6	0.0	0.0	0.0
ko:K19550	0.0	0.0	0.0	34.0	0.0	0.0	0.0	0.0	0.0	0.0
ko:K19551	0.0	0.0	35481.67	34.0	0.0	4704.83	730.6700000000001	113.0	1.0	4.0
ko:K19552	0.0	0.0	0.0	34.0	0.0	0.0	0.0	0.0	0.0	0.0
ko:K19563	0.0	0.0	0.0	55.8	0.0	3.56	15.0	0.0	0.0	0.0
ko:K19575	0.0	0.0	0.0	68.0	0.0	0.0	0.0	0.0	0.0	0.0
ko:K19576	0.0	0.0	9.0	41.8	0.0	0.0	20.6	0.0	0.0	0.0
ko:K19577	1884.51	351.71	264.64	307.5	6700.96	71.69	6189.28	3943.3499999999995	1914.9099999999999	7397.9800000000005
ko:K19578	65.0	6.3	9.0	41.8	83.2	3.56	20.6	0.0	0.0	0.0
ko:K19580	0.0	0.0	0.0	0.0	21.0	10.0	38.0	0.0	0.0	0.0
ko:K19585	0.29	0.0	0.0	0.0	94.0	0.0	7.5	0.0	29.0	0.0
ko:K19586	0.29	0.0	0.0	0.0	0.0	0.0	14.5	0.0	29.0	0.0
ko:K19587	5.89	0.0	0.0	0.0	0.0	0.0	0.5	0.0	29.0	0.0
ko:K19591	403.32000000000005	198.70999999999998	1175.6599999999999	237.0	2599.94	83.08000000000001	1787.9599999999998	2571.5499999999997	1292.42	2455.0
ko:K19592	0.0	3.0	0.0	0.0	0.0	0.0	0.0	0.0	5.0	0.0
ko:K19593	2.0	0.0	0.0	5.0	1080.25	0.0	0.0	0.0	0.0	0.0
ko:K19594	493.0	48.0	0.0	10.0	2449.5	83.0	810.0	290.0	173.0	140.0
ko:K19595	493.0	48.0	0.0	10.0	2449.5	83.0	817.0	290.0	173.0	140.0
ko:K19597	4.0	0.0	2.0	0.0	22.0	0.0	3.0	90.0	47.0	0.0
ko:K19609	4.0	0.0	0.0	10.0	2160.5	0.0	0.0	0.0	4.0	0.0
ko:K19610	390.72	193.70999999999998	141.0	63.0	3459.359999999999	11.57	1719.79	2196.71	685.4200000000001	1808.9999999999998
ko:K19611	780.02	387.41999999999996	1257.83	214.0	5838.47	54.14	3490.58	4721.42	1486.8400000000001	3622.2899999999995
ko:K19616	0.0	0.0	0.0	0.0	5.0	0.0	0.0	0.0	0.0	0.0
ko:K19617	243.67	115.67	15.33	12.67	1080.25	18.0	571.67	9.67	0.0	0.0
ko:K19620	0.0	0.0	0.0	0.0	0.0	17.17	5.17	1.67	5.0	0.0
ko:K19621	0.0	0.0	0.0	0.0	0.0	0.0	0.0	0.0	5.0	0.0
ko:K19622	0.0	0.0	0.0	0.0	0.0	0.0	0.0	0.0	5.0	0.0
ko:K19623	0.0	0.0	0.0	0.0	0.0	0.0	0.0	0.0	5.0	0.0
ko:K19624	0.0	0.0	0.0	0.0	0.0	0.0	0.0	0.0	5.0	0.0
ko:K19640	0.0	0.0	0.0	0.0	21.0	10.0	38.0	0.0	2.0	0.0
ko:K19647	74.5	7.8	0.0	6.0	26.7	4.5	5.0	19.5	5.5	15.5
ko:K19653	0.0	0.0	0.0	0.0	3.0	0.0	0.0	0.0	0.0	0.0
ko:K19664	15.0	0.0	13.0	0.0	198.0	0.0	0.0	3.0	0.0	0.0
ko:K19665	0.0	0.0	0.0	0.0	20.0	0.0	0.0	0.0	0.0	0.0
ko:K19666	388.43	193.70999999999998	141.0	58.0	2379.11	11.57	1726.79	2196.71	656.4200000000001	1807.57
ko:K19668	169.0	12.0	0.0	0.0	5.0	0.0	0.0	3.0	0.0	0.0
ko:K19670	0.0	0.0	0.0	0.0	0.0	0.0	14.0	0.0	0.0	0.0
ko:K19686	0.0	0.0	0.0	0.0	21.0	10.0	38.0	0.0	0.0	0.0
ko:K19687	0.0	0.0	0.0	0.0	21.0	10.0	38.0	0.0	0.0	0.0
ko:K19688	386.72	193.70999999999998	141.0	53.0	1298.86	11.57	1719.79	2196.71	681.4200000000001	1808.9999999999998
ko:K19689	30656.440000000002	9157.34	9990.14	11200.68	13276.79	10132.970000000001	68687.48	15184.91	13351.6	25237.87
ko:K19693	6.0	0.0	2.67	0.0	0.0	0.0	0.0	0.0	0.0	0.0
ko:K19694	31.0	12.0	2.2	0.0	6.0	0.0	9.0	2.0	0.0	0.0
ko:K19696	388.72	193.70999999999998	141.0	58.0	2379.11	11.57	1719.29	2194.21	652.4200000000001	1808.9999999999998
ko:K19697	18.79	0.0	0.0	0.0	2.43	0.0	5.43	6.43	0.0	1.43
ko:K19700	0.0	0.0	0.0	0.0	0.0	0.0	0.0	0.0	4.0	0.0
ko:K19701	3223.0	1410.33	1355.0	240.0	206.0	18452.890000000003	127200.33	3429.34	1549.67	2945.33
ko:K19702	2513.0	1065.0	1311.0	9.0	30.0	17081.0	125086.0	1567.5	181.0	1593.0
ko:K19707	386.43	193.70999999999998	133.86	84.0	1302.86	11.57	1582.5	2187.07	419.43	130.85
ko:K19709	772.86	387.41999999999996	267.72	100.0	2595.29	23.14	3160.5699999999997	4364.71	750.86	260.27
ko:K19710	992.6	154.32999999999998	126.67	131.42000000000002	611.1700000000001	111.75	2119.67	442.67	602.2499999999999	1164.0
ko:K19711	4.0	0.0	0.0	10.0	2160.5	0.0	0.0	0.0	0.0	0.0
ko:K19712	0.0	0.0	0.0	0.0	20.0	0.0	0.0	0.0	0.0	0.0
ko:K19713	207.0	66.0	0.0	62.0	3240.75	0.0	7.0	0.0	9.0	0.0
ko:K19714	712.0	116.0	88.0	47.0	301.0	83.0	812.0	295.0	249.0	309.0
ko:K19715	23.6	0.0	0.0	0.0	9.0	0.0	0.0	5.0	0.0	6.0
ko:K19719	0.0	0.0	0.0	0.0	0.0	0.0	0.0	1.5	0.0	0.0
ko:K19720	0.0	0.0	0.0	0.0	0.0	0.0	858.0	0.0	0.0	0.0
ko:K19734	392.72	193.70999999999998	141.0	68.0	4539.61	11.57	1719.79	2196.71	685.4200000000001	1808.9999999999998
ko:K19735	2.0	0.0	0.0	5.0	1080.25	0.0	0.0	0.0	0.0	0.0
ko:K19736	386.43	193.70999999999998	227.52	222.0	1300.09	55.25	1587.57	2221.48	394.43	130.85
ko:K19743	0.0	3.0	0.0	0.0	94.0	0.0	7.0	0.0	0.0	0.0
ko:K19744	2.0	0.0	0.0	5.0	1080.25	0.0	7.0	0.0	4.0	0.0
ko:K19745	429.72	193.70999999999998	196.0	96.0	2503.11	44.57	1863.29	2208.71	686.4200000000001	1808.9999999999998
ko:K19746	4.0	0.0	0.0	10.0	2258.5	0.0	7.0	1.5	4.0	0.0
ko:K19775	386.72	193.70999999999998	141.0	53.0	1298.86	11.57	1719.79	2196.71	681.4200000000001	1808.9999999999998
ko:K19776	386.72	193.70999999999998	141.0	53.0	1298.86	11.57	1719.79	2192.71	652.4200000000001	1808.9999999999998
ko:K19777	386.43	193.70999999999998	133.86	50.0	1296.43	11.57	1576.57	2179.14	375.43	129.42
ko:K19778	386.43	193.70999999999998	133.86	50.0	1298.86	11.57	1582.0	2185.57	375.43	129.42
ko:K19784	2112.02	553.46	682.8000000000001	878.55	3903.61	3853.44	59960.49	4953.71	3275.22	7821.999999999999
ko:K19789	875.72	241.70999999999998	216.60000000000002	1843.0	2029.6599999999999	2156.57	4978.1900000000005	3906.11	2082.62	3584.0
ko:K19802	25478.480000000003	4149.719999999999	6563.92	13099.07	21265.960000000003	14070.48	48076.29000000001	15240.51	12451.650000000001	27513.4
ko:K19803	388.72	193.70999999999998	141.0	58.0	2379.11	11.57	1719.79	2196.71	685.4200000000001	1808.9999999999998
ko:K19804	2033.3199999999997	338.40999999999997	1215.6599999999999	714.0	1771.2899999999997	241.68	1870.86	2595.95	1226.42	4262.0
ko:K19810	390.72	193.70999999999998	1128.83	146.0	1317.86	42.57	1773.79	2548.21	733.42	1808.9999999999998
ko:K19813	0.0	3.0	0.0	0.0	0.0	0.0	7.0	0.0	5.0	0.0
ko:K19814	127.4	47.85	6.0	58.0	126.60000000000001	499.4	361.1	355.75	309.15	1110.95
ko:K19817	0.0	0.0	0.0	0.0	20.0	0.0	0.0	0.0	0.0	0.0
ko:K19824	0.0	0.0	0.0	0.0	20.0	0.0	2.4	2.0	0.0	0.0
ko:K19837	0.29	0.0	0.0	0.0	94.0	0.0	0.5	0.0	137.0	1.43
ko:K19856	0.0	0.0	0.0	0.0	4.0	0.0	0.0	0.0	0.0	0.0
ko:K19872	1355.25	198.0	173.0	98.0	796.0	2095.0	6784.5	338.5	79.5	169.5
ko:K19883	86.0	26.0	0.0	0.0	3.0	0.0	0.0	0.0	0.0	0.0
ko:K19954	119.09	19.200000000000003	18.0	490.0	955.6	131.16000000000003	76.4	111.39999999999999	10.0	1.43
ko:K19955	53523.81	11162.349999999999	15021.31	52523.11	26802.230000000003	36635.84	189965.68000000005	22439.38	17176.760000000002	51461.69
ko:K19956	1910.4899999999998	611.5899999999999	394.03000000000003	452.16999999999996	3851.79	352.47	5564.36	6705.19	1076.8500000000001	2272.85
ko:K19961	0.0	0.0	0.0	0.0	188.0	0.0	0.0	0.0	0.0	0.0
ko:K19965	0.0	0.0	0.0	13.0	26.0	10.0	194.0	144.0	0.0	0.0
ko:K19967	0.0	0.0	0.0	0.0	94.0	0.0	0.0	0.0	4.0	0.0
ko:K19969	1460.0	124.5	80.83	86.0	51.83	52.84	34.0	41.17	535.0	2453.0
ko:K19971	415.8	102.0	235.6	366.8	471.0	1875.0	28986.949999999997	1342.25	1147.35	2623.25
ko:K19972	415.8	96.0	222.6	343.8	476.0	1875.0	28946.949999999997	1348.25	1141.35	2623.25
ko:K19973	448.8	102.0	433.6	488.47	1111.0	1879.57	29365.949999999997	1358.92	1206.35	2927.25
ko:K19974	247.0	0.0	40.0	126.0	37.0	47.0	4412.0	323.0	830.0	1634.0
ko:K19975	415.8	102.0	242.6	380.8	480.0	1878.0	29313.949999999997	1355.25	1182.35	2623.25
ko:K19976	914.6	222.0	596.2	1005.27	2217.0	4137.14	60766.899999999994	3123.17	2357.7	5331.5
ko:K19978	0.0	0.0	0.0	0.0	0.0	0.0	0.0	3.0	0.0	0.0
ko:K19979	122.0	24.0	20.0	38.0	16.0	33.0	158.0	154.5	0.0	10.0
ko:K19981	0.0	0.0	0.0	0.0	0.0	0.0	7.0	0.0	0.0	0.0
ko:K19982	0.0	0.0	0.0	0.0	0.0	0.0	7.0	1.5	0.0	0.0
ko:K19997	18359.56	2416.58	2980.67	9107.86	18665.9	13754.59	23419.25	4326.4	11198.98	21201.14
ko:K20011	187.0	12.0	0.0	0.0	9.0	0.0	0.0	5.0	0.0	6.0
ko:K20023	28.29	0.0	7.140000000000001	26.0	7.0	117.0	156.29	85.14	197.99	1733.3000000000002
ko:K20025	7.0	0.0	0.0	36.0	2.0	20.0	97.0	32.0	6.0	34.0
ko:K20026	7.0	0.0	0.0	0.0	2.0	0.0	0.0	2.0	6.0	0.0
ko:K20034	36.0	3.0	0.0	0.0	18.0	0.0	7.0	176.0	98.0	12.0
ko:K20035	2.0	3.0	35.0	0.0	94.0	0.0	27.0	30.5	5.0	0.0
ko:K20036	909.5999999999999	160.2	153.0	490.0	1128.6	378.6000000000001	889.9	243.39999999999998	0.0	0.0
ko:K20037	1246.72	267.51	280.26	258.0	1779.6299999999999	357.57	9776.97	3742.89	1571.6800000000003	2320.03
ko:K20038	9498.23	1740.64	1849.0	1528.0	4562.32	2648.13	45732.93	5550.200000000001	1827.05	3218.58
ko:K20073	415.0	102.0	240.0	349.0	471.0	1869.0	28836.25	1344.75	1112.85	2576.75
ko:K20074	58708.82	16656.34	146909.40000000002	39067.65	21531.660000000003	74091.66	459080.69	45997.880000000005	33341.149999999994	76237.25
ko:K20089	0.0	0.0	0.0	0.0	3.0	0.0	0.0	0.0	0.0	0.0
ko:K20107	1071.2	190.0	1408.43	559.0	604.09	2157.96	32079.12	2373.5299999999997	1226.25	2982.95
ko:K20108	1071.2	190.0	1408.43	559.0	604.09	2157.96	32079.12	2373.5299999999997	1226.25	2982.95
ko:K20109	0.0	0.0	0.0	0.0	626.0	0.57	0.0	0.0	0.0	0.0
ko:K20112	39.0	0.0	80.0	71.0	0.0	38.0	3008.25	116.75	703.25	614.75
ko:K20113	39.0	0.0	80.0	71.0	0.0	38.0	3008.25	109.75	703.25	614.75
ko:K20114	81.4	27.0	80.0	120.0	31.2	97.4	3106.25	346.75	729.65	682.95
ko:K20116	16952.18	5957.26	6950.18	6844.15	3445.33	6433.94	33980.42999999999	8079.8099999999995	7953.85	16356.369999999999
ko:K20117	16960.739999999998	5963.26	7236.57	6858.71	3472.45	6496.94	34629.51	8261.92	8577.83	19823.42
ko:K20118	16960.739999999998	5963.26	7236.57	6858.71	3472.45	6496.94	34629.51	8261.92	8577.83	19823.42
ko:K20140	92.33	23.0	101.5	89.0	26.0	166.0	84.0	131.0	320.0	722.4300000000001
ko:K20148	157.0	0.0	140.0	0.0	0.0	0.0	0.0	0.0	0.0	84.0
ko:K20151	1077.0	113.0	230.5	0.0	688.0	1090.5	3814.0	1566.5	0.0	0.0
ko:K20157	0.0	0.0	0.0	0.0	0.0	0.0	0.0	1.5	0.0	0.0
ko:K20170	0.0	0.0	0.0	0.0	0.0	0.0	0.0	6.0	0.0	0.0
ko:K20199	0.0	0.0	0.0	0.0	0.0	5.0	51.5	20.0	3.0	7.0
ko:K20201	2158.84	528.88	1566.42	1644.1299999999999	4188.7	1526.63	25353.18	837.33	3224.75	2387.0
ko:K20204	14.0	0.0	0.0	47.0	49.0	0.0	0.0	0.0	0.0	0.0
ko:K20215	0.0	0.0	0.0	0.0	20.0	0.0	0.0	0.0	0.0	0.0
ko:K20250	2.0	0.0	0.0	5.0	1080.25	0.0	0.0	0.0	0.0	0.0
ko:K20256	386.72	193.70999999999998	141.0	53.0	1298.86	11.57	1719.79	2196.71	681.4200000000001	1808.9999999999998
ko:K20257	7.0	1.0	0.0	5.0	1097.75	0.0	25.0	14.0	0.0	0.0
ko:K20260	16.0	6.0	0.0	23.0	3240.75	0.0	72.0	20.0	0.0	0.0
ko:K20261	4.0	0.0	0.0	10.0	2164.5	0.0	7.0	1.5	0.0	0.0
ko:K20262	4.0	0.0	0.0	10.0	2160.5	0.0	7.0	0.0	0.0	0.0
ko:K20263	387.01	193.70999999999998	141.0	53.0	1298.86	11.57	1719.79	2233.71	710.4200000000001	1810.4299999999998
ko:K20264	387.01	193.70999999999998	133.86	50.0	1298.86	11.57	1582.0	2185.57	541.4300000000001	132.28
ko:K20265	34144.16	5099.99	2810.6099999999997	13270.019999999999	36435.45	21335.6	93619.73000000001	31599.65	23265.39	49262.02
ko:K20266	492.0	48.0	0.0	52.0	1369.25	83.0	812.5	290.0	178.0	140.0
ko:K20273	0.0	0.0	0.0	0.0	0.0	0.0	7.0	0.0	0.0	0.0
ko:K20274	925.0	22.0	5.0	0.0	706.0	0.0	7.0	0.0	0.0	0.0
ko:K20275	0.0	0.0	0.0	0.0	0.0	0.0	7.0	0.0	5.0	0.0
ko:K20276	21179.79	4407.31	40406.17	16400.449999999997	18610.629999999997	16395.039999999997	39266.090000000004	13170.06	9043.9	7553.1900000000005
ko:K20277	2.0	0.0	0.0	5.0	1080.25	0.0	21.0	0.0	0.0	0.0
ko:K20306	952.0	142.0	350.0	138.0	98.0	12.0	460.0	90.0	32.0	18.0
ko:K20319	388.43	193.70999999999998	133.86	55.0	2376.68	11.57	1577.07	2179.14	502.43	129.42
ko:K20320	388.43	193.70999999999998	133.86	55.0	2376.68	11.57	1577.07	2179.14	502.43	129.42
ko:K20327	170.33	12.0	0.0	0.0	0.0	0.0	0.0	0.0	0.0	0.0
ko:K20329	0.0	0.0	0.0	0.0	0.0	0.0	7.0	0.0	0.0	0.0
ko:K20330	0.0	0.0	0.0	0.0	0.0	0.0	0.0	0.0	4.0	0.0
ko:K20331	0.0	0.0	0.0	0.0	0.0	0.0	0.0	0.0	108.0	0.0
ko:K20333	21.5	0.0	0.0	0.0	0.0	0.0	0.0	0.0	0.0	0.0
ko:K20337	0.0	0.0	0.0	15.6	0.0	0.0	103.0	0.0	0.0	0.0
ko:K20338	0.0	0.0	0.0	7.8	0.0	0.0	20.6	0.0	0.0	0.0
ko:K20341	0.0	0.0	22.0	10.0	0.0	0.0	599.0	43.0	0.0	0.0
ko:K20342	967.0	96.0	220.0	740.0	1884.0	1869.57	104908.0	2438.0	2217.2	7992.0
ko:K20344	8130.04	1098.53	4220.8	3445.56	3789.2	6851.5	64365.15	6347.15	4207.78	8708.75
ko:K20345	6084.8	660.8	3853.2	2681.6	1211.8	2947.0	9221.85	3772.35	3248.18	4360.75
ko:K20370	0.0	0.0	35.0	0.0	0.0	0.0	880.0	9.0	4.0	27.0
ko:K20373	1400.66	552.16	564.3299999999999	1062.67	1492.67	2428.17	51764.0	2814.17	859.2	4269.0
ko:K20374	98.0	50.0	46.0	12.0	117.0	0.57	134.0	341.0	20.0	21.0
ko:K20375	0.0	0.0	0.0	0.0	99.0	0.0	63.0	138.0	0.0	0.0
ko:K20379	0.0	6.0	20.0	33.0	0.0	0.0	442.0	7.0	65.0	37.0
ko:K20386	0.0	6.0	13.0	23.0	0.0	0.0	40.0	0.0	6.0	0.0
ko:K20391	818.0	0.0	1370.0	75.0	7.0	1.14	126.0	293.0	5.6	11.0
ko:K20415	491.0	208.0	0.0	0.0	3.0	0.0	0.0	12.0	759.0	3034.43
ko:K20423	0.0	0.0	0.0	14.0	0.0	0.0	0.0	0.0	3.0	0.0
ko:K20427	18.0	0.0	0.0	0.0	9.0	0.0	0.0	5.0	0.0	6.0
ko:K20429	14748.66	1345.6100000000001	581.4	5382.0	3089.7200000000003	2203.1	5848.73	2207.73	1836.2	15062.400000000001
ko:K20431	0.0	0.0	0.0	0.0	103.0	0.0	0.0	0.0	0.0	0.0
ko:K20432	818.0	0.0	1370.0	75.0	0.0	0.0	0.0	14.0	0.0	0.0
ko:K20433	122.0	24.0	20.0	38.0	16.0	33.0	158.0	154.5	0.0	10.0
ko:K20444	53170.28	12947.86	39857.850000000006	26952.620000000003	9623.25	19829.07	81042.46999999999	23999.920000000002	25548.64	54850.55
ko:K20445	6.0	0.75	0.0	0.0	2.0	77.0	775.5	5.5	0.0	5.0
ko:K20446	191.0	31.75	21.0	35.0	30.0	304.0	1053.5	100.5	118.0	200.0
ko:K20447	0.0	8.0	0.0	0.0	40.0	100.0	767.0	133.0	14.0	22.0
ko:K20448	0.0	0.0	0.0	0.0	0.0	77.0	767.0	0.0	0.0	5.0
ko:K20449	233.6	113.0	75.0	44.0	359.0	0.0	3451.0	159.0	599.0	4064.0
ko:K20451	0.0	0.0	0.0	0.0	0.0	15.0	0.0	118.0	0.0	39.0
ko:K20452	33517.94	9541.91	26686.67	31785.489999999998	6881.240000000001	34473.4	180482.1	17198.23	22351.45	40278.8
ko:K20453	24158.61	6947.57	16596.670000000002	22383.329999999998	6497.570000000001	11257.900000000001	80294.27	13534.900000000001	13319.45	31252.800000000003
ko:K20454	86.0	26.0	0.0	0.0	3.0	25.0	0.0	30.0	0.0	24.0
ko:K20455	8.0	3.0	2.0	10.0	2273.5	0.0	10.0	90.0	60.0	0.0
ko:K20459	7281.68	4437.66	5782.0	4607.32	1354.0	5260.5599999999995	47919.0	4538.0	7233.6	21091.0
ko:K20460	6254.68	4287.66	5605.0	4331.32	883.0	3429.56	22344.0	3410.75	6857.85	19151.75
ko:K20461	7002.68	4366.66	5723.0	4445.32	885.0	3543.56	22547.0	3491.75	6920.45	19448.75
ko:K20468	0.0	0.0	0.0	0.0	64.0	20.0	80.0	1.5	0.0	0.0
ko:K20469	0.0	1.33	36.67	20.67	6.67	11.0	1079.67	95.67	26.0	67.0
ko:K20470	0.0	0.0	0.0	0.0	30.0	0.0	0.0	1.5	0.0	0.0
ko:K20480	1905.56	118.0	204.11	717.56	2689.89	1831.57	102070.67	2372.0	1528.6	7401.889999999999
ko:K20482	0.0	0.0	0.0	0.0	0.0	0.0	18.0	9.0	4.0	7.0
ko:K20483	0.0	0.0	0.0	7.8	42.0	20.0	80.0	0.0	0.0	0.0
ko:K20484	0.0	0.0	0.0	7.8	42.0	20.0	80.0	1.5	0.0	0.0
ko:K20485	1014.0	51.0	3248.0	1664.0	125.0	662.0	9728.0	767.0	3480.0	9829.0
ko:K20486	241.67	115.67	127.33	7.67	0.0	18.0	571.67	9.67	0.0	0.0
ko:K20487	25084.010000000002	8306.4	17851.48	14255.53	5005.4	12367.06	108282.07	11231.02	15639.23	36674.95
ko:K20488	29198.510000000002	9514.33	23069.82	15540.73	5918.610000000001	13718.900000000001	109985.17	11804.16	17068.34	43350.62
ko:K20489	330.0	189.0	119.0	12.0	18.0	0.0	179.0	96.0	38.0	164.0
ko:K20490	10570.21	3874.4	11856.08	8393.130000000001	2283.9	9312.5	74564.27	6033.62	7698.25	21003.35
ko:K20491	9791.21	3682.4	11512.83	7807.630000000001	1245.9	5576.5	23558.27	3819.62	6892.25	17047.35
ko:K20492	9791.21	3683.4	11512.83	7799.83	1245.9	5576.5	23558.27	3817.62	6892.25	17034.35
ko:K20494	0.0	0.0	0.0	7.8	0.0	0.0	0.0	0.0	0.0	0.0
ko:K20497	0.0	0.0	0.0	0.0	21.0	10.0	38.0	0.0	0.0	0.0
ko:K20500	0.0	0.0	0.0	14.0	0.0	0.0	4.0	0.0	3.0	0.0
ko:K20509	54.5	0.0	78.0	0.0	0.0	93.5	249.0	184.0	0.0	0.0
ko:K20510	508.83	77.5	37.0	7217.5	171.5	74.0	216.0	289.0	257.0	420.5
ko:K20511	508.83	77.5	37.0	7217.5	171.5	74.0	216.0	289.0	257.0	420.5
ko:K20525	0.29	0.0	1643.67	0.0	0.0	2089.83	277.67	43.0	30.0	1.43
ko:K20527	492.0	48.0	0.0	52.0	1369.25	83.0	812.5	290.0	173.0	140.0
ko:K20528	492.0	48.0	0.0	52.0	1369.25	83.0	812.5	290.0	173.0	140.0
ko:K20529	490.0	48.0	0.0	0.0	289.0	83.0	812.5	290.0	178.0	140.0
ko:K20530	3606.0	101.0	0.0	52.0	1369.25	83.0	812.5	801.0	178.0	1082.0
ko:K20531	2908.0	438.0	17.5	737.5	4568.75	359.5	3132.5	1749.5	5190.0	9021.0
ko:K20532	492.0	48.0	0.0	52.0	1369.25	83.0	819.5	290.0	178.0	140.0
ko:K20533	492.0	48.0	0.0	52.0	1369.25	83.0	812.5	290.0	178.0	140.0
ko:K20534	36089.1	11476.75	79193.67	20856.059999999998	13099.1	51567.63	357240.08999999997	29296.77	18594.72	47867.57
ko:K20539	0.0	0.0	0.0	0.0	0.0	0.0	0.0	0.0	0.0	1.43
ko:K20540	0.0	0.0	0.0	0.0	0.0	0.0	0.0	0.0	5.0	0.0
ko:K20541	1989.35	460.41999999999996	409.66	278.0	2647.38	116.49000000000001	3490.1499999999996	4453.43	1847.8400000000001	6073.859999999999
ko:K20542	1601.01	266.71	268.66	225.0	1348.52	104.92	1768.4599999999998	2260.7200000000003	1245.42	4263.43
ko:K20543	930.01	525.04	209.83	192.0	4251.6900000000005	656.74	3237.12	3868.2200000000003	1604.0900000000001	1816.76
ko:K20549	0.0	0.0	0.0	0.0	0.0	0.0	0.0	0.0	0.0	2.86
ko:K20552	1214.0	73.0	34.0	0.0	46.0	31.0	32.0	20.0	535.0	2453.0
ko:K20609	564.43	203.70999999999998	245.86	226.0	1296.43	419.57	2668.5699999999997	2219.14	483.43	737.42
ko:K20616	7.0	0.0	20.0	38.0	16.0	33.0	134.0	12.0	0.0	0.0
ko:K20626	41.0	18.0	55.0	178.0	2.0	377.0	163.0	346.5	89.5	343.0
ko:K20627	139.0	46.0	55.0	197.0	0.0	377.0	175.0	346.5	83.5	343.0
ko:K20628	2.5	0.0	0.0	34.0	4.0	0.0	0.0	4.5	0.0	0.0
ko:K20707	644.8	244.0	347.6	517.8	1105.0	1925.1299999999999	30093.949999999997	1394.25	1173.35	2623.25
ko:K20708	0.0	0.0	0.0	34.8	0.0	0.0	20.6	0.0	7.0	0.0
ko:K20712	1545.0	127.5	80.83	86.0	144.82999999999998	71.51	46.17	42.84	540.0	2453.0
ko:K20742	3816.83	1992.93	255.64	204.0	775.21	168.76	1182.75	739.14	216.36	935.07
ko:K20755	134.5	17.0	20.0	38.0	16.0	33.0	134.0	12.0	5.0	0.0
ko:K20757	1672.0	192.5	100.83	171.0	157.82999999999998	104.51	180.17000000000002	54.84	819.0	2776.0
ko:K20765	485.0	56.0	34.0	84.0	71.0	983.0	1225.0	148.0	530.0	1937.0
ko:K20791	0.0	0.0	0.0	0.0	0.0	0.0	4.0	0.0	0.0	0.0
ko:K20801	388.72	193.70999999999998	141.0	58.0	2379.11	11.57	1719.79	2196.71	685.4200000000001	1808.9999999999998
ko:K20806	0.0	0.0	0.0	0.0	4.0	0.0	0.0	0.0	0.0	0.0
ko:K20807	0.0	0.0	0.0	0.0	4.0	0.0	7.0	0.0	0.0	0.0
ko:K20810	28082.08	9409.630000000001	12428.5	12250.03	12199.13	25887.409999999996	164599.94	24556.96	16027.279999999999	33748.47
ko:K20811	376.0	96.0	140.0	289.0	471.0	1838.12	25483.0	1090.0	384.6	1965.0
ko:K20814	52.75	39.33	41.92	124.42	1260.9699999999998	32.0	2387.02	842.4200000000001	167.25	842.2
ko:K20817	0.0	0.0	0.0	0.0	94.0	0.0	0.0	0.0	0.0	0.0
ko:K20829	0.0	0.0	188.0	86.0	4.0	4.0	115.0	0.0	40.0	304.0
ko:K20830	485.0	312.33	0.0	53.0	0.0	584.33	1457.33	1626.3400000000001	893.67	6.33
ko:K20844	0.0	0.0	0.0	0.0	0.0	0.0	0.0	3.0	0.0	0.0
ko:K20846	0.0	0.0	0.0	0.0	0.0	0.0	19.0	0.0	6.0	7.0
ko:K20847	317.0	31.0	322.0	0.0	0.0	0.0	0.0	0.0	0.0	0.0
ko:K20859	544.75	244.13	76.92	138.42000000000002	1385.6699999999998	37.0	3330.52	890.4200000000001	929.25	3872.2
ko:K20861	965.44	483.41999999999996	422.0	223.0	2602.72	1854.14	3516.58	5215.42	1257.8400000000001	3770.9999999999995
ko:K20862	4068.2500000000005	1333.9499999999998	36497.08	28511.18	7209.760000000001	12526.4	19000.08	9796.01	3583.71	6064.87
ko:K20866	32289.860000000004	4806.84	107332.76	63249.11	32742.159999999993	51762.17	112169.63	35924.06	22645.699999999997	45120.99
ko:K20881	410.72	193.70999999999998	143.0	58.0	2407.11	11.57	1722.79	2291.71	732.42	1814.9999999999998
ko:K20882	0.0	0.0	0.0	0.0	0.0	0.0	0.0	2.0	0.0	0.0
ko:K20885	6553.400000000001	172.2	539.8	2488.4	2509.2	1230.6	3145.6000000000004	1643.4	5024.8	12912.400000000001
ko:K20895	0.0	0.0	0.0	34.0	0.0	3.56	20.6	0.0	0.0	0.0
ko:K20900	0.0	0.0	0.0	0.0	4.0	0.0	0.0	0.0	0.0	0.0
ko:K20901	0.0	0.0	35.0	0.0	0.0	0.0	862.0	29.0	0.0	0.0
ko:K20902	0.0	0.0	0.0	0.0	0.0	0.0	0.0	29.0	0.0	0.0
ko:K20903	2247.0	301.0	725.67	842.0	198.0	609.0	2097.0	758.0	435.0	1483.0
ko:K20904	2240.0	301.0	720.67	842.0	196.0	609.0	2069.0	664.0	429.0	1483.0
ko:K20905	0.0	0.0	35.0	0.0	0.0	0.0	0.0	0.0	0.0	0.0
ko:K20918	386.72	193.70999999999998	141.0	53.0	1392.86	11.57	1719.79	2202.71	681.4200000000001	1808.9999999999998
ko:K20920	18.0	0.0	0.0	0.0	9.0	0.0	0.0	5.0	29.0	6.0
ko:K20921	2.0	0.0	0.0	5.0	1080.25	0.0	0.0	0.0	0.0	0.0
ko:K20938	8.29	3.0	2.0	58.0	3097.5	17.8	17.0	11.0	60.0	1.43
ko:K20940	2.29	0.0	0.0	5.0	1182.68	0.0	5.43	10.43	34.0	1.43
ko:K20943	0.0	0.0	0.0	0.0	18.0	0.0	0.0	0.0	0.0	0.0
ko:K20945	2105.03	417.71	206.0	53.0	1322.86	11.57	1723.29	2309.71	807.42	1808.9999999999998
ko:K20946	49.0	5.0	56.0	85.0	0.0	114.0	143.0	0.0	51.0	270.0
ko:K20947	0.0	0.0	1643.67	0.0	0.0	2089.83	277.67	35.0	1.0	0.0
ko:K20952	109.0	17.0	0.0	0.0	0.0	0.0	0.0	0.0	0.0	0.0
ko:K20955	0.0	0.0	1673.67	0.0	0.0	2089.83	277.67	35.0	1.0	0.0
ko:K20956	390.72	193.70999999999998	143.0	53.0	1317.86	11.57	1722.79	2284.71	624.42	1808.9999999999998
ko:K20962	2.0	0.0	0.0	5.0	1080.25	0.0	0.0	0.0	0.0	0.0
ko:K20964	0.0	0.0	0.0	0.0	0.0	0.0	0.0	0.0	2.0	0.0
ko:K20967	7.0	0.0	25.0	38.0	16.0	33.0	134.0	12.0	0.0	0.0
ko:K20968	150.0	120.0	48.0	0.0	3537.0	1161.0	132.0	6.0	0.0	0.0
ko:K20971	22.75	3.0	33.75	225.0	1127.0	33.0	178.75	13.5	449.0	99.25
ko:K20972	2.0	0.0	0.0	5.0	1080.25	0.0	0.0	1.5	4.0	0.0
ko:K20973	1181.0	162.0	0.0	5.0	1658.25	166.0	1620.0	580.0	350.0	280.0
ko:K20974	491.0	48.0	0.0	5.0	1369.25	83.0	810.0	290.0	177.0	140.0
ko:K20975	2.0	0.0	0.0	5.0	1080.25	0.0	0.0	0.0	16.0	8.0
ko:K20976	20.0	0.0	0.0	5.0	1089.25	0.0	0.0	6.5	4.0	6.0
ko:K20977	9.0	0.0	20.0	43.0	1096.25	33.0	134.0	15.0	4.0	0.0
ko:K20978	2.0	0.0	0.0	5.0	1080.25	0.0	0.0	1.5	4.0	0.0
ko:K20987	2.0	0.0	0.0	5.0	1080.25	0.0	0.0	0.0	4.0	0.0
ko:K20988	0.0	0.0	0.0	0.0	0.0	0.0	0.0	0.0	29.0	0.0
ko:K20989	0.0	0.0	0.0	0.0	0.0	3.56	0.0	0.0	0.0	0.0
ko:K20993	492.0	103.0	0.0	0.0	0.0	0.0	0.0	0.0	0.0	0.0
ko:K20997	2.0	0.0	0.0	5.0	1080.25	0.0	0.0	0.0	4.0	0.0
ko:K20998	2.0	0.0	0.0	5.0	1080.25	0.0	0.0	0.0	4.0	0.0
ko:K20999	2.0	0.0	0.0	5.0	1084.25	0.0	0.0	0.0	4.0	0.0
ko:K21000	340.0	24.0	0.0	5.0	1080.25	0.0	0.0	1.5	4.0	0.0
ko:K21001	2.0	0.0	0.0	5.0	1080.25	0.0	0.0	0.0	4.0	0.0
ko:K21002	2.0	0.0	0.0	5.0	1080.25	0.0	0.0	0.0	4.0	0.0
ko:K21003	2.0	0.0	0.0	5.0	1084.25	0.0	0.0	0.0	4.0	0.0
ko:K21004	2.0	0.0	0.0	5.0	1080.25	0.0	0.0	0.0	4.0	0.0
ko:K21005	2.0	0.0	0.0	5.0	1080.25	0.0	0.0	0.0	4.0	0.0
ko:K21006	2.0	0.0	0.0	18.0	1080.25	81.0	28.0	45.5	23.5	19.0
ko:K21007	487.0	318.33	0.0	58.0	3928.25	584.33	1457.33	1626.3400000000001	898.67	6.33
ko:K21008	2.0	0.0	0.0	5.0	1080.25	0.0	0.0	0.0	5.0	0.0
ko:K21009	2565.4	1330.0	979.1	1351.3999999999999	1200.25	1451.2	10685.65	873.65	1333.9	5137.95
ko:K21010	246.0	142.0	118.0	95.0	1266.25	46.0	843.0	41.0	5.0	0.0
ko:K21011	2612.8	1335.0	1037.1	1437.3999999999999	1395.05	1447.2	11183.0	982.9	1426.4	5455.4
ko:K21012	4341.8	1722.5	1049.1	2735.9	2640.5499999999997	2963.2	41306.5	8250.9	3068.4	8569.4
ko:K21019	2.0	0.0	0.0	5.0	1084.25	0.0	0.0	0.0	0.0	0.0
ko:K21020	6.0	0.0	2.0	5.0	1193.25	0.0	3.5	90.0	47.0	0.0
ko:K21021	779.44	387.41999999999996	284.0	111.0	3700.97	23.14	3449.58	4481.42	1305.8400000000001	3617.9999999999995
ko:K21022	18.0	4.0	75.45	66.5	1138.25	57.0	142.0	59.0	0.0	0.0
ko:K21023	6.0	9.0	9.14	42.0	1817.25	0.57	155.29	111.64	229.99	1678.1500000000003
ko:K21024	2.0	0.0	0.0	5.0	1080.25	0.0	0.0	0.0	4.0	0.0
ko:K21025	6.0	0.0	2.0	5.0	1099.25	0.0	3.0	90.0	47.0	0.0
ko:K21028	503.12	263.64	219.14	111.67	1504.27	62.61	2286.39	2437.77	718.9300000000001	1907.52
ko:K21029	24781.61	3583.24	111157.75	53656.64	25648.500000000004	37766.03	64780.33	21804.21	14397.18	22319.370000000003
ko:K21030	5851.55	2186.0	3052.1	2352.27	671.0	1621.5	27994.6	3728.67	2284.25	4523.5
ko:K21039	0.0	0.0	0.0	0.0	0.0	0.0	0.0	2.0	0.0	0.0
ko:K21053	532.33	122.0	204.0	324.0	1667.25	1869.0	27105.5	1353.0	478.6	2176.0
ko:K21055	5793.0	225.0	122.0	2487.0	1327.0	2123.0	5717.0	252.0	510.0	6953.0
ko:K21060	0.0	0.0	0.0	0.0	0.0	0.0	0.0	0.0	4.0	0.0
ko:K21061	2.0	0.0	0.0	5.0	1080.25	0.0	7.0	0.0	33.0	0.0
ko:K21062	526.0	48.0	0.0	10.0	2458.5	83.0	817.0	290.0	206.0	140.0
ko:K21063	12213.96	3293.9799999999996	58989.07000000001	30267.859999999997	14703.8	26618.99	65922.25000000001	19588.3	15875.18	25217.14
ko:K21064	1349.1299999999999	124.0	396.1	495.8	2335.0	1876.6899999999998	29073.449999999997	1362.75	1166.85	2616.75
ko:K21065	9174.5	1094.7	1401.6000000000001	4896.5	5357.5	3877.7	10390.2	4998.0	5827.000000000001	13940.8
ko:K21071	132571.63	30644.78	124979.75000000001	122554.27	71656.08	87388.1	311296.25	78807.73	72306.73000000001	143261.34999999998
ko:K21084	390.43	195.70999999999998	141.0	58.0	2382.11	11.57	1762.79	2196.71	658.4200000000001	1814.57
ko:K21085	386.72	193.70999999999998	141.0	53.0	1298.86	11.57	1719.79	2445.71	777.4200000000001	1808.9999999999998
ko:K21086	386.72	193.70999999999998	141.0	53.0	1298.86	11.57	1719.79	2196.71	681.4200000000001	1808.9999999999998
ko:K21087	386.72	193.70999999999998	141.0	53.0	1298.86	11.57	1719.79	2196.71	681.4200000000001	1808.9999999999998
ko:K21088	386.43	193.70999999999998	133.86	50.0	1298.86	11.57	1582.5	2185.57	404.43	130.85
ko:K21089	394.61	193.70999999999998	141.0	58.0	2379.11	11.57	1720.79	2204.71	710.4200000000001	1810.4299999999998
ko:K21090	386.72	193.70999999999998	141.0	53.0	1298.86	11.57	1719.79	2196.71	681.4200000000001	1808.9999999999998
ko:K21103	2.0	0.0	0.0	5.0	1080.25	0.0	0.0	0.0	0.0	0.0
ko:K21104	160.0	9.0	175.0	32.0	133.0	0.0	0.0	1.5	0.0	0.0
ko:K21105	28.0	0.0	0.0	23.0	0.0	0.0	7.0	0.0	0.0	0.0
ko:K21113	0.0	0.0	0.0	0.0	99.0	3.56	0.0	0.0	0.0	0.0
ko:K21114	0.0	0.0	0.0	0.0	99.0	3.56	0.0	0.0	0.0	0.0
ko:K21116	61.0	0.0	0.0	0.0	0.0	0.0	0.0	0.0	0.0	0.0
ko:K21117	2.0	0.0	0.0	5.0	1080.25	0.0	0.0	0.0	0.0	0.0
ko:K21132	169.8	10.2	89.4	42.0	769.8	172.8	190.8	50.0	1228.2	1635.0
ko:K21133	2.0	3.0	0.0	5.0	1080.25	0.0	0.0	0.0	4.0	0.0
ko:K21134	4.0	0.0	0.0	10.0	2160.5	0.0	0.0	0.0	12.0	0.0
ko:K21135	636.7199999999999	245.20999999999998	141.0	63.0	3459.359999999999	11.57	1719.79	2196.71	689.4200000000001	1808.9999999999998
ko:K21136	2.0	0.0	0.0	5.0	1080.25	0.0	0.0	0.0	4.0	0.0
ko:K21137	2.0	0.0	0.0	5.0	1080.25	0.0	0.0	0.0	4.0	0.0
ko:K21140	5656.7	1109.9	41442.0	13526.999999999998	381.65	6984.0	12028.35	1879.2	4381.4	5307.35
ko:K21142	0.0	0.0	0.0	41.0	660.0	10.0	53.0	0.0	14.0	0.0
ko:K21147	15414.63	1932.8400000000001	43452.42	31015.93	20406.550000000003	23356.11	44357.86	14733.25	7863.1900000000005	10626.02
ko:K21148	0.0	0.0	0.0	0.0	21.0	10.0	38.0	1.5	0.0	0.0
ko:K21159	0.0	0.0	0.0	0.0	21.0	10.0	38.0	3.0	0.0	0.0
ko:K21163	22.33	0.0	11.5	17.0	12.0	74.0	49.0	109.0	62.0	150.0
ko:K21169	0.0	0.0	35.0	0.0	0.0	0.0	0.0	0.0	0.0	20.0
ko:K21172	0.0	0.0	0.0	0.0	4.0	0.0	0.0	0.0	0.0	0.0
ko:K21173	0.0	0.0	35.0	0.0	0.0	0.0	862.0	0.0	0.0	20.0
ko:K21174	0.0	0.0	0.0	0.0	0.0	0.0	0.0	1.5	0.0	0.0
ko:K21183	0.0	0.0	0.0	0.0	0.0	0.0	4.0	0.0	0.0	0.0
ko:K21185	0.0	0.0	0.0	0.0	0.0	0.0	0.0	3.0	0.0	0.0
ko:K21196	0.0	3.0	0.0	0.0	94.0	0.0	7.0	0.0	9.0	0.0
ko:K21210	0.0	0.0	0.0	0.0	21.0	10.0	38.0	0.0	0.0	0.0
ko:K21211	0.0	0.0	0.0	0.0	21.0	10.0	38.0	0.0	0.0	0.0
ko:K21214	0.0	0.0	0.0	0.0	0.0	0.0	0.0	1.5	0.0	0.0
ko:K21218	2.0	0.0	0.0	5.0	1080.25	0.0	0.0	0.0	4.0	0.0
ko:K21219	769.0	123.0	88.0	47.0	301.0	83.0	812.0	295.0	524.0	632.0
ko:K21224	0.0	0.0	0.0	0.0	0.0	0.0	0.0	1.5	0.0	0.0
ko:K21231	20.0	0.0	0.0	0.0	0.0	0.0	0.0	1.5	0.0	0.0
ko:K21252	0.0	6.0	13.0	64.8	99.0	4.13	60.6	0.0	6.0	0.0
ko:K21253	0.29	0.0	0.0	0.0	0.0	0.0	0.5	4.0	33.0	1.43
ko:K21260	0.0	0.0	0.0	0.0	0.0	0.0	0.0	1.5	0.0	0.0
ko:K21262	0.0	0.0	0.0	0.0	0.0	0.0	0.0	1.5	0.0	0.0
ko:K21263	0.0	0.0	0.0	0.0	0.0	0.0	0.0	1.5	0.0	0.0
ko:K21264	0.29	0.0	0.0	0.0	0.0	0.0	0.5	4.0	33.0	1.43
ko:K21265	0.29	0.0	0.0	0.0	0.0	0.0	0.5	4.0	141.0	1.43
ko:K21271	18.0	0.0	0.0	0.0	9.0	0.0	0.0	5.0	0.0	6.0
ko:K21273	67.75	39.33	89.92	124.42	1438.9699999999998	32.0	3245.02	845.4200000000001	167.25	822.2
ko:K21275	2.3600000000000003	6.0	44.71	83.36	626.89	10.13	805.37	167.5	78.5	71.39
ko:K21276	0.0	0.0	0.0	0.0	0.0	0.0	0.0	0.0	5.0	0.0
ko:K21277	0.0	0.0	0.0	0.0	0.0	0.0	0.0	0.0	5.0	0.0
ko:K21279	5902.0	237.0	122.0	2487.0	1327.0	2156.0	5737.0	347.0	510.0	6953.0
ko:K21281	0.0	0.0	0.0	0.0	4.0	0.0	0.0	0.0	0.0	0.0
ko:K21284	0.0	0.0	0.0	0.0	0.0	0.0	0.0	1.5	0.0	0.0
ko:K21285	0.0	0.0	0.0	41.8	626.0	0.0	20.6	0.0	0.0	3.0
ko:K21302	0.0	0.0	0.0	0.0	21.0	10.0	38.0	0.0	0.0	0.0
ko:K21303	0.0	0.0	59.83	0.0	0.0	0.0	0.0	0.0	5.0	0.0
ko:K21306	0.0	0.0	0.0	0.0	20.0	0.0	0.0	0.0	0.0	0.0
ko:K21307	19.29	14.0	0.0	0.0	19.5	5.0	249.0	303.5	3.0	28.43
ko:K21308	0.0	0.0	46.83	86.0	1.83	40.510000000000005	7.17	24.34	0.0	0.0
ko:K21309	6.0	7.0	0.0	0.0	0.0	10.0	127.0	135.5	6.0	24.0
ko:K21325	0.0	0.0	0.0	0.0	4.0	0.0	0.0	0.0	0.0	0.0
ko:K21336	0.0	0.0	0.0	0.0	21.0	10.0	38.0	1.5	0.0	0.0
ko:K21337	0.0	0.0	0.0	0.0	21.0	10.0	38.0	0.0	0.0	0.0
ko:K21342	0.0	0.0	0.0	0.0	4.0	0.0	0.0	0.0	0.0	0.0
ko:K21344	1940.32	321.21	221.83	144.0	2523.94	83.08000000000001	1768.4599999999998	2239.55	1225.42	4262.0
ko:K21345	1546.0	127.5	80.83	86.0	144.82999999999998	71.51	48.67	42.84	540.0	2453.0
ko:K21349	0.0	3.0	0.0	0.0	12.0	0.0	0.0	3.0	0.0	4.0
ko:K21350	2471.87	307.0	1953.4699999999998	710.67	153.61	661.6400000000001	5627.17	615.01	626.76	1826.6699999999998
ko:K21364	1697.2800000000002	770.99	192.0	1040.4299999999998	1501.1499999999999	1661.5799999999997	2114.29	356.30000000000007	2893.29	4236.87
ko:K21365	0.0	0.0	0.0	0.0	0.0	0.0	0.0	2.0	0.0	0.0
ko:K21366	0.0	0.0	0.0	0.0	0.0	0.0	0.0	0.0	275.0	323.0
ko:K21375	0.0	0.0	0.0	0.0	0.0	0.0	0.0	1.5	0.0	0.0
ko:K21379	257.0	24.0	2.0	0.0	0.0	67.0	40.0	196.0	0.0	0.0
ko:K21393	1218.83	332.30999999999995	221.86	138.0	1727.03	144.97	2399.17	2515.14	1110.83	1224.05
ko:K21394	1747.37	430.03999999999996	278.53000000000003	229.0	1899.63	343.97	2836.5	2768.47	1444.83	2080.05
ko:K21395	6095.0	2151.04	3668.8599999999997	965.66	2289.33	1717.27	5459.639999999999	4466.17	2669.5299999999997	7737.879999999999
ko:K21397	202.5	0.0	0.0	138.0	522.0	20.0	25559.0	422.0	379.0	1824.0
ko:K21399	2359.0	1045.0	2.2	10.0	115.0	0.0	1046.0	345.0	49.0	80.0
ko:K21400	85.0	21.0	2.2	10.0	12.0	0.0	864.0	9.0	32.0	16.0
ko:K21401	18.0	1.33	36.67	6.67	66.67	21.0	2087.67	186.17000000000002	23.0	93.0
ko:K21405	4550.63	505.96999999999997	1618.7399999999998	2844.3199999999997	4510.99	2113.8999999999996	8596.5	3083.9399999999996	1633.3400000000001	2641.4300000000003
ko:K21416	3475.34	391.72	2038.34	5892.99	3544.85	3654.8999999999996	60442.25	3790.08	2402.69	6292.25
ko:K21417	3262.07	364.06	2070.67	5902.13	4174.55	3096.76	60108.45	3324.75	2096.42	5617.45
ko:K21420	271.0	54.5	2.0	5.0	1206.25	18.67	17.67	96.67	58.0	6.0
ko:K21429	316.33	16.0	11.5	22.0	1118.25	1085.0	3297.4	285.0	62.0	150.0
ko:K21430	882.72	241.70999999999998	143.0	58.0	2784.11	94.57	2537.29	2574.21	905.4200000000001	1949.0
ko:K21431	0.0	0.0	0.0	0.0	18.0	0.0	0.0	0.0	0.0	0.0
ko:K21440	40.0	17.0	0.0	59.0	27.0	126.0	945.0	192.5	0.0	28.0
ko:K21449	29115.1	4327.59	144322.6	25321.239999999998	19928.559999999998	92629.48	843865.01	91453.4	20398.18	48292.0
ko:K21453	0.0	0.0	0.0	7.8	0.0	0.0	20.6	0.0	0.0	0.0
ko:K21454	0.0	0.0	0.0	15.6	0.0	0.0	41.2	0.0	0.0	0.0
ko:K21461	0.0	0.0	0.0	7.8	0.0	0.0	0.0	0.0	0.0	0.0
ko:K21462	0.0	0.0	0.0	41.8	99.0	0.0	20.6	0.0	0.0	0.0
ko:K21463	0.0	0.0	0.0	41.8	0.0	3.56	20.6	0.0	11.2	22.0
ko:K21464	2098.33	623.0	748.5	459.0	1894.0	364.13	3532.0	566.0	62.0	332.0
ko:K21465	736.8	295.0	451.6	585.8	2195.0	1974.6899999999998	29944.449999999997	1464.75	1234.85	2765.75
ko:K21466	736.8	279.0	445.6	551.8	504.0	1967.0	29944.449999999997	1419.75	1234.85	2765.75
ko:K21467	8050.41	3124.6	1675.1399999999999	3384.49	1892.46	2364.33	15474.18	3252.34	3989.01	3585.02
ko:K21468	1760.33	745.0	732.5	60.0	680.0	17159.13	105690.0	1675.0	252.0	1753.0
ko:K21469	4533.21	1632.0100000000002	679.48	787.2	2357.92	285.0	7195.799999999999	620.73	1651.9	3260.85
ko:K21470	802.72	399.31	59732.5	889.9999999999999	2187.4599999999996	10267.0	10901.96	7071.51	2735.82	4519.400000000001
ko:K21471	115377.11000000002	38260.22	71548.65	68482.56	32183.920000000002	95352.11	778870.5800000001	71722.19	68671.09999999999	148927.01
ko:K21472	14014.880000000001	4833.46	8818.48	23144.61	3779.82	5666.26	46451.05	6298.3	9280.5	23231.989999999998
ko:K21473	3.0	1.33	1.67	6.67	45.67	21.0	259.67	63.67	23.0	67.0
ko:K21474	0.0	0.0	0.0	0.0	22.0	0.0	0.0	0.0	0.0	0.0
ko:K21478	778.1	254.97	439.73	322.46	1372.83	813.8	2259.17	2738.4700000000003	870.0999999999999	1119.42
ko:K21479	19829.239999999998	6546.96	10274.49	11013.259999999998	4306.81	20259.0	196208.12	21636.69	11940.34	21478.72
ko:K21480	17.0	0.93	61.14	41.0	40.1	88.64	2346.5	196.92	3.36	11.07
ko:K21481	0.0	0.0	9.0	90.6	771.0	27.69	124.2	1.5	10.0	23.0
ko:K21487	0.0	0.0	89407.0	68.0	527.0	9360.0	1600.0	236.0	0.0	0.0
ko:K21488	404.0	0.0	22.0	68.0	115.0	240.56	598.0	68.0	0.0	0.0
ko:K21491	0.0	0.0	0.0	68.0	0.0	0.0	0.0	0.0	0.0	0.0
ko:K21492	0.0	0.0	0.0	0.0	0.0	3.56	0.0	0.0	0.0	0.0
ko:K21493	0.0	18.0	39.0	144.8	198.0	3.56	120.0	0.0	20.4	0.0
ko:K21494	0.0	0.0	0.0	0.0	99.0	3.56	0.0	0.0	0.0	0.0
ko:K21495	33.5	15.0	2.0	68.75	1326.75	37.75	298.5	44.5	48.25	438.0
ko:K21498	25032.239999999998	2380.6099999999997	58710.97	31464.760000000002	19117.09	22854.489999999998	43319.88	17368.579999999998	9908.9	23482.91
ko:K21511	386.43	193.70999999999998	168.86	50.0	1296.43	11.57	1576.57	2183.14	375.43	129.42
ko:K21512	386.43	193.70999999999998	133.86	50.0	1296.43	11.57	1576.57	2183.14	375.43	129.42
ko:K21514	0.0	0.0	0.0	0.0	0.0	0.0	0.0	1.5	0.0	0.0
ko:K21555	17.0	2.8	0.0	47.0	20.2	0.0	0.0	0.0	0.0	0.0
ko:K21556	22732.129999999997	2267.04	10149.42	33418.18	20875.85	22319.36	47737.16	16269.0	8305.69	16958.27
ko:K21557	2586.08	1116.79	7103.400000000001	2196.4300000000003	3919.5499999999997	7171.98	8016.09	1278.6000000000001	6165.890000000001	8548.27
ko:K21558	551.0	57.0	90.67	0.0	296.0	88.0	863.5	346.0	252.0	329.0
ko:K21559	345.93	179.0	122.5	159.0	62.0	574.0	1227.0	356.0	327.0	1124.0
ko:K21561	0.0	0.0	0.0	1.67	0.0	0.0	0.0	3.67	0.0	0.0
ko:K21562	42.89	1.0	157.61	75.23	145.78	33.0	563.3399999999999	206.45	31.0	27.89
ko:K21563	1649.0	398.3	274.0	547.0	1853.45	942.0	1663.5	838.5	1206.5	2605.0
ko:K21564	2674.0	197.5	68.0	0.0	186.0	62.0	64.0	40.0	1070.0	4906.0
ko:K21567	424.36	102.0	374.71000000000004	470.36	1758.8899999999999	1887.26	29141.119999999995	1383.25	1166.85	2641.64
ko:K21571	91329.36	7782.28	245935.55000000005	87742.76	71202.5	84737.31	134559.22999999998	39959.3	54469.380000000005	124714.13999999998
ko:K21572	268678.3	30421.9	627053.7	352819.30000000005	256255.0	311408.6	780022.0999999999	252976.0	147437.90000000002	286214.7
ko:K21573	39936.53	2797.34	158768.69	42188.67999999999	23440.55	40531.590000000004	43895.03	14009.500000000002	16076.890000000001	48328.27
ko:K21574	56309.53	3544.4399999999996	71140.26	70233.18	45706.85	42147.02	67824.3	17102.9	22608.089999999997	55564.67
ko:K21575	29317.25	2713.55	60383.420000000006	35819.68	23714.11	27437.83	43306.75	15395.310000000001	14509.11	34611.27
ko:K21576	1562.0	380.75	331.67	176.67000000000002	372.2	347.4	7135.1	601.9200000000001	503.65	640.95
ko:K21577	1568.0	381.5	331.67	176.67000000000002	374.2	362.4	7199.6	786.42	503.65	679.95
ko:K21578	16.0	10.0	0.0	3.0	4.2	10.4	10.6	46.0	21.4	45.2
ko:K21579	166.0	66.0	46.0	16.67	22.2	10.4	66.6	175.67000000000002	21.4	45.2
ko:K21583	31.4	31.0	122.0	64.0	4.2	270.4	3446.6	287.0	46.4	105.2
ko:K21584	31.4	31.0	122.0	64.0	4.2	270.4	3454.6	287.0	66.4	126.2
ko:K21591	0.0	0.0	0.0	7.8	0.0	0.0	0.0	0.0	0.0	0.0
ko:K21592	1137.67	132.67000000000002	126.33	807.67	20.0	18.0	637.67	9.67	201.0	710.0
ko:K21600	51480.19	14702.45	26653.61	29714.059999999998	16382.539999999999	43307.01	319677.57	34522.729999999996	22276.3	42205.549999999996
ko:K21601	0.0	0.0	0.0	34.0	0.0	0.0	0.0	0.0	0.0	0.0
ko:K21602	386.72	193.70999999999998	176.0	53.0	1298.86	11.57	1719.79	2192.71	544.4200000000001	1808.9999999999998
ko:K21607	0.0	0.0	0.0	0.0	0.0	0.0	0.0	0.0	5.0	0.0
ko:K21610	0.0	0.0	0.0	0.0	20.0	0.0	0.0	0.0	0.0	0.0
ko:K21611	0.0	0.0	0.0	0.0	20.0	0.0	0.0	0.0	0.0	0.0
ko:K21612	0.0	0.0	0.0	0.0	20.0	0.0	0.0	0.0	0.0	0.0
ko:K21613	2453.89	467.0	558.2	800.0	1878.0	2392.02	33458.7	2058.9	2200.5	6745.63
ko:K21619	2808.0	1218.0	2820.0	0.0	92.0	0.0	184.0	348.0	770.0	3100.0
ko:K21620	0.0	0.0	0.0	0.0	0.0	0.0	0.0	0.0	4.0	0.0
ko:K21621	0.0	0.0	0.0	0.0	0.0	0.0	7.0	0.0	0.0	0.0
ko:K21636	92294.83	20928.77	100542.41	76826.7	54462.09	88766.19	516617.46	74593.07	50289.92	108628.41
ko:K21637	386.43	193.70999999999998	133.86	50.0	1298.86	11.57	1582.0	2185.57	375.43	129.42
ko:K21638	0.29	0.0	0.0	0.0	0.0	0.0	0.0	0.0	137.0	1.43
ko:K21645	880.72	250.70999999999998	133.86	60.0	3936.359999999999	94.57	2415.5	2475.5699999999997	562.4300000000001	270.85
ko:K21672	2953.0699999999997	1330.3400000000001	193.2	252.32999999999998	298.36	359.06	4505.93	1557.67	162.0	473.2
ko:K21677	3009.0	42.0	0.0	0.0	97.0	0.0	7.0	511.0	0.0	125.0
ko:K21678	5848.0	80.0	0.0	0.0	0.0	0.0	7.0	1022.0	0.0	1067.0
ko:K21679	2924.0	39.0	0.0	0.0	0.0	0.0	0.0	511.0	0.0	125.0
ko:K21680	3.05	0.0	47.6	35.6	0.0	6.0	971.1	47.5	60.75	46.5
ko:K21681	5976.35	799.2	9873.25	3409.75	4318.900000000001	3587.6000000000004	12686.75	6915.650000000001	672.25	3181.2
ko:K21685	0.0	0.0	0.0	0.0	22.0	0.0	0.0	0.0	0.0	0.0
ko:K21686	0.0	0.0	0.0	0.0	4.0	0.0	0.0	36.0	0.0	19.0
ko:K21687	89.0	5.0	53.0	49.0	93.0	247.0	354.0	95.0	121.0	195.0
ko:K21688	127.83	78.66	130.34	237.84	2469.9399999999996	118.0	5579.04	1783.3400000000001	386.5	1767.4
ko:K21691	0.0	0.0	35.0	14.0	4.0	0.0	0.0	0.0	3.0	0.0
ko:K21695	386.72	193.70999999999998	141.0	53.0	1298.86	11.57	1719.79	2196.71	681.4200000000001	1808.9999999999998
ko:K21696	5832.33	654.0	3686.5	2570.0	1167.0	2589.0	5230.0	3552.0	2551.33	3861.0
ko:K21698	386.72	193.70999999999998	141.0	53.0	1298.86	11.57	1719.79	2196.71	681.4200000000001	1808.9999999999998
ko:K21699	2.0	0.0	0.0	5.0	1080.25	0.0	7.0	0.0	8.0	0.0
ko:K21700	2.0	0.0	0.0	5.0	1174.25	0.0	0.0	0.0	0.0	0.0
ko:K21701	340.0	24.0	0.0	34.0	9.0	5.0	57.5	20.0	3.0	7.0
ko:K21703	1.0	0.0	0.0	0.0	0.0	0.0	9.5	1.5	0.0	0.0
ko:K21711	2.0	0.0	0.0	5.0	1080.25	0.0	0.0	0.0	4.0	0.0
ko:K21712	4.0	0.0	0.0	10.0	2160.5	0.0	0.0	0.0	0.0	0.0
ko:K21713	0.0	0.0	7.0	0.0	0.0	0.0	242.0	7.0	19.0	0.0
ko:K21721	5006.6	1069.0	6249.34	5526.8	199.0	3334.0	8577.0	1951.0	3041.0	3931.0
ko:K21730	0.0	0.0	0.0	0.0	0.0	0.0	7.0	0.0	0.0	0.0
ko:K21739	33201.3	2144.7	2594.1000000000004	14775.750000000002	31452.199999999997	21206.95	52010.9	12511.599999999999	11490.05	28504.8
ko:K21742	386.43	193.70999999999998	133.86	50.0	1298.86	11.57	1582.0	2185.57	375.43	129.42
ko:K21743	184.0	0.0	0.0	138.0	570.0	3.56	25514.6	419.0	384.6	1825.0
ko:K21744	5.0	1.33	1.67	25.67	1104.92	11.0	225.67000000000002	66.67	26.0	87.0
ko:K21745	0.0	0.0	0.0	0.0	0.0	2.0	0.0	0.0	5.6	22.0
ko:K21746	0.0	0.0	0.0	0.0	0.0	0.0	0.0	4.0	29.0	0.0
ko:K21747	0.0	0.0	0.0	0.0	0.0	0.0	0.0	0.0	15.0	0.0
ko:K21749	13953.0	584.0	644.0	6255.0	13515.0	6708.0	17226.0	2718.0	3367.0	10045.0
ko:K21750	5395.0	74.8	60.0	2145.0	630.2	2044.0	5653.0	206.0	510.0	6953.0
ko:K21755	5607.47	2277.33	2161.4	1147.36	1216.0	465.63	6071.369999999999	1646.4	1219.4	3223.0299999999997
ko:K21756	2.0	0.0	0.0	5.0	1080.25	0.0	0.0	0.0	4.0	0.0
ko:K21757	389.01	193.70999999999998	133.86	55.0	2473.68	11.57	1591.07	2345.14	534.4300000000001	132.28
ko:K21758	2.0	0.0	0.0	5.0	1080.25	0.0	0.0	0.0	15.0	0.0
ko:K21759	791.7199999999999	375.71	141.0	87.0	1299.86	15.13	1719.79	2208.71	1303.4199999999998	4842.0
ko:K21787	0.0	0.0	0.0	0.0	0.0	0.0	0.0	0.0	0.0	1.43
ko:K21792	0.0	0.0	0.0	0.0	0.0	0.0	0.0	1.5	0.0	0.0
ko:K21793	0.0	0.0	0.0	0.0	21.0	10.0	38.0	0.0	0.0	0.0
ko:K21801	0.0	0.0	0.0	0.0	94.0	0.0	7.0	0.0	0.0	0.0
ko:K21802	0.0	0.0	0.0	34.0	99.0	0.0	14.0	0.0	9.0	0.0
ko:K21825	2.0	0.0	0.0	5.0	1084.25	0.0	7.0	36.0	4.0	19.0
ko:K21826	4.0	0.0	0.0	10.0	2160.5	0.0	14.0	83.0	40.0	0.0
ko:K21828	39.0	6.0	78.0	91.8	0.0	38.0	2726.85	73.75	721.0	614.75
ko:K21829	2.0	0.0	0.0	5.0	1080.25	0.0	7.0	0.0	4.0	0.0
ko:K21830	2.0	0.0	0.0	5.0	1080.25	0.0	7.0	0.0	4.0	0.0
ko:K21831	2.0	0.0	0.0	5.0	1080.25	0.0	0.0	0.0	0.0	0.0
ko:K21832	46.0	27.0	0.0	5.0	1092.25	0.0	25.0	4.0	4.0	0.0
ko:K21833	2.0	0.0	0.0	5.0	1080.25	0.0	7.0	0.0	4.0	0.0
ko:K21834	34.5	4.0	11.0	5.0	1080.25	0.0	7.0	16.0	4.0	7.0
ko:K21883	0.0	6.0	0.0	0.0	4.0	0.0	0.0	0.0	0.0	0.0
ko:K21885	0.0	1.33	36.67	20.67	20.67	11.0	77.67	66.17	7.0	19.0
ko:K21887	0.0	0.0	0.0	0.0	21.0	10.0	38.0	0.0	0.0	0.0
ko:K21898	2498.0	1099.0	8.2	52.0	146.0	397.0	559.0	459.0	304.0	1058.0
ko:K21900	128.0	13.48	132.97	504.0	596.13	135.04000000000002	2888.67	463.59000000000003	158.36	355.07
ko:K21901	386.43	193.70999999999998	133.86	50.0	1296.43	11.57	1614.57	2179.14	387.43	143.42
ko:K21902	18.0	0.0	0.0	34.0	9.0	7.12	0.0	5.0	0.0	6.0
ko:K21903	51726.43	16523.39	29648.100000000002	34216.38	18608.37	48940.0	398945.05000000005	34655.21	28804.81	59390.259999999995
ko:K21904	2.0	0.0	0.0	5.0	1080.25	0.0	0.0	0.0	0.0	0.0
ko:K21905	386.43	193.70999999999998	133.86	50.0	1296.43	11.57	1576.57	2179.14	375.43	129.42
ko:K21906	386.43	193.70999999999998	133.86	50.0	1296.43	11.57	1576.57	2179.14	375.43	129.42
ko:K21907	386.43	193.70999999999998	133.86	50.0	1296.43	11.57	1576.57	2179.14	375.43	129.42
ko:K21908	386.43	193.70999999999998	133.86	50.0	1296.43	11.57	1576.57	2179.14	404.43	129.42
ko:K21909	127.33	50.0	57.5	38.0	30.0	74.0	91.0	174.0	68.0	164.0
ko:K21910	207.9	86.0	48.0	15.0	54.7	54.9	32.6	391.5	79.9	151.13
ko:K21911	0.0	0.0	0.0	0.0	0.0	0.0	0.0	0.0	4.0	1.43
ko:K21929	35066.99	8810.05	13034.5	20216.489999999998	14420.199999999999	37443.67	308192.99000000005	29183.68	15557.74	33482.66
ko:K21935	0.0	0.0	0.0	34.0	689.0	4.13	15.0	0.0	0.0	0.0
ko:K21936	4764.93	648.71	3232.77	2116.33	1710.09	11176.75	152810.32	13796.98	2864.1800000000003	10881.42
ko:K21947	751.0	123.0	88.0	47.0	292.0	83.0	812.0	290.0	524.0	626.0
ko:K21948	386.43	196.70999999999998	133.86	50.0	1298.86	11.57	1589.0	2185.57	375.43	130.85
ko:K21949	0.0	0.0	0.0	7.8	0.0	0.0	858.0	0.0	0.0	0.0
ko:K21959	0.0	0.0	0.0	68.0	0.0	0.0	0.0	0.0	0.0	0.0
ko:K21960	23.0	0.0	0.0	0.0	0.0	7.12	253.0	0.0	0.0	27.0
ko:K21961	0.0	0.0	0.0	0.0	0.0	0.0	858.0	0.0	0.0	0.0
ko:K21962	0.0	0.0	0.0	0.0	22.0	0.0	0.0	1.5	0.0	0.0
ko:K21963	0.29	0.0	69349.67	0.0	0.0	7319.83	1183.67	191.0	109.0	2.86
ko:K21964	0.29	0.0	0.0	0.0	0.0	0.0	0.5	0.0	29.0	2.86
ko:K21965	0.29	0.0	0.0	0.0	0.0	0.0	0.5	0.0	29.0	2.86
ko:K21966	0.29	0.0	0.0	0.0	0.0	0.0	0.0	0.0	33.0	2.86
ko:K21967	0.29	0.0	0.0	0.0	0.0	0.0	0.5	0.0	29.0	4.29
ko:K21968	0.29	0.0	0.0	0.0	0.0	0.0	0.5	0.0	29.0	2.86
ko:K21970	715.0	67.0	88.0	0.0	292.0	83.0	812.0	290.0	249.0	303.0
ko:K21972	394.61	193.70999999999998	148.14000000000001	61.0	2379.11	11.57	1858.08	2207.85	850.41	3488.5800000000004
ko:K21973	0.29	0.0	7.140000000000001	3.0	0.0	0.0	138.29	9.14	276.99	1679.5800000000002
ko:K21974	0.29	0.0	7.140000000000001	3.0	0.0	0.0	137.79	9.14	276.99	1679.5800000000002
ko:K21975	0.29	0.0	7.140000000000001	3.0	0.0	0.0	137.29	9.14	168.99	1679.5800000000002
ko:K21976	0.29	0.0	7.140000000000001	3.0	0.0	0.0	137.79	9.14	276.99	1679.5800000000002
ko:K21977	1170.33	556.3299999999999	360.5	499.0	3367.0	2555.89	33245.58	3410.09	2016.52	2629.08
ko:K21990	6431.47	819.46	389.25	1272.75	7906.610000000001	2414.82	10969.79	7685.71	5697.42	10690.0
ko:K21992	0.0	0.0	0.0	0.0	0.0	0.0	0.0	1.5	0.0	0.0
ko:K21993	17539.739999999998	3327.04	13559.829999999998	19884.32	8261.130000000001	25490.759999999995	119084.59	11282.79	11980.22	22355.28
ko:K22003	2.0	3.0	0.0	5.0	1080.25	0.0	7.5	0.0	9.0	0.0
ko:K22010	36190.69	10577.37	25664.93	29647.79	10646.740000000002	43535.73	343759.04	29950.370000000003	21109.45	43191.22
ko:K22011	0.0	0.0	0.0	0.0	40.0	0.0	0.0	0.0	0.0	0.0
ko:K22014	386.43	193.70999999999998	133.86	50.0	1296.43	11.57	1576.57	2181.14	375.43	129.42
ko:K22015	1121.73	510.21999999999997	2366.63	1039.0	2667.68	153.98	7778.3	5367.66	2478.8300000000004	9585.58
ko:K22024	2771.13	591.86	637.27	464.29	475.73	962.66	7311.28	1434.5500000000002	534.52	1355.08
ko:K22025	0.0	3.0	0.0	0.0	0.0	0.0	7.0	0.0	0.0	0.0
ko:K22026	100.5	54.0	46.0	12.0	42.0	0.0	38.0	101.0	0.0	19.0
ko:K22027	1.0	0.0	0.0	0.0	42.0	20.0	85.5	2.0	58.0	0.0
ko:K22033	0.0	0.0	0.0	0.0	0.0	0.0	0.0	1.5	0.0	0.0
ko:K22041	388.72	193.70999999999998	141.0	58.0	2379.11	11.57	1719.79	2279.71	728.42	1808.9999999999998
ko:K22042	2924.0	39.0	0.0	0.0	0.0	0.0	0.0	511.0	0.0	125.0
ko:K22043	70.0	29.0	110.0	169.8	1365.0	63.25	519.6	29.0	140.0	189.0
ko:K22044	18579.33	5229.969999999999	11403.32	12561.92	7478.58	12028.75	65889.88	11329.14	14095.000000000002	22214.03
ko:K22051	1260.44	699.75	282.0	164.0	3677.97	607.47	4896.91	6019.76	2260.51	3624.33
ko:K22067	6.29	3.0	2.0	5.0	1193.25	0.0	10.5	94.0	193.0	1.43
ko:K22073	1214.0	73.0	34.0	0.0	46.0	31.0	32.0	20.0	535.0	2453.0
ko:K22083	16.0	0.0	5.0	307.0	13.0	21.0	68.0	101.0	99.0	100.0
ko:K22100	1112.8	142.0	1585.6	242.39999999999998	8.0	56.2	898.4	94.4	12.4	20.2
ko:K22103	434.3	102.0	219.6	387.0	471.0	1872.56	27374.1	1169.5	473.45	2202.5
ko:K22104	386.43	193.70999999999998	141.0	53.0	1298.86	11.57	1719.29	2192.71	681.4200000000001	1807.57
ko:K22105	390.72	193.70999999999998	1128.83	146.0	1317.86	42.57	1773.79	2546.71	733.42	1808.9999999999998
ko:K22106	168.0	46.5	25.5	196.5	1714.5	3.56	1194.5	1525.0	82.0	182.0
ko:K22108	0.0	0.0	0.0	0.0	0.0	0.0	76.0	3.0	24.0	28.0
ko:K22109	0.0	0.0	0.0	41.8	99.0	3.56	35.6	0.0	0.0	0.0
ko:K22110	387.01	193.70999999999998	155.28000000000003	59.0	1303.72	11.57	2005.73	2239.85	1019.3999999999999	5168.16
ko:K22111	489.0	48.0	0.0	0.0	289.0	83.0	810.0	290.0	173.0	140.0
ko:K22112	2.0	0.93	8.14	4.0	2.21	5.2	75.0	26.14	0.36	6.07
ko:K22116	108.0	26.75	5.0	341.0	117.0	24.56	153.1	87.5	67.0	104.0
ko:K22129	2684.6099999999997	669.51	690.0	399.33	2012.1899999999998	797.5	6143.94	3811.46	1335.27	3294.41
ko:K22130	7128.04	861.22	641.8600000000001	3849.0	6833.17	1629.3400000000001	4749.1900000000005	5178.48	3640.2500000000005	11570.68
ko:K22131	390.72	196.70999999999998	141.0	63.0	3553.359999999999	11.57	1726.29	2192.71	578.4200000000001	1810.4299999999998
ko:K22132	77102.95	16830.13	96174.17	66872.97	46127.94	75838.94	437196.4	63638.1	38934.840000000004	81052.97
ko:K22133	5.0	0.0	0.0	0.0	8.0	0.0	0.0	0.0	0.0	0.0
ko:K22135	86.0	26.0	0.0	41.8	629.0	4.13	35.6	1.5	0.0	0.0
ko:K22136	0.0	0.0	0.0	41.8	626.0	4.13	35.6	0.0	0.0	0.0
ko:K22185	0.0	6.0	0.0	0.0	0.0	0.0	7.0	0.0	4.0	0.0
ko:K22186	0.0	0.0	0.0	0.0	282.0	0.0	0.0	0.0	0.0	0.0
ko:K22187	0.0	3.0	46.83	120.0	862.8299999999999	57.63	60.17	27.34	19.0	0.0
ko:K22205	386.43	212.70999999999998	133.86	60.0	1436.43	104.57	1745.57	2580.14	495.43	341.41999999999996
ko:K22209	2.0	0.0	0.0	5.0	1174.25	0.0	7.0	0.0	5.0	0.0
ko:K22212	392.8	96.0	244.6	323.0	476.0	1844.0	28350.6	1286.5	512.6	2361.0
ko:K22213	748.0	77.0	230.5	7.8	782.0	991.5	3795.0	1353.5	32.0	1.43
ko:K22214	392.43	193.70999999999998	135.86	55.0	2398.11	11.57	1585.0	2358.57	458.43	130.85
ko:K22219	0.0	0.0	0.0	0.0	4.0	0.0	0.0	0.0	0.0	0.0
ko:K22222	28.0	0.0	0.0	23.0	0.0	0.0	0.0	0.0	0.0	0.0
ko:K22223	0.0	0.0	0.0	0.0	20.0	0.0	0.0	0.0	0.0	0.0
ko:K22224	714.0	62.0	88.0	20.0	726.0	147.0	934.0	463.0	524.0	707.0
ko:K22226	822.0	130.05	88.0	47.0	377.2	83.0	820.5	295.5	524.0	626.0
ko:K22227	10102.440000000002	7522.450000000001	2035.33	4334.1	3176.0199999999995	4786.249999999999	26051.29	7317.969999999999	8581.29	18451.87
ko:K22230	12422.619999999999	2837.21	6175.5	4228.0	8265.95	5364.599999999999	21356.260000000002	13189.989999999998	8721.150000000001	16110.199999999999
ko:K22232	336.0	26.0	71.67	37.0	4.0	142.0	850.25	107.0	13.0	119.0
ko:K22233	100.8	10.0	0.0	6.0	8.4	99.8	33.2	122.0	42.8	146.4
ko:K22250	2.0	0.0	0.0	5.0	1080.25	0.0	0.0	0.0	4.0	0.0
ko:K22251	194.0	128.0	52.0	0.0	0.0	0.0	147.0	0.0	38.0	164.0
ko:K22252	2.0	0.0	0.0	5.0	1080.25	0.0	14.0	0.0	0.0	0.0
ko:K22270	2.58	0.0	0.0	5.0	1281.68	0.0	12.43	11.93	0.0	2.86
ko:K22278	47775.86	12718.45	50847.85	31412.28	19779.86	30494.969999999998	160624.33	17198.8	22736.67	49480.35
ko:K22292	1551.0	127.5	117.83	91.0	1244.08	71.51	49.17	134.34	591.0	2453.0
ko:K22293	6555.12	1009.7099999999999	3941.0	2898.0	2526.06	3079.9700000000003	10629.39	6651.709999999999	3876.48	9964.199999999999
ko:K22294	0.0	0.0	0.0	0.0	6.0	0.0	0.0	0.0	33.0	0.0
ko:K22296	2.0	0.0	0.0	5.0	1083.25	0.0	7.0	0.0	9.0	0.0
ko:K22297	0.0	0.0	0.0	14.0	29.0	10.0	42.0	3.0	3.0	0.0
ko:K22298	0.0	0.0	0.0	14.0	26.0	0.0	10.0	3.0	19.0	28.0
ko:K22299	39.0	14.8	0.0	68.0	125.2	0.0	9.0	2.0	0.0	11.0
ko:K22300	5.6	0.0	57242.67	0.0	4.0	8834.83	1424.67	229.0	1.0	19.0
ko:K22301	0.0	0.0	0.0	68.0	198.0	0.0	15.0	0.0	0.0	0.0
ko:K22302	386.43	193.70999999999998	133.86	50.0	1296.43	11.57	1576.57	2179.14	375.43	129.42
ko:K22303	2.0	0.0	0.0	5.0	1241.25	30.0	128.0	4.0	108.0	0.0
ko:K22305	5737.43	667.73	3194.89	2318.33	498.61	11181.539999999999	152512.85	12467.64	3232.51	5940.2699999999995
ko:K22306	123.78999999999999	77.33	162.31	217.17000000000002	2492.7	43.0	5488.09	1605.74	607.49	3235.98
ko:K22311	0.0	1.33	36.67	6.67	45.67	21.0	124.67	66.17	4.0	39.0
ko:K22316	23.33	4.0	12.5	6.0	50.0	10.0	66.0	90.5	25.0	109.0
ko:K22317	20.0	0.0	0.0	19.0	1089.25	0.0	0.0	5.0	7.0	6.0
ko:K22318	18.0	0.0	0.0	0.0	9.0	0.0	0.0	5.0	0.0	6.0
ko:K22319	219.0	66.0	0.0	14.0	9.0	0.0	0.0	5.0	3.0	6.0
ko:K22320	18.0	0.0	0.0	14.0	30.0	10.0	38.0	5.0	3.0	6.0
ko:K22322	30.75	15.25	2.0	64.25	373.05	21.0	1223.35	366.0	137.25	728.2
ko:K22325	0.0	0.0	0.0	0.0	3.0	0.0	0.5	0.0	0.0	0.0
ko:K22330	0.0	6.0	20.0	23.0	0.0	0.0	342.0	7.0	25.0	0.0
ko:K22335	0.0	0.0	0.0	0.0	0.0	0.0	7.0	0.0	5.0	0.0
ko:K22336	0.0	0.0	0.0	14.0	8.0	0.0	0.0	0.0	3.0	0.0
ko:K22339	13405.73	4948.950000000001	2056.5	2721.0	6333.929999999999	20380.560000000005	133663.26	7836.42	5311.65	9683.45
ko:K22340	12288.73	4920.950000000001	1924.5	1137.0	6307.929999999999	20356.560000000005	133623.26	7787.42	5110.65	8973.45
ko:K22341	1066.4	166.8	158.0	961.0	79.4	325.4	1274.6	179.0	279.4	590.2
ko:K22342	0.0	0.0	0.0	0.0	0.0	0.57	0.0	0.0	0.0	0.0
ko:K22343	1.0	0.0	0.0	0.0	21.0	10.57	40.5	0.0	0.0	0.0
ko:K22344	0.0	0.0	0.0	0.0	0.0	0.57	0.0	0.0	0.0	0.0
ko:K22345	4.0	0.0	0.0	10.0	2160.5	0.0	0.0	0.0	4.0	0.0
ko:K22348	1.0	3.0	0.0	0.0	15.0	37.0	74.5	24.0	97.0	121.0
ko:K22349	0.0	0.0	0.0	14.0	0.0	0.0	8.0	0.0	20.0	21.0
ko:K22350	14.0	0.0	0.0	47.0	49.0	0.0	0.0	0.0	0.0	0.0
ko:K22351	7.0	0.0	20.0	38.0	16.0	33.0	134.0	12.0	0.0	0.0
ko:K22373	1475.4	506.0	511.6	729.0	1686.2	1394.4	2672.7999999999997	1389.5	489.9	2005.2
ko:K22391	55.33	1.0	24.5	17.0	201.0	74.0	49.0	117.0	66.0	156.0
ko:K22393	0.0	0.0	9.0	34.8	0.0	0.0	20.6	7.0	7.0	3.0
ko:K22394	0.8	0.0	11.6	10.0	0.0	6.0	404.35	30.25	65.1	65.25
ko:K22396	0.0	0.0	46.83	86.0	1.83	25.4	2.0	28.67	29.0	1.43
ko:K22397	999.3899999999999	230.37	207.5	257.65999999999997	1425.49	666.64	2818.8900000000003	2995.21	939.0900000000001	2682.06
ko:K22405	33269.36	5756.219999999999	68225.81000000001	37491.51	31092.039999999994	50748.399999999994	189149.5	36390.7	23557.6	43122.04
ko:K22409	505.15	97.4	231.35	493.40000000000003	510.15	1996.0	26427.75	1141.3	826.85	2064.25
ko:K22424	111.0	17.0	0.0	5.0	1080.25	0.0	0.0	1.5	0.0	0.0
ko:K22430	263.0	43.0	16.2	36.0	51.0	147.0	2138.0	562.0	38.0	149.0
ko:K22431	14673.33	4068.9799999999996	9167.54	12529.99	3616.17	7859.01	28798.25	8699.33	7635.67	16620.0
ko:K22432	20602.04	4696.91	18236.79	19669.82	4381.76	11381.18	44082.59	12165.81	11543.24	29459.1
ko:K22441	2130.0	1027.33	368.67	640.47	1165.67	2181.56	33962.92	1841.42	2142.6	4797.75
ko:K22443	2.0	0.0	0.0	5.0	1080.25	0.0	0.0	0.0	4.0	0.0
ko:K22445	11663.51	4307.59	7310.01	5773.91	3059.93	4427.22	23705.65	5962.919999999999	5194.01	8487.07
ko:K22447	0.0	0.0	0.0	0.0	40.0	0.0	0.0	0.0	0.0	0.0
ko:K22452	7.0	0.0	2.0	5.0	1099.25	0.0	5.5	90.0	52.0	0.0
ko:K22457	415.8	102.0	250.6	410.0	1097.0	1873.1299999999999	28869.85	1344.75	1126.85	2579.75
ko:K22463	0.0	0.0	0.0	0.0	4.0	0.0	0.0	0.0	0.0	0.0
ko:K22465	0.0	0.0	0.0	0.0	63.0	0.0	57.0	0.0	18.0	21.0
ko:K22466	18.0	0.0	0.0	0.0	9.0	0.0	0.0	5.0	0.0	6.0
ko:K22468	2516.29	548.6	439.83000000000004	1224.0	5274.929999999999	1498.44	2273.0	660.47	2618.4	5162.83
ko:K22476	0.0	0.0	0.0	0.0	22.0	0.0	0.0	1.5	0.0	0.0
ko:K22477	7736.6	2257.2400000000002	7309.08	9851.66	1499.57	2140.15	17314.300000000003	3623.2799999999997	5208.05	14195.0
ko:K22478	392.72	196.70999999999998	143.0	58.0	2410.11	11.57	1722.79	2286.71	732.42	1808.9999999999998
ko:K22480	0.0	0.0	0.0	0.0	20.0	0.0	0.0	0.0	0.0	0.0
ko:K22481	0.0	0.0	0.0	0.0	20.0	0.0	0.0	0.0	0.0	0.0
ko:K22482	0.0	0.0	0.0	0.0	20.0	0.0	0.0	0.0	0.0	0.0
ko:K22486	386.43	193.70999999999998	133.86	50.0	1296.43	11.57	1576.57	2179.14	379.43	129.42
ko:K22489	0.29	0.0	7.140000000000001	3.0	5.43	0.0	150.22	17.57	172.99	1679.5800000000002
ko:K22491	402.61	195.04	162.67	108.67	2948.7800000000007	93.69999999999999	2139.96	2320.88	741.4200000000001	1877.4299999999998
ko:K22504	0.0	0.0	0.0	0.0	0.0	0.0	7.0	0.0	4.0	0.0
ko:K22510	1.33	0.0	1.5	0.0	0.0	0.0	1.0	0.0	0.0	0.0
