"ASV_ID","Kingdom","Phylum","Class","Order","Family","Genus","Species","Corrected_Species","Unique_Tax","Taxonomy_Source"
"ASV1","Bacteria","Bacteroidota","Bacteroidia","Bacteroidales","Bacteroidaceae","Bacteroides","vulgatus","Bacteroides vulgatus","Bacteroides vulgatus ASV1","Synthetic demo taxonomy in DADA2-compatible format; replace before biological interpretation"
"ASV2","Bacteria","Bacteroidota","Bacteroidia","Bacteroidales","Prevotellaceae","Prevotella","copri","Prevotella copri","Prevotella copri ASV2","Synthetic demo taxonomy in DADA2-compatible format; replace before biological interpretation"
"ASV3","Bacteria","Firmicutes","Clostridia","Oscillospirales","Ruminococcaceae","Faecalibacterium","prausnitzii","Faecalibacterium prausnitzii","Faecalibacterium prausnitzii ASV3","Synthetic demo taxonomy in DADA2-compatible format; replace before biological interpretation"
"ASV4","Bacteria","Firmicutes","Clostridia","Lachnospirales","Lachnospiraceae","Roseburia","intestinalis","Roseburia intestinalis","Roseburia intestinalis ASV4","Synthetic demo taxonomy in DADA2-compatible format; replace before biological interpretation"
"ASV5","Bacteria","Firmicutes","Clostridia","Lachnospirales","Lachnospiraceae","Blautia","obeum","Blautia obeum","Blautia obeum ASV5","Synthetic demo taxonomy in DADA2-compatible format; replace before biological interpretation"
"ASV6","Bacteria","Firmicutes","Clostridia","Oscillospirales","Ruminococcaceae","Ruminococcus","bromii","Ruminococcus bromii","Ruminococcus bromii ASV6","Synthetic demo taxonomy in DADA2-compatible format; replace before biological interpretation"
"ASV7","Bacteria","Verrucomicrobiota","Verrucomicrobiae","Verrucomicrobiales","Akkermansiaceae","Akkermansia","muciniphila","Akkermansia muciniphila","Akkermansia muciniphila ASV7","Synthetic demo taxonomy in DADA2-compatible format; replace before biological interpretation"
"ASV8","Bacteria","Actinobacteriota","Actinobacteria","Bifidobacteriales","Bifidobacteriaceae","Bifidobacterium","longum","Bifidobacterium longum","Bifidobacterium longum ASV8","Synthetic demo taxonomy in DADA2-compatible format; replace before biological interpretation"
"ASV9","Bacteria","Proteobacteria","Gammaproteobacteria","Enterobacterales","Enterobacteriaceae","Escherichia","coli","Escherichia coli","Escherichia coli ASV9","Synthetic demo taxonomy in DADA2-compatible format; replace before biological interpretation"
"ASV10","Bacteria","Proteobacteria","Gammaproteobacteria","Enterobacterales","Enterobacteriaceae","Klebsiella","pneumoniae","Klebsiella pneumoniae","Klebsiella pneumoniae ASV10","Synthetic demo taxonomy in DADA2-compatible format; replace before biological interpretation"
"ASV11","Bacteria","Firmicutes","Bacilli","Lactobacillales","Enterococcaceae","Enterococcus","faecalis","Enterococcus faecalis","Enterococcus faecalis ASV11","Synthetic demo taxonomy in DADA2-compatible format; replace before biological interpretation"
"ASV12","Bacteria","Firmicutes","Bacilli","Lactobacillales","Lactobacillaceae","Lactobacillus","gasseri","Lactobacillus gasseri","Lactobacillus gasseri ASV12","Synthetic demo taxonomy in DADA2-compatible format; replace before biological interpretation"
"ASV13","Bacteria","Firmicutes","Bacilli","Lactobacillales","Streptococcaceae","Streptococcus","salivarius","Streptococcus salivarius","Streptococcus salivarius ASV13","Synthetic demo taxonomy in DADA2-compatible format; replace before biological interpretation"
"ASV14","Bacteria","Firmicutes","Negativicutes","Veillonellales","Veillonellaceae","Veillonella","parvula","Veillonella parvula","Veillonella parvula ASV14","Synthetic demo taxonomy in DADA2-compatible format; replace before biological interpretation"
"ASV15","Bacteria","Fusobacteriota","Fusobacteriia","Fusobacteriales","Fusobacteriaceae","Fusobacterium","nucleatum","Fusobacterium nucleatum","Fusobacterium nucleatum ASV15","Synthetic demo taxonomy in DADA2-compatible format; replace before biological interpretation"
"ASV16","Bacteria","Bacteroidota","Bacteroidia","Bacteroidales","Rikenellaceae","Alistipes","putredinis","Alistipes putredinis","Alistipes putredinis ASV16","Synthetic demo taxonomy in DADA2-compatible format; replace before biological interpretation"
"ASV17","Bacteria","Bacteroidota","Bacteroidia","Bacteroidales","Tannerellaceae","Parabacteroides","distasonis","Parabacteroides distasonis","Parabacteroides distasonis ASV17","Synthetic demo taxonomy in DADA2-compatible format; replace before biological interpretation"
"ASV18","Bacteria","Actinobacteriota","Coriobacteriia","Coriobacteriales","Coriobacteriaceae","Collinsella","aerofaciens","Collinsella aerofaciens","Collinsella aerofaciens ASV18","Synthetic demo taxonomy in DADA2-compatible format; replace before biological interpretation"
"ASV19","Bacteria","Firmicutes","Clostridia","Lachnospirales","Lachnospiraceae","Coprococcus","comes","Coprococcus comes","Coprococcus comes ASV19","Synthetic demo taxonomy in DADA2-compatible format; replace before biological interpretation"
"ASV20","Bacteria","Firmicutes","Clostridia","Lachnospirales","Lachnospiraceae","Eubacterium","rectale","Eubacterium rectale","Eubacterium rectale ASV20","Synthetic demo taxonomy in DADA2-compatible format; replace before biological interpretation"
"ASV21","Bacteria","Firmicutes","Clostridia","Lachnospirales","Lachnospiraceae","Anaerostipes","hadrus","Anaerostipes hadrus","Anaerostipes hadrus ASV21","Synthetic demo taxonomy in DADA2-compatible format; replace before biological interpretation"
"ASV22","Bacteria","Firmicutes","Clostridia","Lachnospirales","Lachnospiraceae","Dorea","longicatena","Dorea longicatena","Dorea longicatena ASV22","Synthetic demo taxonomy in DADA2-compatible format; replace before biological interpretation"
"ASV23","Archaea","Methanobacteriota","Methanobacteria","Methanobacteriales","Methanobacteriaceae","Methanobrevibacter","smithii","Methanobrevibacter smithii","Methanobrevibacter smithii ASV23","Synthetic demo taxonomy in DADA2-compatible format; replace before biological interpretation"
"ASV24","Bacteria","Firmicutes","Clostridia","Christensenellales","Christensenellaceae","Christensenella","minuta","Christensenella minuta","Christensenella minuta ASV24","Synthetic demo taxonomy in DADA2-compatible format; replace before biological interpretation"
"ASV25","Bacteria","Bacteroidota","Bacteroidia","Bacteroidales","Bacteroidaceae","Bacteroides","vulgatus","Bacteroides vulgatus","Bacteroides vulgatus ASV25","Synthetic demo taxonomy in DADA2-compatible format; replace before biological interpretation"
"ASV26","Bacteria","Bacteroidota","Bacteroidia","Bacteroidales","Prevotellaceae","Prevotella","copri","Prevotella copri","Prevotella copri ASV26","Synthetic demo taxonomy in DADA2-compatible format; replace before biological interpretation"
"ASV27","Bacteria","Firmicutes","Clostridia","Oscillospirales","Ruminococcaceae","Faecalibacterium","prausnitzii","Faecalibacterium prausnitzii","Faecalibacterium prausnitzii ASV27","Synthetic demo taxonomy in DADA2-compatible format; replace before biological interpretation"
"ASV28","Bacteria","Firmicutes","Clostridia","Lachnospirales","Lachnospiraceae","Roseburia","intestinalis","Roseburia intestinalis","Roseburia intestinalis ASV28","Synthetic demo taxonomy in DADA2-compatible format; replace before biological interpretation"
"ASV29","Bacteria","Firmicutes","Clostridia","Lachnospirales","Lachnospiraceae","Blautia","obeum","Blautia obeum","Blautia obeum ASV29","Synthetic demo taxonomy in DADA2-compatible format; replace before biological interpretation"
"ASV30","Bacteria","Firmicutes","Clostridia","Oscillospirales","Ruminococcaceae","Ruminococcus","bromii","Ruminococcus bromii","Ruminococcus bromii ASV30","Synthetic demo taxonomy in DADA2-compatible format; replace before biological interpretation"
"ASV31","Bacteria","Verrucomicrobiota","Verrucomicrobiae","Verrucomicrobiales","Akkermansiaceae","Akkermansia","muciniphila","Akkermansia muciniphila","Akkermansia muciniphila ASV31","Synthetic demo taxonomy in DADA2-compatible format; replace before biological interpretation"
"ASV32","Bacteria","Actinobacteriota","Actinobacteria","Bifidobacteriales","Bifidobacteriaceae","Bifidobacterium","longum","Bifidobacterium longum","Bifidobacterium longum ASV32","Synthetic demo taxonomy in DADA2-compatible format; replace before biological interpretation"
"ASV33","Bacteria","Proteobacteria","Gammaproteobacteria","Enterobacterales","Enterobacteriaceae","Escherichia","coli","Escherichia coli","Escherichia coli ASV33","Synthetic demo taxonomy in DADA2-compatible format; replace before biological interpretation"
"ASV34","Bacteria","Proteobacteria","Gammaproteobacteria","Enterobacterales","Enterobacteriaceae","Klebsiella","pneumoniae","Klebsiella pneumoniae","Klebsiella pneumoniae ASV34","Synthetic demo taxonomy in DADA2-compatible format; replace before biological interpretation"
"ASV35","Bacteria","Firmicutes","Bacilli","Lactobacillales","Enterococcaceae","Enterococcus","faecalis","Enterococcus faecalis","Enterococcus faecalis ASV35","Synthetic demo taxonomy in DADA2-compatible format; replace before biological interpretation"
"ASV37","Bacteria","Firmicutes","Bacilli","Lactobacillales","Lactobacillaceae","Lactobacillus","gasseri","Lactobacillus gasseri","Lactobacillus gasseri ASV37","Synthetic demo taxonomy in DADA2-compatible format; replace before biological interpretation"
"ASV38","Bacteria","Firmicutes","Bacilli","Lactobacillales","Streptococcaceae","Streptococcus","salivarius","Streptococcus salivarius","Streptococcus salivarius ASV38","Synthetic demo taxonomy in DADA2-compatible format; replace before biological interpretation"
"ASV39","Bacteria","Firmicutes","Negativicutes","Veillonellales","Veillonellaceae","Veillonella","parvula","Veillonella parvula","Veillonella parvula ASV39","Synthetic demo taxonomy in DADA2-compatible format; replace before biological interpretation"
"ASV40","Bacteria","Fusobacteriota","Fusobacteriia","Fusobacteriales","Fusobacteriaceae","Fusobacterium","nucleatum","Fusobacterium nucleatum","Fusobacterium nucleatum ASV40","Synthetic demo taxonomy in DADA2-compatible format; replace before biological interpretation"
"ASV41","Bacteria","Bacteroidota","Bacteroidia","Bacteroidales","Rikenellaceae","Alistipes","putredinis","Alistipes putredinis","Alistipes putredinis ASV41","Synthetic demo taxonomy in DADA2-compatible format; replace before biological interpretation"
"ASV42","Bacteria","Bacteroidota","Bacteroidia","Bacteroidales","Tannerellaceae","Parabacteroides","distasonis","Parabacteroides distasonis","Parabacteroides distasonis ASV42","Synthetic demo taxonomy in DADA2-compatible format; replace before biological interpretation"
"ASV43","Bacteria","Actinobacteriota","Coriobacteriia","Coriobacteriales","Coriobacteriaceae","Collinsella","aerofaciens","Collinsella aerofaciens","Collinsella aerofaciens ASV43","Synthetic demo taxonomy in DADA2-compatible format; replace before biological interpretation"
"ASV45","Bacteria","Firmicutes","Clostridia","Lachnospirales","Lachnospiraceae","Coprococcus","comes","Coprococcus comes","Coprococcus comes ASV45","Synthetic demo taxonomy in DADA2-compatible format; replace before biological interpretation"
"ASV46","Bacteria","Firmicutes","Clostridia","Lachnospirales","Lachnospiraceae","Eubacterium","rectale","Eubacterium rectale","Eubacterium rectale ASV46","Synthetic demo taxonomy in DADA2-compatible format; replace before biological interpretation"
"ASV47","Bacteria","Firmicutes","Clostridia","Lachnospirales","Lachnospiraceae","Anaerostipes","hadrus","Anaerostipes hadrus","Anaerostipes hadrus ASV47","Synthetic demo taxonomy in DADA2-compatible format; replace before biological interpretation"
"ASV49","Bacteria","Firmicutes","Clostridia","Lachnospirales","Lachnospiraceae","Dorea","longicatena","Dorea longicatena","Dorea longicatena ASV49","Synthetic demo taxonomy in DADA2-compatible format; replace before biological interpretation"
"ASV50","Archaea","Methanobacteriota","Methanobacteria","Methanobacteriales","Methanobacteriaceae","Methanobrevibacter","smithii","Methanobrevibacter smithii","Methanobrevibacter smithii ASV50","Synthetic demo taxonomy in DADA2-compatible format; replace before biological interpretation"
"ASV54","Bacteria","Firmicutes","Clostridia","Christensenellales","Christensenellaceae","Christensenella","minuta","Christensenella minuta","Christensenella minuta ASV54","Synthetic demo taxonomy in DADA2-compatible format; replace before biological interpretation"
"ASV55","Bacteria","Bacteroidota","Bacteroidia","Bacteroidales","Bacteroidaceae","Bacteroides","vulgatus","Bacteroides vulgatus","Bacteroides vulgatus ASV55","Synthetic demo taxonomy in DADA2-compatible format; replace before biological interpretation"
"ASV56","Bacteria","Bacteroidota","Bacteroidia","Bacteroidales","Prevotellaceae","Prevotella","copri","Prevotella copri","Prevotella copri ASV56","Synthetic demo taxonomy in DADA2-compatible format; replace before biological interpretation"
"ASV57","Bacteria","Firmicutes","Clostridia","Oscillospirales","Ruminococcaceae","Faecalibacterium","prausnitzii","Faecalibacterium prausnitzii","Faecalibacterium prausnitzii ASV57","Synthetic demo taxonomy in DADA2-compatible format; replace before biological interpretation"
"ASV61","Bacteria","Firmicutes","Clostridia","Lachnospirales","Lachnospiraceae","Roseburia","intestinalis","Roseburia intestinalis","Roseburia intestinalis ASV61","Synthetic demo taxonomy in DADA2-compatible format; replace before biological interpretation"
"ASV62","Bacteria","Firmicutes","Clostridia","Lachnospirales","Lachnospiraceae","Blautia","obeum","Blautia obeum","Blautia obeum ASV62","Synthetic demo taxonomy in DADA2-compatible format; replace before biological interpretation"
"ASV63","Bacteria","Firmicutes","Clostridia","Oscillospirales","Ruminococcaceae","Ruminococcus","bromii","Ruminococcus bromii","Ruminococcus bromii ASV63","Synthetic demo taxonomy in DADA2-compatible format; replace before biological interpretation"
"ASV64","Bacteria","Verrucomicrobiota","Verrucomicrobiae","Verrucomicrobiales","Akkermansiaceae","Akkermansia","muciniphila","Akkermansia muciniphila","Akkermansia muciniphila ASV64","Synthetic demo taxonomy in DADA2-compatible format; replace before biological interpretation"
"ASV65","Bacteria","Actinobacteriota","Actinobacteria","Bifidobacteriales","Bifidobacteriaceae","Bifidobacterium","longum","Bifidobacterium longum","Bifidobacterium longum ASV65","Synthetic demo taxonomy in DADA2-compatible format; replace before biological interpretation"
"ASV66","Bacteria","Proteobacteria","Gammaproteobacteria","Enterobacterales","Enterobacteriaceae","Escherichia","coli","Escherichia coli","Escherichia coli ASV66","Synthetic demo taxonomy in DADA2-compatible format; replace before biological interpretation"
"ASV67","Bacteria","Proteobacteria","Gammaproteobacteria","Enterobacterales","Enterobacteriaceae","Klebsiella","pneumoniae","Klebsiella pneumoniae","Klebsiella pneumoniae ASV67","Synthetic demo taxonomy in DADA2-compatible format; replace before biological interpretation"
"ASV69","Bacteria","Firmicutes","Bacilli","Lactobacillales","Enterococcaceae","Enterococcus","faecalis","Enterococcus faecalis","Enterococcus faecalis ASV69","Synthetic demo taxonomy in DADA2-compatible format; replace before biological interpretation"
"ASV70","Bacteria","Firmicutes","Bacilli","Lactobacillales","Lactobacillaceae","Lactobacillus","gasseri","Lactobacillus gasseri","Lactobacillus gasseri ASV70","Synthetic demo taxonomy in DADA2-compatible format; replace before biological interpretation"
"ASV71","Bacteria","Firmicutes","Bacilli","Lactobacillales","Streptococcaceae","Streptococcus","salivarius","Streptococcus salivarius","Streptococcus salivarius ASV71","Synthetic demo taxonomy in DADA2-compatible format; replace before biological interpretation"
"ASV72","Bacteria","Firmicutes","Negativicutes","Veillonellales","Veillonellaceae","Veillonella","parvula","Veillonella parvula","Veillonella parvula ASV72","Synthetic demo taxonomy in DADA2-compatible format; replace before biological interpretation"
"ASV73","Bacteria","Fusobacteriota","Fusobacteriia","Fusobacteriales","Fusobacteriaceae","Fusobacterium","nucleatum","Fusobacterium nucleatum","Fusobacterium nucleatum ASV73","Synthetic demo taxonomy in DADA2-compatible format; replace before biological interpretation"
"ASV74","Bacteria","Bacteroidota","Bacteroidia","Bacteroidales","Rikenellaceae","Alistipes","putredinis","Alistipes putredinis","Alistipes putredinis ASV74","Synthetic demo taxonomy in DADA2-compatible format; replace before biological interpretation"
"ASV76","Bacteria","Bacteroidota","Bacteroidia","Bacteroidales","Tannerellaceae","Parabacteroides","distasonis","Parabacteroides distasonis","Parabacteroides distasonis ASV76","Synthetic demo taxonomy in DADA2-compatible format; replace before biological interpretation"
"ASV78","Bacteria","Actinobacteriota","Coriobacteriia","Coriobacteriales","Coriobacteriaceae","Collinsella","aerofaciens","Collinsella aerofaciens","Collinsella aerofaciens ASV78","Synthetic demo taxonomy in DADA2-compatible format; replace before biological interpretation"
"ASV79","Bacteria","Firmicutes","Clostridia","Lachnospirales","Lachnospiraceae","Coprococcus","comes","Coprococcus comes","Coprococcus comes ASV79","Synthetic demo taxonomy in DADA2-compatible format; replace before biological interpretation"
"ASV80","Bacteria","Firmicutes","Clostridia","Lachnospirales","Lachnospiraceae","Eubacterium","rectale","Eubacterium rectale","Eubacterium rectale ASV80","Synthetic demo taxonomy in DADA2-compatible format; replace before biological interpretation"
"ASV81","Bacteria","Firmicutes","Clostridia","Lachnospirales","Lachnospiraceae","Anaerostipes","hadrus","Anaerostipes hadrus","Anaerostipes hadrus ASV81","Synthetic demo taxonomy in DADA2-compatible format; replace before biological interpretation"
"ASV83","Bacteria","Firmicutes","Clostridia","Lachnospirales","Lachnospiraceae","Dorea","longicatena","Dorea longicatena","Dorea longicatena ASV83","Synthetic demo taxonomy in DADA2-compatible format; replace before biological interpretation"
"ASV84","Archaea","Methanobacteriota","Methanobacteria","Methanobacteriales","Methanobacteriaceae","Methanobrevibacter","smithii","Methanobrevibacter smithii","Methanobrevibacter smithii ASV84","Synthetic demo taxonomy in DADA2-compatible format; replace before biological interpretation"
"ASV85","Bacteria","Firmicutes","Clostridia","Christensenellales","Christensenellaceae","Christensenella","minuta","Christensenella minuta","Christensenella minuta ASV85","Synthetic demo taxonomy in DADA2-compatible format; replace before biological interpretation"
"ASV86","Bacteria","Bacteroidota","Bacteroidia","Bacteroidales","Bacteroidaceae","Bacteroides","vulgatus","Bacteroides vulgatus","Bacteroides vulgatus ASV86","Synthetic demo taxonomy in DADA2-compatible format; replace before biological interpretation"
"ASV88","Bacteria","Bacteroidota","Bacteroidia","Bacteroidales","Prevotellaceae","Prevotella","copri","Prevotella copri","Prevotella copri ASV88","Synthetic demo taxonomy in DADA2-compatible format; replace before biological interpretation"
"ASV89","Bacteria","Firmicutes","Clostridia","Oscillospirales","Ruminococcaceae","Faecalibacterium","prausnitzii","Faecalibacterium prausnitzii","Faecalibacterium prausnitzii ASV89","Synthetic demo taxonomy in DADA2-compatible format; replace before biological interpretation"
"ASV91","Bacteria","Firmicutes","Clostridia","Lachnospirales","Lachnospiraceae","Roseburia","intestinalis","Roseburia intestinalis","Roseburia intestinalis ASV91","Synthetic demo taxonomy in DADA2-compatible format; replace before biological interpretation"
"ASV92","Bacteria","Firmicutes","Clostridia","Lachnospirales","Lachnospiraceae","Blautia","obeum","Blautia obeum","Blautia obeum ASV92","Synthetic demo taxonomy in DADA2-compatible format; replace before biological interpretation"
"ASV93","Bacteria","Firmicutes","Clostridia","Oscillospirales","Ruminococcaceae","Ruminococcus","bromii","Ruminococcus bromii","Ruminococcus bromii ASV93","Synthetic demo taxonomy in DADA2-compatible format; replace before biological interpretation"
"ASV94","Bacteria","Verrucomicrobiota","Verrucomicrobiae","Verrucomicrobiales","Akkermansiaceae","Akkermansia","muciniphila","Akkermansia muciniphila","Akkermansia muciniphila ASV94","Synthetic demo taxonomy in DADA2-compatible format; replace before biological interpretation"
"ASV95","Bacteria","Actinobacteriota","Actinobacteria","Bifidobacteriales","Bifidobacteriaceae","Bifidobacterium","longum","Bifidobacterium longum","Bifidobacterium longum ASV95","Synthetic demo taxonomy in DADA2-compatible format; replace before biological interpretation"
"ASV98","Bacteria","Proteobacteria","Gammaproteobacteria","Enterobacterales","Enterobacteriaceae","Escherichia","coli","Escherichia coli","Escherichia coli ASV98","Synthetic demo taxonomy in DADA2-compatible format; replace before biological interpretation"
"ASV100","Bacteria","Proteobacteria","Gammaproteobacteria","Enterobacterales","Enterobacteriaceae","Klebsiella","pneumoniae","Klebsiella pneumoniae","Klebsiella pneumoniae ASV100","Synthetic demo taxonomy in DADA2-compatible format; replace before biological interpretation"
"ASV101","Bacteria","Firmicutes","Bacilli","Lactobacillales","Enterococcaceae","Enterococcus","faecalis","Enterococcus faecalis","Enterococcus faecalis ASV101","Synthetic demo taxonomy in DADA2-compatible format; replace before biological interpretation"
"ASV103","Bacteria","Firmicutes","Bacilli","Lactobacillales","Lactobacillaceae","Lactobacillus","gasseri","Lactobacillus gasseri","Lactobacillus gasseri ASV103","Synthetic demo taxonomy in DADA2-compatible format; replace before biological interpretation"
"ASV105","Bacteria","Firmicutes","Bacilli","Lactobacillales","Streptococcaceae","Streptococcus","salivarius","Streptococcus salivarius","Streptococcus salivarius ASV105","Synthetic demo taxonomy in DADA2-compatible format; replace before biological interpretation"
"ASV106","Bacteria","Firmicutes","Negativicutes","Veillonellales","Veillonellaceae","Veillonella","parvula","Veillonella parvula","Veillonella parvula ASV106","Synthetic demo taxonomy in DADA2-compatible format; replace before biological interpretation"
"ASV107","Bacteria","Fusobacteriota","Fusobacteriia","Fusobacteriales","Fusobacteriaceae","Fusobacterium","nucleatum","Fusobacterium nucleatum","Fusobacterium nucleatum ASV107","Synthetic demo taxonomy in DADA2-compatible format; replace before biological interpretation"
"ASV108","Bacteria","Bacteroidota","Bacteroidia","Bacteroidales","Rikenellaceae","Alistipes","putredinis","Alistipes putredinis","Alistipes putredinis ASV108","Synthetic demo taxonomy in DADA2-compatible format; replace before biological interpretation"
"ASV111","Bacteria","Bacteroidota","Bacteroidia","Bacteroidales","Tannerellaceae","Parabacteroides","distasonis","Parabacteroides distasonis","Parabacteroides distasonis ASV111","Synthetic demo taxonomy in DADA2-compatible format; replace before biological interpretation"
"ASV113","Bacteria","Actinobacteriota","Coriobacteriia","Coriobacteriales","Coriobacteriaceae","Collinsella","aerofaciens","Collinsella aerofaciens","Collinsella aerofaciens ASV113","Synthetic demo taxonomy in DADA2-compatible format; replace before biological interpretation"
"ASV114","Bacteria","Firmicutes","Clostridia","Lachnospirales","Lachnospiraceae","Coprococcus","comes","Coprococcus comes","Coprococcus comes ASV114","Synthetic demo taxonomy in DADA2-compatible format; replace before biological interpretation"
"ASV115","Bacteria","Firmicutes","Clostridia","Lachnospirales","Lachnospiraceae","Eubacterium","rectale","Eubacterium rectale","Eubacterium rectale ASV115","Synthetic demo taxonomy in DADA2-compatible format; replace before biological interpretation"
"ASV117","Bacteria","Firmicutes","Clostridia","Lachnospirales","Lachnospiraceae","Anaerostipes","hadrus","Anaerostipes hadrus","Anaerostipes hadrus ASV117","Synthetic demo taxonomy in DADA2-compatible format; replace before biological interpretation"
"ASV120","Bacteria","Firmicutes","Clostridia","Lachnospirales","Lachnospiraceae","Dorea","longicatena","Dorea longicatena","Dorea longicatena ASV120","Synthetic demo taxonomy in DADA2-compatible format; replace before biological interpretation"
"ASV121","Archaea","Methanobacteriota","Methanobacteria","Methanobacteriales","Methanobacteriaceae","Methanobrevibacter","smithii","Methanobrevibacter smithii","Methanobrevibacter smithii ASV121","Synthetic demo taxonomy in DADA2-compatible format; replace before biological interpretation"
"ASV124","Bacteria","Firmicutes","Clostridia","Christensenellales","Christensenellaceae","Christensenella","minuta","Christensenella minuta","Christensenella minuta ASV124","Synthetic demo taxonomy in DADA2-compatible format; replace before biological interpretation"
"ASV125","Bacteria","Bacteroidota","Bacteroidia","Bacteroidales","Bacteroidaceae","Bacteroides","vulgatus","Bacteroides vulgatus","Bacteroides vulgatus ASV125","Synthetic demo taxonomy in DADA2-compatible format; replace before biological interpretation"
"ASV126","Bacteria","Bacteroidota","Bacteroidia","Bacteroidales","Prevotellaceae","Prevotella","copri","Prevotella copri","Prevotella copri ASV126","Synthetic demo taxonomy in DADA2-compatible format; replace before biological interpretation"
"ASV127","Bacteria","Firmicutes","Clostridia","Oscillospirales","Ruminococcaceae","Faecalibacterium","prausnitzii","Faecalibacterium prausnitzii","Faecalibacterium prausnitzii ASV127","Synthetic demo taxonomy in DADA2-compatible format; replace before biological interpretation"
"ASV128","Bacteria","Firmicutes","Clostridia","Lachnospirales","Lachnospiraceae","Roseburia","intestinalis","Roseburia intestinalis","Roseburia intestinalis ASV128","Synthetic demo taxonomy in DADA2-compatible format; replace before biological interpretation"
"ASV129","Bacteria","Firmicutes","Clostridia","Lachnospirales","Lachnospiraceae","Blautia","obeum","Blautia obeum","Blautia obeum ASV129","Synthetic demo taxonomy in DADA2-compatible format; replace before biological interpretation"
"ASV130","Bacteria","Firmicutes","Clostridia","Oscillospirales","Ruminococcaceae","Ruminococcus","bromii","Ruminococcus bromii","Ruminococcus bromii ASV130","Synthetic demo taxonomy in DADA2-compatible format; replace before biological interpretation"
"ASV134","Bacteria","Verrucomicrobiota","Verrucomicrobiae","Verrucomicrobiales","Akkermansiaceae","Akkermansia","muciniphila","Akkermansia muciniphila","Akkermansia muciniphila ASV134","Synthetic demo taxonomy in DADA2-compatible format; replace before biological interpretation"
"ASV135","Bacteria","Actinobacteriota","Actinobacteria","Bifidobacteriales","Bifidobacteriaceae","Bifidobacterium","longum","Bifidobacterium longum","Bifidobacterium longum ASV135","Synthetic demo taxonomy in DADA2-compatible format; replace before biological interpretation"
"ASV136","Bacteria","Proteobacteria","Gammaproteobacteria","Enterobacterales","Enterobacteriaceae","Escherichia","coli","Escherichia coli","Escherichia coli ASV136","Synthetic demo taxonomy in DADA2-compatible format; replace before biological interpretation"
"ASV137","Bacteria","Proteobacteria","Gammaproteobacteria","Enterobacterales","Enterobacteriaceae","Klebsiella","pneumoniae","Klebsiella pneumoniae","Klebsiella pneumoniae ASV137","Synthetic demo taxonomy in DADA2-compatible format; replace before biological interpretation"
"ASV138","Bacteria","Firmicutes","Bacilli","Lactobacillales","Enterococcaceae","Enterococcus","faecalis","Enterococcus faecalis","Enterococcus faecalis ASV138","Synthetic demo taxonomy in DADA2-compatible format; replace before biological interpretation"
"ASV139","Bacteria","Firmicutes","Bacilli","Lactobacillales","Lactobacillaceae","Lactobacillus","gasseri","Lactobacillus gasseri","Lactobacillus gasseri ASV139","Synthetic demo taxonomy in DADA2-compatible format; replace before biological interpretation"
"ASV140","Bacteria","Firmicutes","Bacilli","Lactobacillales","Streptococcaceae","Streptococcus","salivarius","Streptococcus salivarius","Streptococcus salivarius ASV140","Synthetic demo taxonomy in DADA2-compatible format; replace before biological interpretation"
"ASV141","Bacteria","Firmicutes","Negativicutes","Veillonellales","Veillonellaceae","Veillonella","parvula","Veillonella parvula","Veillonella parvula ASV141","Synthetic demo taxonomy in DADA2-compatible format; replace before biological interpretation"
"ASV144","Bacteria","Fusobacteriota","Fusobacteriia","Fusobacteriales","Fusobacteriaceae","Fusobacterium","nucleatum","Fusobacterium nucleatum","Fusobacterium nucleatum ASV144","Synthetic demo taxonomy in DADA2-compatible format; replace before biological interpretation"
"ASV145","Bacteria","Bacteroidota","Bacteroidia","Bacteroidales","Rikenellaceae","Alistipes","putredinis","Alistipes putredinis","Alistipes putredinis ASV145","Synthetic demo taxonomy in DADA2-compatible format; replace before biological interpretation"
"ASV146","Bacteria","Bacteroidota","Bacteroidia","Bacteroidales","Tannerellaceae","Parabacteroides","distasonis","Parabacteroides distasonis","Parabacteroides distasonis ASV146","Synthetic demo taxonomy in DADA2-compatible format; replace before biological interpretation"
"ASV147","Bacteria","Actinobacteriota","Coriobacteriia","Coriobacteriales","Coriobacteriaceae","Collinsella","aerofaciens","Collinsella aerofaciens","Collinsella aerofaciens ASV147","Synthetic demo taxonomy in DADA2-compatible format; replace before biological interpretation"
"ASV148","Bacteria","Firmicutes","Clostridia","Lachnospirales","Lachnospiraceae","Coprococcus","comes","Coprococcus comes","Coprococcus comes ASV148","Synthetic demo taxonomy in DADA2-compatible format; replace before biological interpretation"
"ASV149","Bacteria","Firmicutes","Clostridia","Lachnospirales","Lachnospiraceae","Eubacterium","rectale","Eubacterium rectale","Eubacterium rectale ASV149","Synthetic demo taxonomy in DADA2-compatible format; replace before biological interpretation"
"ASV150","Bacteria","Firmicutes","Clostridia","Lachnospirales","Lachnospiraceae","Anaerostipes","hadrus","Anaerostipes hadrus","Anaerostipes hadrus ASV150","Synthetic demo taxonomy in DADA2-compatible format; replace before biological interpretation"
"ASV152","Bacteria","Firmicutes","Clostridia","Lachnospirales","Lachnospiraceae","Dorea","longicatena","Dorea longicatena","Dorea longicatena ASV152","Synthetic demo taxonomy in DADA2-compatible format; replace before biological interpretation"
"ASV153","Archaea","Methanobacteriota","Methanobacteria","Methanobacteriales","Methanobacteriaceae","Methanobrevibacter","smithii","Methanobrevibacter smithii","Methanobrevibacter smithii ASV153","Synthetic demo taxonomy in DADA2-compatible format; replace before biological interpretation"
"ASV154","Bacteria","Firmicutes","Clostridia","Christensenellales","Christensenellaceae","Christensenella","minuta","Christensenella minuta","Christensenella minuta ASV154","Synthetic demo taxonomy in DADA2-compatible format; replace before biological interpretation"
"ASV155","Bacteria","Bacteroidota","Bacteroidia","Bacteroidales","Bacteroidaceae","Bacteroides","vulgatus","Bacteroides vulgatus","Bacteroides vulgatus ASV155","Synthetic demo taxonomy in DADA2-compatible format; replace before biological interpretation"
"ASV158","Bacteria","Bacteroidota","Bacteroidia","Bacteroidales","Prevotellaceae","Prevotella","copri","Prevotella copri","Prevotella copri ASV158","Synthetic demo taxonomy in DADA2-compatible format; replace before biological interpretation"
"ASV160","Bacteria","Firmicutes","Clostridia","Oscillospirales","Ruminococcaceae","Faecalibacterium","prausnitzii","Faecalibacterium prausnitzii","Faecalibacterium prausnitzii ASV160","Synthetic demo taxonomy in DADA2-compatible format; replace before biological interpretation"
"ASV161","Bacteria","Firmicutes","Clostridia","Lachnospirales","Lachnospiraceae","Roseburia","intestinalis","Roseburia intestinalis","Roseburia intestinalis ASV161","Synthetic demo taxonomy in DADA2-compatible format; replace before biological interpretation"
"ASV163","Bacteria","Firmicutes","Clostridia","Lachnospirales","Lachnospiraceae","Blautia","obeum","Blautia obeum","Blautia obeum ASV163","Synthetic demo taxonomy in DADA2-compatible format; replace before biological interpretation"
"ASV164","Bacteria","Firmicutes","Clostridia","Oscillospirales","Ruminococcaceae","Ruminococcus","bromii","Ruminococcus bromii","Ruminococcus bromii ASV164","Synthetic demo taxonomy in DADA2-compatible format; replace before biological interpretation"
"ASV165","Bacteria","Verrucomicrobiota","Verrucomicrobiae","Verrucomicrobiales","Akkermansiaceae","Akkermansia","muciniphila","Akkermansia muciniphila","Akkermansia muciniphila ASV165","Synthetic demo taxonomy in DADA2-compatible format; replace before biological interpretation"
"ASV166","Bacteria","Actinobacteriota","Actinobacteria","Bifidobacteriales","Bifidobacteriaceae","Bifidobacterium","longum","Bifidobacterium longum","Bifidobacterium longum ASV166","Synthetic demo taxonomy in DADA2-compatible format; replace before biological interpretation"
"ASV169","Bacteria","Proteobacteria","Gammaproteobacteria","Enterobacterales","Enterobacteriaceae","Escherichia","coli","Escherichia coli","Escherichia coli ASV169","Synthetic demo taxonomy in DADA2-compatible format; replace before biological interpretation"
"ASV171","Bacteria","Proteobacteria","Gammaproteobacteria","Enterobacterales","Enterobacteriaceae","Klebsiella","pneumoniae","Klebsiella pneumoniae","Klebsiella pneumoniae ASV171","Synthetic demo taxonomy in DADA2-compatible format; replace before biological interpretation"
"ASV173","Bacteria","Firmicutes","Bacilli","Lactobacillales","Enterococcaceae","Enterococcus","faecalis","Enterococcus faecalis","Enterococcus faecalis ASV173","Synthetic demo taxonomy in DADA2-compatible format; replace before biological interpretation"
"ASV174","Bacteria","Firmicutes","Bacilli","Lactobacillales","Lactobacillaceae","Lactobacillus","gasseri","Lactobacillus gasseri","Lactobacillus gasseri ASV174","Synthetic demo taxonomy in DADA2-compatible format; replace before biological interpretation"
"ASV175","Bacteria","Firmicutes","Bacilli","Lactobacillales","Streptococcaceae","Streptococcus","salivarius","Streptococcus salivarius","Streptococcus salivarius ASV175","Synthetic demo taxonomy in DADA2-compatible format; replace before biological interpretation"
"ASV176","Bacteria","Firmicutes","Negativicutes","Veillonellales","Veillonellaceae","Veillonella","parvula","Veillonella parvula","Veillonella parvula ASV176","Synthetic demo taxonomy in DADA2-compatible format; replace before biological interpretation"
"ASV177","Bacteria","Fusobacteriota","Fusobacteriia","Fusobacteriales","Fusobacteriaceae","Fusobacterium","nucleatum","Fusobacterium nucleatum","Fusobacterium nucleatum ASV177","Synthetic demo taxonomy in DADA2-compatible format; replace before biological interpretation"
"ASV178","Bacteria","Bacteroidota","Bacteroidia","Bacteroidales","Rikenellaceae","Alistipes","putredinis","Alistipes putredinis","Alistipes putredinis ASV178","Synthetic demo taxonomy in DADA2-compatible format; replace before biological interpretation"
"ASV179","Bacteria","Bacteroidota","Bacteroidia","Bacteroidales","Tannerellaceae","Parabacteroides","distasonis","Parabacteroides distasonis","Parabacteroides distasonis ASV179","Synthetic demo taxonomy in DADA2-compatible format; replace before biological interpretation"
"ASV180","Bacteria","Actinobacteriota","Coriobacteriia","Coriobacteriales","Coriobacteriaceae","Collinsella","aerofaciens","Collinsella aerofaciens","Collinsella aerofaciens ASV180","Synthetic demo taxonomy in DADA2-compatible format; replace before biological interpretation"
"ASV182","Bacteria","Firmicutes","Clostridia","Lachnospirales","Lachnospiraceae","Coprococcus","comes","Coprococcus comes","Coprococcus comes ASV182","Synthetic demo taxonomy in DADA2-compatible format; replace before biological interpretation"
"ASV185","Bacteria","Firmicutes","Clostridia","Lachnospirales","Lachnospiraceae","Eubacterium","rectale","Eubacterium rectale","Eubacterium rectale ASV185","Synthetic demo taxonomy in DADA2-compatible format; replace before biological interpretation"
"ASV186","Bacteria","Firmicutes","Clostridia","Lachnospirales","Lachnospiraceae","Anaerostipes","hadrus","Anaerostipes hadrus","Anaerostipes hadrus ASV186","Synthetic demo taxonomy in DADA2-compatible format; replace before biological interpretation"
"ASV187","Bacteria","Firmicutes","Clostridia","Lachnospirales","Lachnospiraceae","Dorea","longicatena","Dorea longicatena","Dorea longicatena ASV187","Synthetic demo taxonomy in DADA2-compatible format; replace before biological interpretation"
"ASV188","Archaea","Methanobacteriota","Methanobacteria","Methanobacteriales","Methanobacteriaceae","Methanobrevibacter","smithii","Methanobrevibacter smithii","Methanobrevibacter smithii ASV188","Synthetic demo taxonomy in DADA2-compatible format; replace before biological interpretation"
"ASV189","Bacteria","Firmicutes","Clostridia","Christensenellales","Christensenellaceae","Christensenella","minuta","Christensenella minuta","Christensenella minuta ASV189","Synthetic demo taxonomy in DADA2-compatible format; replace before biological interpretation"
"ASV190","Bacteria","Bacteroidota","Bacteroidia","Bacteroidales","Bacteroidaceae","Bacteroides","vulgatus","Bacteroides vulgatus","Bacteroides vulgatus ASV190","Synthetic demo taxonomy in DADA2-compatible format; replace before biological interpretation"
"ASV193","Bacteria","Bacteroidota","Bacteroidia","Bacteroidales","Prevotellaceae","Prevotella","copri","Prevotella copri","Prevotella copri ASV193","Synthetic demo taxonomy in DADA2-compatible format; replace before biological interpretation"
"ASV194","Bacteria","Firmicutes","Clostridia","Oscillospirales","Ruminococcaceae","Faecalibacterium","prausnitzii","Faecalibacterium prausnitzii","Faecalibacterium prausnitzii ASV194","Synthetic demo taxonomy in DADA2-compatible format; replace before biological interpretation"
"ASV195","Bacteria","Firmicutes","Clostridia","Lachnospirales","Lachnospiraceae","Roseburia","intestinalis","Roseburia intestinalis","Roseburia intestinalis ASV195","Synthetic demo taxonomy in DADA2-compatible format; replace before biological interpretation"
"ASV196","Bacteria","Firmicutes","Clostridia","Lachnospirales","Lachnospiraceae","Blautia","obeum","Blautia obeum","Blautia obeum ASV196","Synthetic demo taxonomy in DADA2-compatible format; replace before biological interpretation"
"ASV199","Bacteria","Firmicutes","Clostridia","Oscillospirales","Ruminococcaceae","Ruminococcus","bromii","Ruminococcus bromii","Ruminococcus bromii ASV199","Synthetic demo taxonomy in DADA2-compatible format; replace before biological interpretation"
"ASV200","Bacteria","Verrucomicrobiota","Verrucomicrobiae","Verrucomicrobiales","Akkermansiaceae","Akkermansia","muciniphila","Akkermansia muciniphila","Akkermansia muciniphila ASV200","Synthetic demo taxonomy in DADA2-compatible format; replace before biological interpretation"
"ASV203","Bacteria","Actinobacteriota","Actinobacteria","Bifidobacteriales","Bifidobacteriaceae","Bifidobacterium","longum","Bifidobacterium longum","Bifidobacterium longum ASV203","Synthetic demo taxonomy in DADA2-compatible format; replace before biological interpretation"
"ASV204","Bacteria","Proteobacteria","Gammaproteobacteria","Enterobacterales","Enterobacteriaceae","Escherichia","coli","Escherichia coli","Escherichia coli ASV204","Synthetic demo taxonomy in DADA2-compatible format; replace before biological interpretation"
"ASV205","Bacteria","Proteobacteria","Gammaproteobacteria","Enterobacterales","Enterobacteriaceae","Klebsiella","pneumoniae","Klebsiella pneumoniae","Klebsiella pneumoniae ASV205","Synthetic demo taxonomy in DADA2-compatible format; replace before biological interpretation"
"ASV206","Bacteria","Firmicutes","Bacilli","Lactobacillales","Enterococcaceae","Enterococcus","faecalis","Enterococcus faecalis","Enterococcus faecalis ASV206","Synthetic demo taxonomy in DADA2-compatible format; replace before biological interpretation"
"ASV207","Bacteria","Firmicutes","Bacilli","Lactobacillales","Lactobacillaceae","Lactobacillus","gasseri","Lactobacillus gasseri","Lactobacillus gasseri ASV207","Synthetic demo taxonomy in DADA2-compatible format; replace before biological interpretation"
"ASV211","Bacteria","Firmicutes","Bacilli","Lactobacillales","Streptococcaceae","Streptococcus","salivarius","Streptococcus salivarius","Streptococcus salivarius ASV211","Synthetic demo taxonomy in DADA2-compatible format; replace before biological interpretation"
"ASV212","Bacteria","Firmicutes","Negativicutes","Veillonellales","Veillonellaceae","Veillonella","parvula","Veillonella parvula","Veillonella parvula ASV212","Synthetic demo taxonomy in DADA2-compatible format; replace before biological interpretation"
"ASV213","Bacteria","Fusobacteriota","Fusobacteriia","Fusobacteriales","Fusobacteriaceae","Fusobacterium","nucleatum","Fusobacterium nucleatum","Fusobacterium nucleatum ASV213","Synthetic demo taxonomy in DADA2-compatible format; replace before biological interpretation"
"ASV215","Bacteria","Bacteroidota","Bacteroidia","Bacteroidales","Rikenellaceae","Alistipes","putredinis","Alistipes putredinis","Alistipes putredinis ASV215","Synthetic demo taxonomy in DADA2-compatible format; replace before biological interpretation"
"ASV216","Bacteria","Bacteroidota","Bacteroidia","Bacteroidales","Tannerellaceae","Parabacteroides","distasonis","Parabacteroides distasonis","Parabacteroides distasonis ASV216","Synthetic demo taxonomy in DADA2-compatible format; replace before biological interpretation"
"ASV217","Bacteria","Actinobacteriota","Coriobacteriia","Coriobacteriales","Coriobacteriaceae","Collinsella","aerofaciens","Collinsella aerofaciens","Collinsella aerofaciens ASV217","Synthetic demo taxonomy in DADA2-compatible format; replace before biological interpretation"
"ASV218","Bacteria","Firmicutes","Clostridia","Lachnospirales","Lachnospiraceae","Coprococcus","comes","Coprococcus comes","Coprococcus comes ASV218","Synthetic demo taxonomy in DADA2-compatible format; replace before biological interpretation"
"ASV220","Bacteria","Firmicutes","Clostridia","Lachnospirales","Lachnospiraceae","Eubacterium","rectale","Eubacterium rectale","Eubacterium rectale ASV220","Synthetic demo taxonomy in DADA2-compatible format; replace before biological interpretation"
"ASV222","Bacteria","Firmicutes","Clostridia","Lachnospirales","Lachnospiraceae","Anaerostipes","hadrus","Anaerostipes hadrus","Anaerostipes hadrus ASV222","Synthetic demo taxonomy in DADA2-compatible format; replace before biological interpretation"
"ASV224","Bacteria","Firmicutes","Clostridia","Lachnospirales","Lachnospiraceae","Dorea","longicatena","Dorea longicatena","Dorea longicatena ASV224","Synthetic demo taxonomy in DADA2-compatible format; replace before biological interpretation"
"ASV225","Archaea","Methanobacteriota","Methanobacteria","Methanobacteriales","Methanobacteriaceae","Methanobrevibacter","smithii","Methanobrevibacter smithii","Methanobrevibacter smithii ASV225","Synthetic demo taxonomy in DADA2-compatible format; replace before biological interpretation"
"ASV226","Bacteria","Firmicutes","Clostridia","Christensenellales","Christensenellaceae","Christensenella","minuta","Christensenella minuta","Christensenella minuta ASV226","Synthetic demo taxonomy in DADA2-compatible format; replace before biological interpretation"
"ASV227","Bacteria","Bacteroidota","Bacteroidia","Bacteroidales","Bacteroidaceae","Bacteroides","vulgatus","Bacteroides vulgatus","Bacteroides vulgatus ASV227","Synthetic demo taxonomy in DADA2-compatible format; replace before biological interpretation"
"ASV228","Bacteria","Bacteroidota","Bacteroidia","Bacteroidales","Prevotellaceae","Prevotella","copri","Prevotella copri","Prevotella copri ASV228","Synthetic demo taxonomy in DADA2-compatible format; replace before biological interpretation"
"ASV229","Bacteria","Firmicutes","Clostridia","Oscillospirales","Ruminococcaceae","Faecalibacterium","prausnitzii","Faecalibacterium prausnitzii","Faecalibacterium prausnitzii ASV229","Synthetic demo taxonomy in DADA2-compatible format; replace before biological interpretation"
"ASV230","Bacteria","Firmicutes","Clostridia","Lachnospirales","Lachnospiraceae","Roseburia","intestinalis","Roseburia intestinalis","Roseburia intestinalis ASV230","Synthetic demo taxonomy in DADA2-compatible format; replace before biological interpretation"
"ASV234","Bacteria","Firmicutes","Clostridia","Lachnospirales","Lachnospiraceae","Blautia","obeum","Blautia obeum","Blautia obeum ASV234","Synthetic demo taxonomy in DADA2-compatible format; replace before biological interpretation"
"ASV236","Bacteria","Firmicutes","Clostridia","Oscillospirales","Ruminococcaceae","Ruminococcus","bromii","Ruminococcus bromii","Ruminococcus bromii ASV236","Synthetic demo taxonomy in DADA2-compatible format; replace before biological interpretation"
"ASV239","Bacteria","Verrucomicrobiota","Verrucomicrobiae","Verrucomicrobiales","Akkermansiaceae","Akkermansia","muciniphila","Akkermansia muciniphila","Akkermansia muciniphila ASV239","Synthetic demo taxonomy in DADA2-compatible format; replace before biological interpretation"
"ASV240","Bacteria","Actinobacteriota","Actinobacteria","Bifidobacteriales","Bifidobacteriaceae","Bifidobacterium","longum","Bifidobacterium longum","Bifidobacterium longum ASV240","Synthetic demo taxonomy in DADA2-compatible format; replace before biological interpretation"
"ASV241","Bacteria","Proteobacteria","Gammaproteobacteria","Enterobacterales","Enterobacteriaceae","Escherichia","coli","Escherichia coli","Escherichia coli ASV241","Synthetic demo taxonomy in DADA2-compatible format; replace before biological interpretation"
"ASV243","Bacteria","Proteobacteria","Gammaproteobacteria","Enterobacterales","Enterobacteriaceae","Klebsiella","pneumoniae","Klebsiella pneumoniae","Klebsiella pneumoniae ASV243","Synthetic demo taxonomy in DADA2-compatible format; replace before biological interpretation"
"ASV244","Bacteria","Firmicutes","Bacilli","Lactobacillales","Enterococcaceae","Enterococcus","faecalis","Enterococcus faecalis","Enterococcus faecalis ASV244","Synthetic demo taxonomy in DADA2-compatible format; replace before biological interpretation"
"ASV245","Bacteria","Firmicutes","Bacilli","Lactobacillales","Lactobacillaceae","Lactobacillus","gasseri","Lactobacillus gasseri","Lactobacillus gasseri ASV245","Synthetic demo taxonomy in DADA2-compatible format; replace before biological interpretation"
"ASV246","Bacteria","Firmicutes","Bacilli","Lactobacillales","Streptococcaceae","Streptococcus","salivarius","Streptococcus salivarius","Streptococcus salivarius ASV246","Synthetic demo taxonomy in DADA2-compatible format; replace before biological interpretation"
"ASV248","Bacteria","Firmicutes","Negativicutes","Veillonellales","Veillonellaceae","Veillonella","parvula","Veillonella parvula","Veillonella parvula ASV248","Synthetic demo taxonomy in DADA2-compatible format; replace before biological interpretation"
"ASV250","Bacteria","Fusobacteriota","Fusobacteriia","Fusobacteriales","Fusobacteriaceae","Fusobacterium","nucleatum","Fusobacterium nucleatum","Fusobacterium nucleatum ASV250","Synthetic demo taxonomy in DADA2-compatible format; replace before biological interpretation"
"ASV251","Bacteria","Bacteroidota","Bacteroidia","Bacteroidales","Rikenellaceae","Alistipes","putredinis","Alistipes putredinis","Alistipes putredinis ASV251","Synthetic demo taxonomy in DADA2-compatible format; replace before biological interpretation"
"ASV253","Bacteria","Bacteroidota","Bacteroidia","Bacteroidales","Tannerellaceae","Parabacteroides","distasonis","Parabacteroides distasonis","Parabacteroides distasonis ASV253","Synthetic demo taxonomy in DADA2-compatible format; replace before biological interpretation"
"ASV254","Bacteria","Actinobacteriota","Coriobacteriia","Coriobacteriales","Coriobacteriaceae","Collinsella","aerofaciens","Collinsella aerofaciens","Collinsella aerofaciens ASV254","Synthetic demo taxonomy in DADA2-compatible format; replace before biological interpretation"
"ASV256","Bacteria","Firmicutes","Clostridia","Lachnospirales","Lachnospiraceae","Coprococcus","comes","Coprococcus comes","Coprococcus comes ASV256","Synthetic demo taxonomy in DADA2-compatible format; replace before biological interpretation"
"ASV260","Bacteria","Firmicutes","Clostridia","Lachnospirales","Lachnospiraceae","Eubacterium","rectale","Eubacterium rectale","Eubacterium rectale ASV260","Synthetic demo taxonomy in DADA2-compatible format; replace before biological interpretation"
"ASV262","Bacteria","Firmicutes","Clostridia","Lachnospirales","Lachnospiraceae","Anaerostipes","hadrus","Anaerostipes hadrus","Anaerostipes hadrus ASV262","Synthetic demo taxonomy in DADA2-compatible format; replace before biological interpretation"
"ASV265","Bacteria","Firmicutes","Clostridia","Lachnospirales","Lachnospiraceae","Dorea","longicatena","Dorea longicatena","Dorea longicatena ASV265","Synthetic demo taxonomy in DADA2-compatible format; replace before biological interpretation"
"ASV268","Archaea","Methanobacteriota","Methanobacteria","Methanobacteriales","Methanobacteriaceae","Methanobrevibacter","smithii","Methanobrevibacter smithii","Methanobrevibacter smithii ASV268","Synthetic demo taxonomy in DADA2-compatible format; replace before biological interpretation"
"ASV269","Bacteria","Firmicutes","Clostridia","Christensenellales","Christensenellaceae","Christensenella","minuta","Christensenella minuta","Christensenella minuta ASV269","Synthetic demo taxonomy in DADA2-compatible format; replace before biological interpretation"
"ASV270","Bacteria","Bacteroidota","Bacteroidia","Bacteroidales","Bacteroidaceae","Bacteroides","vulgatus","Bacteroides vulgatus","Bacteroides vulgatus ASV270","Synthetic demo taxonomy in DADA2-compatible format; replace before biological interpretation"
"ASV272","Bacteria","Bacteroidota","Bacteroidia","Bacteroidales","Prevotellaceae","Prevotella","copri","Prevotella copri","Prevotella copri ASV272","Synthetic demo taxonomy in DADA2-compatible format; replace before biological interpretation"
"ASV273","Bacteria","Firmicutes","Clostridia","Oscillospirales","Ruminococcaceae","Faecalibacterium","prausnitzii","Faecalibacterium prausnitzii","Faecalibacterium prausnitzii ASV273","Synthetic demo taxonomy in DADA2-compatible format; replace before biological interpretation"
"ASV275","Bacteria","Firmicutes","Clostridia","Lachnospirales","Lachnospiraceae","Roseburia","intestinalis","Roseburia intestinalis","Roseburia intestinalis ASV275","Synthetic demo taxonomy in DADA2-compatible format; replace before biological interpretation"
"ASV276","Bacteria","Firmicutes","Clostridia","Lachnospirales","Lachnospiraceae","Blautia","obeum","Blautia obeum","Blautia obeum ASV276","Synthetic demo taxonomy in DADA2-compatible format; replace before biological interpretation"
"ASV278","Bacteria","Firmicutes","Clostridia","Oscillospirales","Ruminococcaceae","Ruminococcus","bromii","Ruminococcus bromii","Ruminococcus bromii ASV278","Synthetic demo taxonomy in DADA2-compatible format; replace before biological interpretation"
"ASV283","Bacteria","Verrucomicrobiota","Verrucomicrobiae","Verrucomicrobiales","Akkermansiaceae","Akkermansia","muciniphila","Akkermansia muciniphila","Akkermansia muciniphila ASV283","Synthetic demo taxonomy in DADA2-compatible format; replace before biological interpretation"
"ASV284","Bacteria","Actinobacteriota","Actinobacteria","Bifidobacteriales","Bifidobacteriaceae","Bifidobacterium","longum","Bifidobacterium longum","Bifidobacterium longum ASV284","Synthetic demo taxonomy in DADA2-compatible format; replace before biological interpretation"
"ASV286","Bacteria","Proteobacteria","Gammaproteobacteria","Enterobacterales","Enterobacteriaceae","Escherichia","coli","Escherichia coli","Escherichia coli ASV286","Synthetic demo taxonomy in DADA2-compatible format; replace before biological interpretation"
"ASV290","Bacteria","Proteobacteria","Gammaproteobacteria","Enterobacterales","Enterobacteriaceae","Klebsiella","pneumoniae","Klebsiella pneumoniae","Klebsiella pneumoniae ASV290","Synthetic demo taxonomy in DADA2-compatible format; replace before biological interpretation"
"ASV296","Bacteria","Firmicutes","Bacilli","Lactobacillales","Enterococcaceae","Enterococcus","faecalis","Enterococcus faecalis","Enterococcus faecalis ASV296","Synthetic demo taxonomy in DADA2-compatible format; replace before biological interpretation"
"ASV297","Bacteria","Firmicutes","Bacilli","Lactobacillales","Lactobacillaceae","Lactobacillus","gasseri","Lactobacillus gasseri","Lactobacillus gasseri ASV297","Synthetic demo taxonomy in DADA2-compatible format; replace before biological interpretation"
"ASV301","Bacteria","Firmicutes","Bacilli","Lactobacillales","Streptococcaceae","Streptococcus","salivarius","Streptococcus salivarius","Streptococcus salivarius ASV301","Synthetic demo taxonomy in DADA2-compatible format; replace before biological interpretation"
"ASV303","Bacteria","Firmicutes","Negativicutes","Veillonellales","Veillonellaceae","Veillonella","parvula","Veillonella parvula","Veillonella parvula ASV303","Synthetic demo taxonomy in DADA2-compatible format; replace before biological interpretation"
"ASV308","Bacteria","Fusobacteriota","Fusobacteriia","Fusobacteriales","Fusobacteriaceae","Fusobacterium","nucleatum","Fusobacterium nucleatum","Fusobacterium nucleatum ASV308","Synthetic demo taxonomy in DADA2-compatible format; replace before biological interpretation"
"ASV310","Bacteria","Bacteroidota","Bacteroidia","Bacteroidales","Rikenellaceae","Alistipes","putredinis","Alistipes putredinis","Alistipes putredinis ASV310","Synthetic demo taxonomy in DADA2-compatible format; replace before biological interpretation"
"ASV312","Bacteria","Bacteroidota","Bacteroidia","Bacteroidales","Tannerellaceae","Parabacteroides","distasonis","Parabacteroides distasonis","Parabacteroides distasonis ASV312","Synthetic demo taxonomy in DADA2-compatible format; replace before biological interpretation"
"ASV316","Bacteria","Actinobacteriota","Coriobacteriia","Coriobacteriales","Coriobacteriaceae","Collinsella","aerofaciens","Collinsella aerofaciens","Collinsella aerofaciens ASV316","Synthetic demo taxonomy in DADA2-compatible format; replace before biological interpretation"
"ASV317","Bacteria","Firmicutes","Clostridia","Lachnospirales","Lachnospiraceae","Coprococcus","comes","Coprococcus comes","Coprococcus comes ASV317","Synthetic demo taxonomy in DADA2-compatible format; replace before biological interpretation"
"ASV321","Bacteria","Firmicutes","Clostridia","Lachnospirales","Lachnospiraceae","Eubacterium","rectale","Eubacterium rectale","Eubacterium rectale ASV321","Synthetic demo taxonomy in DADA2-compatible format; replace before biological interpretation"
"ASV325","Bacteria","Firmicutes","Clostridia","Lachnospirales","Lachnospiraceae","Anaerostipes","hadrus","Anaerostipes hadrus","Anaerostipes hadrus ASV325","Synthetic demo taxonomy in DADA2-compatible format; replace before biological interpretation"
"ASV326","Bacteria","Firmicutes","Clostridia","Lachnospirales","Lachnospiraceae","Dorea","longicatena","Dorea longicatena","Dorea longicatena ASV326","Synthetic demo taxonomy in DADA2-compatible format; replace before biological interpretation"
"ASV329","Archaea","Methanobacteriota","Methanobacteria","Methanobacteriales","Methanobacteriaceae","Methanobrevibacter","smithii","Methanobrevibacter smithii","Methanobrevibacter smithii ASV329","Synthetic demo taxonomy in DADA2-compatible format; replace before biological interpretation"
"ASV331","Bacteria","Firmicutes","Clostridia","Christensenellales","Christensenellaceae","Christensenella","minuta","Christensenella minuta","Christensenella minuta ASV331","Synthetic demo taxonomy in DADA2-compatible format; replace before biological interpretation"
"ASV334","Bacteria","Bacteroidota","Bacteroidia","Bacteroidales","Bacteroidaceae","Bacteroides","vulgatus","Bacteroides vulgatus","Bacteroides vulgatus ASV334","Synthetic demo taxonomy in DADA2-compatible format; replace before biological interpretation"
"ASV335","Bacteria","Bacteroidota","Bacteroidia","Bacteroidales","Prevotellaceae","Prevotella","copri","Prevotella copri","Prevotella copri ASV335","Synthetic demo taxonomy in DADA2-compatible format; replace before biological interpretation"
"ASV336","Bacteria","Firmicutes","Clostridia","Oscillospirales","Ruminococcaceae","Faecalibacterium","prausnitzii","Faecalibacterium prausnitzii","Faecalibacterium prausnitzii ASV336","Synthetic demo taxonomy in DADA2-compatible format; replace before biological interpretation"
"ASV337","Bacteria","Firmicutes","Clostridia","Lachnospirales","Lachnospiraceae","Roseburia","intestinalis","Roseburia intestinalis","Roseburia intestinalis ASV337","Synthetic demo taxonomy in DADA2-compatible format; replace before biological interpretation"
"ASV339","Bacteria","Firmicutes","Clostridia","Lachnospirales","Lachnospiraceae","Blautia","obeum","Blautia obeum","Blautia obeum ASV339","Synthetic demo taxonomy in DADA2-compatible format; replace before biological interpretation"
"ASV343","Bacteria","Firmicutes","Clostridia","Oscillospirales","Ruminococcaceae","Ruminococcus","bromii","Ruminococcus bromii","Ruminococcus bromii ASV343","Synthetic demo taxonomy in DADA2-compatible format; replace before biological interpretation"
"ASV344","Bacteria","Verrucomicrobiota","Verrucomicrobiae","Verrucomicrobiales","Akkermansiaceae","Akkermansia","muciniphila","Akkermansia muciniphila","Akkermansia muciniphila ASV344","Synthetic demo taxonomy in DADA2-compatible format; replace before biological interpretation"
"ASV348","Bacteria","Actinobacteriota","Actinobacteria","Bifidobacteriales","Bifidobacteriaceae","Bifidobacterium","longum","Bifidobacterium longum","Bifidobacterium longum ASV348","Synthetic demo taxonomy in DADA2-compatible format; replace before biological interpretation"
"ASV352","Bacteria","Proteobacteria","Gammaproteobacteria","Enterobacterales","Enterobacteriaceae","Escherichia","coli","Escherichia coli","Escherichia coli ASV352","Synthetic demo taxonomy in DADA2-compatible format; replace before biological interpretation"
"ASV353","Bacteria","Proteobacteria","Gammaproteobacteria","Enterobacterales","Enterobacteriaceae","Klebsiella","pneumoniae","Klebsiella pneumoniae","Klebsiella pneumoniae ASV353","Synthetic demo taxonomy in DADA2-compatible format; replace before biological interpretation"
"ASV357","Bacteria","Firmicutes","Bacilli","Lactobacillales","Enterococcaceae","Enterococcus","faecalis","Enterococcus faecalis","Enterococcus faecalis ASV357","Synthetic demo taxonomy in DADA2-compatible format; replace before biological interpretation"
"ASV359","Bacteria","Firmicutes","Bacilli","Lactobacillales","Lactobacillaceae","Lactobacillus","gasseri","Lactobacillus gasseri","Lactobacillus gasseri ASV359","Synthetic demo taxonomy in DADA2-compatible format; replace before biological interpretation"
"ASV368","Bacteria","Firmicutes","Bacilli","Lactobacillales","Streptococcaceae","Streptococcus","salivarius","Streptococcus salivarius","Streptococcus salivarius ASV368","Synthetic demo taxonomy in DADA2-compatible format; replace before biological interpretation"
"ASV369","Bacteria","Firmicutes","Negativicutes","Veillonellales","Veillonellaceae","Veillonella","parvula","Veillonella parvula","Veillonella parvula ASV369","Synthetic demo taxonomy in DADA2-compatible format; replace before biological interpretation"
"ASV371","Bacteria","Fusobacteriota","Fusobacteriia","Fusobacteriales","Fusobacteriaceae","Fusobacterium","nucleatum","Fusobacterium nucleatum","Fusobacterium nucleatum ASV371","Synthetic demo taxonomy in DADA2-compatible format; replace before biological interpretation"
"ASV372","Bacteria","Bacteroidota","Bacteroidia","Bacteroidales","Rikenellaceae","Alistipes","putredinis","Alistipes putredinis","Alistipes putredinis ASV372","Synthetic demo taxonomy in DADA2-compatible format; replace before biological interpretation"
"ASV375","Bacteria","Bacteroidota","Bacteroidia","Bacteroidales","Tannerellaceae","Parabacteroides","distasonis","Parabacteroides distasonis","Parabacteroides distasonis ASV375","Synthetic demo taxonomy in DADA2-compatible format; replace before biological interpretation"
"ASV376","Bacteria","Actinobacteriota","Coriobacteriia","Coriobacteriales","Coriobacteriaceae","Collinsella","aerofaciens","Collinsella aerofaciens","Collinsella aerofaciens ASV376","Synthetic demo taxonomy in DADA2-compatible format; replace before biological interpretation"
"ASV377","Bacteria","Firmicutes","Clostridia","Lachnospirales","Lachnospiraceae","Coprococcus","comes","Coprococcus comes","Coprococcus comes ASV377","Synthetic demo taxonomy in DADA2-compatible format; replace before biological interpretation"
"ASV381","Bacteria","Firmicutes","Clostridia","Lachnospirales","Lachnospiraceae","Eubacterium","rectale","Eubacterium rectale","Eubacterium rectale ASV381","Synthetic demo taxonomy in DADA2-compatible format; replace before biological interpretation"
"ASV382","Bacteria","Firmicutes","Clostridia","Lachnospirales","Lachnospiraceae","Anaerostipes","hadrus","Anaerostipes hadrus","Anaerostipes hadrus ASV382","Synthetic demo taxonomy in DADA2-compatible format; replace before biological interpretation"
"ASV385","Bacteria","Firmicutes","Clostridia","Lachnospirales","Lachnospiraceae","Dorea","longicatena","Dorea longicatena","Dorea longicatena ASV385","Synthetic demo taxonomy in DADA2-compatible format; replace before biological interpretation"
"ASV386","Archaea","Methanobacteriota","Methanobacteria","Methanobacteriales","Methanobacteriaceae","Methanobrevibacter","smithii","Methanobrevibacter smithii","Methanobrevibacter smithii ASV386","Synthetic demo taxonomy in DADA2-compatible format; replace before biological interpretation"
"ASV388","Bacteria","Firmicutes","Clostridia","Christensenellales","Christensenellaceae","Christensenella","minuta","Christensenella minuta","Christensenella minuta ASV388","Synthetic demo taxonomy in DADA2-compatible format; replace before biological interpretation"
"ASV389","Bacteria","Bacteroidota","Bacteroidia","Bacteroidales","Bacteroidaceae","Bacteroides","vulgatus","Bacteroides vulgatus","Bacteroides vulgatus ASV389","Synthetic demo taxonomy in DADA2-compatible format; replace before biological interpretation"
"ASV391","Bacteria","Bacteroidota","Bacteroidia","Bacteroidales","Prevotellaceae","Prevotella","copri","Prevotella copri","Prevotella copri ASV391","Synthetic demo taxonomy in DADA2-compatible format; replace before biological interpretation"
"ASV392","Bacteria","Firmicutes","Clostridia","Oscillospirales","Ruminococcaceae","Faecalibacterium","prausnitzii","Faecalibacterium prausnitzii","Faecalibacterium prausnitzii ASV392","Synthetic demo taxonomy in DADA2-compatible format; replace before biological interpretation"
"ASV397","Bacteria","Firmicutes","Clostridia","Lachnospirales","Lachnospiraceae","Roseburia","intestinalis","Roseburia intestinalis","Roseburia intestinalis ASV397","Synthetic demo taxonomy in DADA2-compatible format; replace before biological interpretation"
"ASV398","Bacteria","Firmicutes","Clostridia","Lachnospirales","Lachnospiraceae","Blautia","obeum","Blautia obeum","Blautia obeum ASV398","Synthetic demo taxonomy in DADA2-compatible format; replace before biological interpretation"
"ASV400","Bacteria","Firmicutes","Clostridia","Oscillospirales","Ruminococcaceae","Ruminococcus","bromii","Ruminococcus bromii","Ruminococcus bromii ASV400","Synthetic demo taxonomy in DADA2-compatible format; replace before biological interpretation"
"ASV402","Bacteria","Verrucomicrobiota","Verrucomicrobiae","Verrucomicrobiales","Akkermansiaceae","Akkermansia","muciniphila","Akkermansia muciniphila","Akkermansia muciniphila ASV402","Synthetic demo taxonomy in DADA2-compatible format; replace before biological interpretation"
"ASV403","Bacteria","Actinobacteriota","Actinobacteria","Bifidobacteriales","Bifidobacteriaceae","Bifidobacterium","longum","Bifidobacterium longum","Bifidobacterium longum ASV403","Synthetic demo taxonomy in DADA2-compatible format; replace before biological interpretation"
"ASV406","Bacteria","Proteobacteria","Gammaproteobacteria","Enterobacterales","Enterobacteriaceae","Escherichia","coli","Escherichia coli","Escherichia coli ASV406","Synthetic demo taxonomy in DADA2-compatible format; replace before biological interpretation"
"ASV408","Bacteria","Proteobacteria","Gammaproteobacteria","Enterobacterales","Enterobacteriaceae","Klebsiella","pneumoniae","Klebsiella pneumoniae","Klebsiella pneumoniae ASV408","Synthetic demo taxonomy in DADA2-compatible format; replace before biological interpretation"
"ASV410","Bacteria","Firmicutes","Bacilli","Lactobacillales","Enterococcaceae","Enterococcus","faecalis","Enterococcus faecalis","Enterococcus faecalis ASV410","Synthetic demo taxonomy in DADA2-compatible format; replace before biological interpretation"
"ASV411","Bacteria","Firmicutes","Bacilli","Lactobacillales","Lactobacillaceae","Lactobacillus","gasseri","Lactobacillus gasseri","Lactobacillus gasseri ASV411","Synthetic demo taxonomy in DADA2-compatible format; replace before biological interpretation"
"ASV414","Bacteria","Firmicutes","Bacilli","Lactobacillales","Streptococcaceae","Streptococcus","salivarius","Streptococcus salivarius","Streptococcus salivarius ASV414","Synthetic demo taxonomy in DADA2-compatible format; replace before biological interpretation"
"ASV416","Bacteria","Firmicutes","Negativicutes","Veillonellales","Veillonellaceae","Veillonella","parvula","Veillonella parvula","Veillonella parvula ASV416","Synthetic demo taxonomy in DADA2-compatible format; replace before biological interpretation"
"ASV418","Bacteria","Fusobacteriota","Fusobacteriia","Fusobacteriales","Fusobacteriaceae","Fusobacterium","nucleatum","Fusobacterium nucleatum","Fusobacterium nucleatum ASV418","Synthetic demo taxonomy in DADA2-compatible format; replace before biological interpretation"
"ASV420","Bacteria","Bacteroidota","Bacteroidia","Bacteroidales","Rikenellaceae","Alistipes","putredinis","Alistipes putredinis","Alistipes putredinis ASV420","Synthetic demo taxonomy in DADA2-compatible format; replace before biological interpretation"
"ASV422","Bacteria","Bacteroidota","Bacteroidia","Bacteroidales","Tannerellaceae","Parabacteroides","distasonis","Parabacteroides distasonis","Parabacteroides distasonis ASV422","Synthetic demo taxonomy in DADA2-compatible format; replace before biological interpretation"
"ASV423","Bacteria","Actinobacteriota","Coriobacteriia","Coriobacteriales","Coriobacteriaceae","Collinsella","aerofaciens","Collinsella aerofaciens","Collinsella aerofaciens ASV423","Synthetic demo taxonomy in DADA2-compatible format; replace before biological interpretation"
"ASV425","Bacteria","Firmicutes","Clostridia","Lachnospirales","Lachnospiraceae","Coprococcus","comes","Coprococcus comes","Coprococcus comes ASV425","Synthetic demo taxonomy in DADA2-compatible format; replace before biological interpretation"
"ASV427","Bacteria","Firmicutes","Clostridia","Lachnospirales","Lachnospiraceae","Eubacterium","rectale","Eubacterium rectale","Eubacterium rectale ASV427","Synthetic demo taxonomy in DADA2-compatible format; replace before biological interpretation"
"ASV430","Bacteria","Firmicutes","Clostridia","Lachnospirales","Lachnospiraceae","Anaerostipes","hadrus","Anaerostipes hadrus","Anaerostipes hadrus ASV430","Synthetic demo taxonomy in DADA2-compatible format; replace before biological interpretation"
"ASV433","Bacteria","Firmicutes","Clostridia","Lachnospirales","Lachnospiraceae","Dorea","longicatena","Dorea longicatena","Dorea longicatena ASV433","Synthetic demo taxonomy in DADA2-compatible format; replace before biological interpretation"
"ASV437","Archaea","Methanobacteriota","Methanobacteria","Methanobacteriales","Methanobacteriaceae","Methanobrevibacter","smithii","Methanobrevibacter smithii","Methanobrevibacter smithii ASV437","Synthetic demo taxonomy in DADA2-compatible format; replace before biological interpretation"
"ASV446","Bacteria","Firmicutes","Clostridia","Christensenellales","Christensenellaceae","Christensenella","minuta","Christensenella minuta","Christensenella minuta ASV446","Synthetic demo taxonomy in DADA2-compatible format; replace before biological interpretation"
"ASV450","Bacteria","Bacteroidota","Bacteroidia","Bacteroidales","Bacteroidaceae","Bacteroides","vulgatus","Bacteroides vulgatus","Bacteroides vulgatus ASV450","Synthetic demo taxonomy in DADA2-compatible format; replace before biological interpretation"
"ASV452","Bacteria","Bacteroidota","Bacteroidia","Bacteroidales","Prevotellaceae","Prevotella","copri","Prevotella copri","Prevotella copri ASV452","Synthetic demo taxonomy in DADA2-compatible format; replace before biological interpretation"
"ASV462","Bacteria","Firmicutes","Clostridia","Oscillospirales","Ruminococcaceae","Faecalibacterium","prausnitzii","Faecalibacterium prausnitzii","Faecalibacterium prausnitzii ASV462","Synthetic demo taxonomy in DADA2-compatible format; replace before biological interpretation"
"ASV463","Bacteria","Firmicutes","Clostridia","Lachnospirales","Lachnospiraceae","Roseburia","intestinalis","Roseburia intestinalis","Roseburia intestinalis ASV463","Synthetic demo taxonomy in DADA2-compatible format; replace before biological interpretation"
"ASV464","Bacteria","Firmicutes","Clostridia","Lachnospirales","Lachnospiraceae","Blautia","obeum","Blautia obeum","Blautia obeum ASV464","Synthetic demo taxonomy in DADA2-compatible format; replace before biological interpretation"
"ASV468","Bacteria","Firmicutes","Clostridia","Oscillospirales","Ruminococcaceae","Ruminococcus","bromii","Ruminococcus bromii","Ruminococcus bromii ASV468","Synthetic demo taxonomy in DADA2-compatible format; replace before biological interpretation"
"ASV478","Bacteria","Verrucomicrobiota","Verrucomicrobiae","Verrucomicrobiales","Akkermansiaceae","Akkermansia","muciniphila","Akkermansia muciniphila","Akkermansia muciniphila ASV478","Synthetic demo taxonomy in DADA2-compatible format; replace before biological interpretation"
"ASV479","Bacteria","Actinobacteriota","Actinobacteria","Bifidobacteriales","Bifidobacteriaceae","Bifidobacterium","longum","Bifidobacterium longum","Bifidobacterium longum ASV479","Synthetic demo taxonomy in DADA2-compatible format; replace before biological interpretation"
"ASV481","Bacteria","Proteobacteria","Gammaproteobacteria","Enterobacterales","Enterobacteriaceae","Escherichia","coli","Escherichia coli","Escherichia coli ASV481","Synthetic demo taxonomy in DADA2-compatible format; replace before biological interpretation"
"ASV484","Bacteria","Proteobacteria","Gammaproteobacteria","Enterobacterales","Enterobacteriaceae","Klebsiella","pneumoniae","Klebsiella pneumoniae","Klebsiella pneumoniae ASV484","Synthetic demo taxonomy in DADA2-compatible format; replace before biological interpretation"
"ASV485","Bacteria","Firmicutes","Bacilli","Lactobacillales","Enterococcaceae","Enterococcus","faecalis","Enterococcus faecalis","Enterococcus faecalis ASV485","Synthetic demo taxonomy in DADA2-compatible format; replace before biological interpretation"
"ASV486","Bacteria","Firmicutes","Bacilli","Lactobacillales","Lactobacillaceae","Lactobacillus","gasseri","Lactobacillus gasseri","Lactobacillus gasseri ASV486","Synthetic demo taxonomy in DADA2-compatible format; replace before biological interpretation"
"ASV487","Bacteria","Firmicutes","Bacilli","Lactobacillales","Streptococcaceae","Streptococcus","salivarius","Streptococcus salivarius","Streptococcus salivarius ASV487","Synthetic demo taxonomy in DADA2-compatible format; replace before biological interpretation"
"ASV500","Bacteria","Firmicutes","Negativicutes","Veillonellales","Veillonellaceae","Veillonella","parvula","Veillonella parvula","Veillonella parvula ASV500","Synthetic demo taxonomy in DADA2-compatible format; replace before biological interpretation"
"ASV501","Bacteria","Fusobacteriota","Fusobacteriia","Fusobacteriales","Fusobacteriaceae","Fusobacterium","nucleatum","Fusobacterium nucleatum","Fusobacterium nucleatum ASV501","Synthetic demo taxonomy in DADA2-compatible format; replace before biological interpretation"
"ASV508","Bacteria","Bacteroidota","Bacteroidia","Bacteroidales","Rikenellaceae","Alistipes","putredinis","Alistipes putredinis","Alistipes putredinis ASV508","Synthetic demo taxonomy in DADA2-compatible format; replace before biological interpretation"
"ASV510","Bacteria","Bacteroidota","Bacteroidia","Bacteroidales","Tannerellaceae","Parabacteroides","distasonis","Parabacteroides distasonis","Parabacteroides distasonis ASV510","Synthetic demo taxonomy in DADA2-compatible format; replace before biological interpretation"
"ASV511","Bacteria","Actinobacteriota","Coriobacteriia","Coriobacteriales","Coriobacteriaceae","Collinsella","aerofaciens","Collinsella aerofaciens","Collinsella aerofaciens ASV511","Synthetic demo taxonomy in DADA2-compatible format; replace before biological interpretation"
"ASV513","Bacteria","Firmicutes","Clostridia","Lachnospirales","Lachnospiraceae","Coprococcus","comes","Coprococcus comes","Coprococcus comes ASV513","Synthetic demo taxonomy in DADA2-compatible format; replace before biological interpretation"
"ASV514","Bacteria","Firmicutes","Clostridia","Lachnospirales","Lachnospiraceae","Eubacterium","rectale","Eubacterium rectale","Eubacterium rectale ASV514","Synthetic demo taxonomy in DADA2-compatible format; replace before biological interpretation"
"ASV515","Bacteria","Firmicutes","Clostridia","Lachnospirales","Lachnospiraceae","Anaerostipes","hadrus","Anaerostipes hadrus","Anaerostipes hadrus ASV515","Synthetic demo taxonomy in DADA2-compatible format; replace before biological interpretation"
"ASV518","Bacteria","Firmicutes","Clostridia","Lachnospirales","Lachnospiraceae","Dorea","longicatena","Dorea longicatena","Dorea longicatena ASV518","Synthetic demo taxonomy in DADA2-compatible format; replace before biological interpretation"
"ASV520","Archaea","Methanobacteriota","Methanobacteria","Methanobacteriales","Methanobacteriaceae","Methanobrevibacter","smithii","Methanobrevibacter smithii","Methanobrevibacter smithii ASV520","Synthetic demo taxonomy in DADA2-compatible format; replace before biological interpretation"
"ASV521","Bacteria","Firmicutes","Clostridia","Christensenellales","Christensenellaceae","Christensenella","minuta","Christensenella minuta","Christensenella minuta ASV521","Synthetic demo taxonomy in DADA2-compatible format; replace before biological interpretation"
"ASV522","Bacteria","Bacteroidota","Bacteroidia","Bacteroidales","Bacteroidaceae","Bacteroides","vulgatus","Bacteroides vulgatus","Bacteroides vulgatus ASV522","Synthetic demo taxonomy in DADA2-compatible format; replace before biological interpretation"
"ASV523","Bacteria","Bacteroidota","Bacteroidia","Bacteroidales","Prevotellaceae","Prevotella","copri","Prevotella copri","Prevotella copri ASV523","Synthetic demo taxonomy in DADA2-compatible format; replace before biological interpretation"
"ASV525","Bacteria","Firmicutes","Clostridia","Oscillospirales","Ruminococcaceae","Faecalibacterium","prausnitzii","Faecalibacterium prausnitzii","Faecalibacterium prausnitzii ASV525","Synthetic demo taxonomy in DADA2-compatible format; replace before biological interpretation"
"ASV526","Bacteria","Firmicutes","Clostridia","Lachnospirales","Lachnospiraceae","Roseburia","intestinalis","Roseburia intestinalis","Roseburia intestinalis ASV526","Synthetic demo taxonomy in DADA2-compatible format; replace before biological interpretation"
"ASV528","Bacteria","Firmicutes","Clostridia","Lachnospirales","Lachnospiraceae","Blautia","obeum","Blautia obeum","Blautia obeum ASV528","Synthetic demo taxonomy in DADA2-compatible format; replace before biological interpretation"
"ASV533","Bacteria","Firmicutes","Clostridia","Oscillospirales","Ruminococcaceae","Ruminococcus","bromii","Ruminococcus bromii","Ruminococcus bromii ASV533","Synthetic demo taxonomy in DADA2-compatible format; replace before biological interpretation"
"ASV539","Bacteria","Verrucomicrobiota","Verrucomicrobiae","Verrucomicrobiales","Akkermansiaceae","Akkermansia","muciniphila","Akkermansia muciniphila","Akkermansia muciniphila ASV539","Synthetic demo taxonomy in DADA2-compatible format; replace before biological interpretation"
"ASV545","Bacteria","Actinobacteriota","Actinobacteria","Bifidobacteriales","Bifidobacteriaceae","Bifidobacterium","longum","Bifidobacterium longum","Bifidobacterium longum ASV545","Synthetic demo taxonomy in DADA2-compatible format; replace before biological interpretation"
"ASV549","Bacteria","Proteobacteria","Gammaproteobacteria","Enterobacterales","Enterobacteriaceae","Escherichia","coli","Escherichia coli","Escherichia coli ASV549","Synthetic demo taxonomy in DADA2-compatible format; replace before biological interpretation"
"ASV552","Bacteria","Proteobacteria","Gammaproteobacteria","Enterobacterales","Enterobacteriaceae","Klebsiella","pneumoniae","Klebsiella pneumoniae","Klebsiella pneumoniae ASV552","Synthetic demo taxonomy in DADA2-compatible format; replace before biological interpretation"
"ASV554","Bacteria","Firmicutes","Bacilli","Lactobacillales","Enterococcaceae","Enterococcus","faecalis","Enterococcus faecalis","Enterococcus faecalis ASV554","Synthetic demo taxonomy in DADA2-compatible format; replace before biological interpretation"
"ASV555","Bacteria","Firmicutes","Bacilli","Lactobacillales","Lactobacillaceae","Lactobacillus","gasseri","Lactobacillus gasseri","Lactobacillus gasseri ASV555","Synthetic demo taxonomy in DADA2-compatible format; replace before biological interpretation"
"ASV556","Bacteria","Firmicutes","Bacilli","Lactobacillales","Streptococcaceae","Streptococcus","salivarius","Streptococcus salivarius","Streptococcus salivarius ASV556","Synthetic demo taxonomy in DADA2-compatible format; replace before biological interpretation"
"ASV558","Bacteria","Firmicutes","Negativicutes","Veillonellales","Veillonellaceae","Veillonella","parvula","Veillonella parvula","Veillonella parvula ASV558","Synthetic demo taxonomy in DADA2-compatible format; replace before biological interpretation"
"ASV559","Bacteria","Fusobacteriota","Fusobacteriia","Fusobacteriales","Fusobacteriaceae","Fusobacterium","nucleatum","Fusobacterium nucleatum","Fusobacterium nucleatum ASV559","Synthetic demo taxonomy in DADA2-compatible format; replace before biological interpretation"
"ASV560","Bacteria","Bacteroidota","Bacteroidia","Bacteroidales","Rikenellaceae","Alistipes","putredinis","Alistipes putredinis","Alistipes putredinis ASV560","Synthetic demo taxonomy in DADA2-compatible format; replace before biological interpretation"
"ASV561","Bacteria","Bacteroidota","Bacteroidia","Bacteroidales","Tannerellaceae","Parabacteroides","distasonis","Parabacteroides distasonis","Parabacteroides distasonis ASV561","Synthetic demo taxonomy in DADA2-compatible format; replace before biological interpretation"
"ASV562","Bacteria","Actinobacteriota","Coriobacteriia","Coriobacteriales","Coriobacteriaceae","Collinsella","aerofaciens","Collinsella aerofaciens","Collinsella aerofaciens ASV562","Synthetic demo taxonomy in DADA2-compatible format; replace before biological interpretation"
"ASV569","Bacteria","Firmicutes","Clostridia","Lachnospirales","Lachnospiraceae","Coprococcus","comes","Coprococcus comes","Coprococcus comes ASV569","Synthetic demo taxonomy in DADA2-compatible format; replace before biological interpretation"
"ASV570","Bacteria","Firmicutes","Clostridia","Lachnospirales","Lachnospiraceae","Eubacterium","rectale","Eubacterium rectale","Eubacterium rectale ASV570","Synthetic demo taxonomy in DADA2-compatible format; replace before biological interpretation"
"ASV571","Bacteria","Firmicutes","Clostridia","Lachnospirales","Lachnospiraceae","Anaerostipes","hadrus","Anaerostipes hadrus","Anaerostipes hadrus ASV571","Synthetic demo taxonomy in DADA2-compatible format; replace before biological interpretation"
"ASV573","Bacteria","Firmicutes","Clostridia","Lachnospirales","Lachnospiraceae","Dorea","longicatena","Dorea longicatena","Dorea longicatena ASV573","Synthetic demo taxonomy in DADA2-compatible format; replace before biological interpretation"
"ASV576","Archaea","Methanobacteriota","Methanobacteria","Methanobacteriales","Methanobacteriaceae","Methanobrevibacter","smithii","Methanobrevibacter smithii","Methanobrevibacter smithii ASV576","Synthetic demo taxonomy in DADA2-compatible format; replace before biological interpretation"
"ASV577","Bacteria","Firmicutes","Clostridia","Christensenellales","Christensenellaceae","Christensenella","minuta","Christensenella minuta","Christensenella minuta ASV577","Synthetic demo taxonomy in DADA2-compatible format; replace before biological interpretation"
"ASV580","Bacteria","Bacteroidota","Bacteroidia","Bacteroidales","Bacteroidaceae","Bacteroides","vulgatus","Bacteroides vulgatus","Bacteroides vulgatus ASV580","Synthetic demo taxonomy in DADA2-compatible format; replace before biological interpretation"
"ASV582","Bacteria","Bacteroidota","Bacteroidia","Bacteroidales","Prevotellaceae","Prevotella","copri","Prevotella copri","Prevotella copri ASV582","Synthetic demo taxonomy in DADA2-compatible format; replace before biological interpretation"
"ASV587","Bacteria","Firmicutes","Clostridia","Oscillospirales","Ruminococcaceae","Faecalibacterium","prausnitzii","Faecalibacterium prausnitzii","Faecalibacterium prausnitzii ASV587","Synthetic demo taxonomy in DADA2-compatible format; replace before biological interpretation"
"ASV588","Bacteria","Firmicutes","Clostridia","Lachnospirales","Lachnospiraceae","Roseburia","intestinalis","Roseburia intestinalis","Roseburia intestinalis ASV588","Synthetic demo taxonomy in DADA2-compatible format; replace before biological interpretation"
"ASV592","Bacteria","Firmicutes","Clostridia","Lachnospirales","Lachnospiraceae","Blautia","obeum","Blautia obeum","Blautia obeum ASV592","Synthetic demo taxonomy in DADA2-compatible format; replace before biological interpretation"
"ASV593","Bacteria","Firmicutes","Clostridia","Oscillospirales","Ruminococcaceae","Ruminococcus","bromii","Ruminococcus bromii","Ruminococcus bromii ASV593","Synthetic demo taxonomy in DADA2-compatible format; replace before biological interpretation"
"ASV594","Bacteria","Verrucomicrobiota","Verrucomicrobiae","Verrucomicrobiales","Akkermansiaceae","Akkermansia","muciniphila","Akkermansia muciniphila","Akkermansia muciniphila ASV594","Synthetic demo taxonomy in DADA2-compatible format; replace before biological interpretation"
"ASV597","Bacteria","Actinobacteriota","Actinobacteria","Bifidobacteriales","Bifidobacteriaceae","Bifidobacterium","longum","Bifidobacterium longum","Bifidobacterium longum ASV597","Synthetic demo taxonomy in DADA2-compatible format; replace before biological interpretation"
"ASV598","Bacteria","Proteobacteria","Gammaproteobacteria","Enterobacterales","Enterobacteriaceae","Escherichia","coli","Escherichia coli","Escherichia coli ASV598","Synthetic demo taxonomy in DADA2-compatible format; replace before biological interpretation"
"ASV599","Bacteria","Proteobacteria","Gammaproteobacteria","Enterobacterales","Enterobacteriaceae","Klebsiella","pneumoniae","Klebsiella pneumoniae","Klebsiella pneumoniae ASV599","Synthetic demo taxonomy in DADA2-compatible format; replace before biological interpretation"
"ASV609","Bacteria","Firmicutes","Bacilli","Lactobacillales","Enterococcaceae","Enterococcus","faecalis","Enterococcus faecalis","Enterococcus faecalis ASV609","Synthetic demo taxonomy in DADA2-compatible format; replace before biological interpretation"
"ASV612","Bacteria","Firmicutes","Bacilli","Lactobacillales","Lactobacillaceae","Lactobacillus","gasseri","Lactobacillus gasseri","Lactobacillus gasseri ASV612","Synthetic demo taxonomy in DADA2-compatible format; replace before biological interpretation"
"ASV614","Bacteria","Firmicutes","Bacilli","Lactobacillales","Streptococcaceae","Streptococcus","salivarius","Streptococcus salivarius","Streptococcus salivarius ASV614","Synthetic demo taxonomy in DADA2-compatible format; replace before biological interpretation"
"ASV617","Bacteria","Firmicutes","Negativicutes","Veillonellales","Veillonellaceae","Veillonella","parvula","Veillonella parvula","Veillonella parvula ASV617","Synthetic demo taxonomy in DADA2-compatible format; replace before biological interpretation"
"ASV620","Bacteria","Fusobacteriota","Fusobacteriia","Fusobacteriales","Fusobacteriaceae","Fusobacterium","nucleatum","Fusobacterium nucleatum","Fusobacterium nucleatum ASV620","Synthetic demo taxonomy in DADA2-compatible format; replace before biological interpretation"
"ASV623","Bacteria","Bacteroidota","Bacteroidia","Bacteroidales","Rikenellaceae","Alistipes","putredinis","Alistipes putredinis","Alistipes putredinis ASV623","Synthetic demo taxonomy in DADA2-compatible format; replace before biological interpretation"
"ASV625","Bacteria","Bacteroidota","Bacteroidia","Bacteroidales","Tannerellaceae","Parabacteroides","distasonis","Parabacteroides distasonis","Parabacteroides distasonis ASV625","Synthetic demo taxonomy in DADA2-compatible format; replace before biological interpretation"
"ASV631","Bacteria","Actinobacteriota","Coriobacteriia","Coriobacteriales","Coriobacteriaceae","Collinsella","aerofaciens","Collinsella aerofaciens","Collinsella aerofaciens ASV631","Synthetic demo taxonomy in DADA2-compatible format; replace before biological interpretation"
"ASV632","Bacteria","Firmicutes","Clostridia","Lachnospirales","Lachnospiraceae","Coprococcus","comes","Coprococcus comes","Coprococcus comes ASV632","Synthetic demo taxonomy in DADA2-compatible format; replace before biological interpretation"
"ASV633","Bacteria","Firmicutes","Clostridia","Lachnospirales","Lachnospiraceae","Eubacterium","rectale","Eubacterium rectale","Eubacterium rectale ASV633","Synthetic demo taxonomy in DADA2-compatible format; replace before biological interpretation"
"ASV634","Bacteria","Firmicutes","Clostridia","Lachnospirales","Lachnospiraceae","Anaerostipes","hadrus","Anaerostipes hadrus","Anaerostipes hadrus ASV634","Synthetic demo taxonomy in DADA2-compatible format; replace before biological interpretation"
"ASV635","Bacteria","Firmicutes","Clostridia","Lachnospirales","Lachnospiraceae","Dorea","longicatena","Dorea longicatena","Dorea longicatena ASV635","Synthetic demo taxonomy in DADA2-compatible format; replace before biological interpretation"
"ASV637","Archaea","Methanobacteriota","Methanobacteria","Methanobacteriales","Methanobacteriaceae","Methanobrevibacter","smithii","Methanobrevibacter smithii","Methanobrevibacter smithii ASV637","Synthetic demo taxonomy in DADA2-compatible format; replace before biological interpretation"
"ASV641","Bacteria","Firmicutes","Clostridia","Christensenellales","Christensenellaceae","Christensenella","minuta","Christensenella minuta","Christensenella minuta ASV641","Synthetic demo taxonomy in DADA2-compatible format; replace before biological interpretation"
"ASV645","Bacteria","Bacteroidota","Bacteroidia","Bacteroidales","Bacteroidaceae","Bacteroides","vulgatus","Bacteroides vulgatus","Bacteroides vulgatus ASV645","Synthetic demo taxonomy in DADA2-compatible format; replace before biological interpretation"
"ASV647","Bacteria","Bacteroidota","Bacteroidia","Bacteroidales","Prevotellaceae","Prevotella","copri","Prevotella copri","Prevotella copri ASV647","Synthetic demo taxonomy in DADA2-compatible format; replace before biological interpretation"
"ASV649","Bacteria","Firmicutes","Clostridia","Oscillospirales","Ruminococcaceae","Faecalibacterium","prausnitzii","Faecalibacterium prausnitzii","Faecalibacterium prausnitzii ASV649","Synthetic demo taxonomy in DADA2-compatible format; replace before biological interpretation"
"ASV651","Bacteria","Firmicutes","Clostridia","Lachnospirales","Lachnospiraceae","Roseburia","intestinalis","Roseburia intestinalis","Roseburia intestinalis ASV651","Synthetic demo taxonomy in DADA2-compatible format; replace before biological interpretation"
"ASV652","Bacteria","Firmicutes","Clostridia","Lachnospirales","Lachnospiraceae","Blautia","obeum","Blautia obeum","Blautia obeum ASV652","Synthetic demo taxonomy in DADA2-compatible format; replace before biological interpretation"
"ASV653","Bacteria","Firmicutes","Clostridia","Oscillospirales","Ruminococcaceae","Ruminococcus","bromii","Ruminococcus bromii","Ruminococcus bromii ASV653","Synthetic demo taxonomy in DADA2-compatible format; replace before biological interpretation"
"ASV655","Bacteria","Verrucomicrobiota","Verrucomicrobiae","Verrucomicrobiales","Akkermansiaceae","Akkermansia","muciniphila","Akkermansia muciniphila","Akkermansia muciniphila ASV655","Synthetic demo taxonomy in DADA2-compatible format; replace before biological interpretation"
"ASV660","Bacteria","Actinobacteriota","Actinobacteria","Bifidobacteriales","Bifidobacteriaceae","Bifidobacterium","longum","Bifidobacterium longum","Bifidobacterium longum ASV660","Synthetic demo taxonomy in DADA2-compatible format; replace before biological interpretation"
"ASV661","Bacteria","Proteobacteria","Gammaproteobacteria","Enterobacterales","Enterobacteriaceae","Escherichia","coli","Escherichia coli","Escherichia coli ASV661","Synthetic demo taxonomy in DADA2-compatible format; replace before biological interpretation"
"ASV662","Bacteria","Proteobacteria","Gammaproteobacteria","Enterobacterales","Enterobacteriaceae","Klebsiella","pneumoniae","Klebsiella pneumoniae","Klebsiella pneumoniae ASV662","Synthetic demo taxonomy in DADA2-compatible format; replace before biological interpretation"
"ASV664","Bacteria","Firmicutes","Bacilli","Lactobacillales","Enterococcaceae","Enterococcus","faecalis","Enterococcus faecalis","Enterococcus faecalis ASV664","Synthetic demo taxonomy in DADA2-compatible format; replace before biological interpretation"
"ASV665","Bacteria","Firmicutes","Bacilli","Lactobacillales","Lactobacillaceae","Lactobacillus","gasseri","Lactobacillus gasseri","Lactobacillus gasseri ASV665","Synthetic demo taxonomy in DADA2-compatible format; replace before biological interpretation"
"ASV668","Bacteria","Firmicutes","Bacilli","Lactobacillales","Streptococcaceae","Streptococcus","salivarius","Streptococcus salivarius","Streptococcus salivarius ASV668","Synthetic demo taxonomy in DADA2-compatible format; replace before biological interpretation"
"ASV670","Bacteria","Firmicutes","Negativicutes","Veillonellales","Veillonellaceae","Veillonella","parvula","Veillonella parvula","Veillonella parvula ASV670","Synthetic demo taxonomy in DADA2-compatible format; replace before biological interpretation"
"ASV673","Bacteria","Fusobacteriota","Fusobacteriia","Fusobacteriales","Fusobacteriaceae","Fusobacterium","nucleatum","Fusobacterium nucleatum","Fusobacterium nucleatum ASV673","Synthetic demo taxonomy in DADA2-compatible format; replace before biological interpretation"
"ASV679","Bacteria","Bacteroidota","Bacteroidia","Bacteroidales","Rikenellaceae","Alistipes","putredinis","Alistipes putredinis","Alistipes putredinis ASV679","Synthetic demo taxonomy in DADA2-compatible format; replace before biological interpretation"
"ASV691","Bacteria","Bacteroidota","Bacteroidia","Bacteroidales","Tannerellaceae","Parabacteroides","distasonis","Parabacteroides distasonis","Parabacteroides distasonis ASV691","Synthetic demo taxonomy in DADA2-compatible format; replace before biological interpretation"
"ASV694","Bacteria","Actinobacteriota","Coriobacteriia","Coriobacteriales","Coriobacteriaceae","Collinsella","aerofaciens","Collinsella aerofaciens","Collinsella aerofaciens ASV694","Synthetic demo taxonomy in DADA2-compatible format; replace before biological interpretation"
"ASV695","Bacteria","Firmicutes","Clostridia","Lachnospirales","Lachnospiraceae","Coprococcus","comes","Coprococcus comes","Coprococcus comes ASV695","Synthetic demo taxonomy in DADA2-compatible format; replace before biological interpretation"
"ASV696","Bacteria","Firmicutes","Clostridia","Lachnospirales","Lachnospiraceae","Eubacterium","rectale","Eubacterium rectale","Eubacterium rectale ASV696","Synthetic demo taxonomy in DADA2-compatible format; replace before biological interpretation"
"ASV697","Bacteria","Firmicutes","Clostridia","Lachnospirales","Lachnospiraceae","Anaerostipes","hadrus","Anaerostipes hadrus","Anaerostipes hadrus ASV697","Synthetic demo taxonomy in DADA2-compatible format; replace before biological interpretation"
"ASV699","Bacteria","Firmicutes","Clostridia","Lachnospirales","Lachnospiraceae","Dorea","longicatena","Dorea longicatena","Dorea longicatena ASV699","Synthetic demo taxonomy in DADA2-compatible format; replace before biological interpretation"
"ASV700","Archaea","Methanobacteriota","Methanobacteria","Methanobacteriales","Methanobacteriaceae","Methanobrevibacter","smithii","Methanobrevibacter smithii","Methanobrevibacter smithii ASV700","Synthetic demo taxonomy in DADA2-compatible format; replace before biological interpretation"
"ASV705","Bacteria","Firmicutes","Clostridia","Christensenellales","Christensenellaceae","Christensenella","minuta","Christensenella minuta","Christensenella minuta ASV705","Synthetic demo taxonomy in DADA2-compatible format; replace before biological interpretation"
"ASV708","Bacteria","Bacteroidota","Bacteroidia","Bacteroidales","Bacteroidaceae","Bacteroides","vulgatus","Bacteroides vulgatus","Bacteroides vulgatus ASV708","Synthetic demo taxonomy in DADA2-compatible format; replace before biological interpretation"
"ASV709","Bacteria","Bacteroidota","Bacteroidia","Bacteroidales","Prevotellaceae","Prevotella","copri","Prevotella copri","Prevotella copri ASV709","Synthetic demo taxonomy in DADA2-compatible format; replace before biological interpretation"
"ASV711","Bacteria","Firmicutes","Clostridia","Oscillospirales","Ruminococcaceae","Faecalibacterium","prausnitzii","Faecalibacterium prausnitzii","Faecalibacterium prausnitzii ASV711","Synthetic demo taxonomy in DADA2-compatible format; replace before biological interpretation"
"ASV715","Bacteria","Firmicutes","Clostridia","Lachnospirales","Lachnospiraceae","Roseburia","intestinalis","Roseburia intestinalis","Roseburia intestinalis ASV715","Synthetic demo taxonomy in DADA2-compatible format; replace before biological interpretation"
"ASV716","Bacteria","Firmicutes","Clostridia","Lachnospirales","Lachnospiraceae","Blautia","obeum","Blautia obeum","Blautia obeum ASV716","Synthetic demo taxonomy in DADA2-compatible format; replace before biological interpretation"
"ASV717","Bacteria","Firmicutes","Clostridia","Oscillospirales","Ruminococcaceae","Ruminococcus","bromii","Ruminococcus bromii","Ruminococcus bromii ASV717","Synthetic demo taxonomy in DADA2-compatible format; replace before biological interpretation"
"ASV722","Bacteria","Verrucomicrobiota","Verrucomicrobiae","Verrucomicrobiales","Akkermansiaceae","Akkermansia","muciniphila","Akkermansia muciniphila","Akkermansia muciniphila ASV722","Synthetic demo taxonomy in DADA2-compatible format; replace before biological interpretation"
"ASV724","Bacteria","Actinobacteriota","Actinobacteria","Bifidobacteriales","Bifidobacteriaceae","Bifidobacterium","longum","Bifidobacterium longum","Bifidobacterium longum ASV724","Synthetic demo taxonomy in DADA2-compatible format; replace before biological interpretation"
"ASV733","Bacteria","Proteobacteria","Gammaproteobacteria","Enterobacterales","Enterobacteriaceae","Escherichia","coli","Escherichia coli","Escherichia coli ASV733","Synthetic demo taxonomy in DADA2-compatible format; replace before biological interpretation"
"ASV734","Bacteria","Proteobacteria","Gammaproteobacteria","Enterobacterales","Enterobacteriaceae","Klebsiella","pneumoniae","Klebsiella pneumoniae","Klebsiella pneumoniae ASV734","Synthetic demo taxonomy in DADA2-compatible format; replace before biological interpretation"
"ASV737","Bacteria","Firmicutes","Bacilli","Lactobacillales","Enterococcaceae","Enterococcus","faecalis","Enterococcus faecalis","Enterococcus faecalis ASV737","Synthetic demo taxonomy in DADA2-compatible format; replace before biological interpretation"
"ASV740","Bacteria","Firmicutes","Bacilli","Lactobacillales","Lactobacillaceae","Lactobacillus","gasseri","Lactobacillus gasseri","Lactobacillus gasseri ASV740","Synthetic demo taxonomy in DADA2-compatible format; replace before biological interpretation"
"ASV748","Bacteria","Firmicutes","Bacilli","Lactobacillales","Streptococcaceae","Streptococcus","salivarius","Streptococcus salivarius","Streptococcus salivarius ASV748","Synthetic demo taxonomy in DADA2-compatible format; replace before biological interpretation"
"ASV749","Bacteria","Firmicutes","Negativicutes","Veillonellales","Veillonellaceae","Veillonella","parvula","Veillonella parvula","Veillonella parvula ASV749","Synthetic demo taxonomy in DADA2-compatible format; replace before biological interpretation"
"ASV750","Bacteria","Fusobacteriota","Fusobacteriia","Fusobacteriales","Fusobacteriaceae","Fusobacterium","nucleatum","Fusobacterium nucleatum","Fusobacterium nucleatum ASV750","Synthetic demo taxonomy in DADA2-compatible format; replace before biological interpretation"
"ASV752","Bacteria","Bacteroidota","Bacteroidia","Bacteroidales","Rikenellaceae","Alistipes","putredinis","Alistipes putredinis","Alistipes putredinis ASV752","Synthetic demo taxonomy in DADA2-compatible format; replace before biological interpretation"
"ASV761","Bacteria","Bacteroidota","Bacteroidia","Bacteroidales","Tannerellaceae","Parabacteroides","distasonis","Parabacteroides distasonis","Parabacteroides distasonis ASV761","Synthetic demo taxonomy in DADA2-compatible format; replace before biological interpretation"
"ASV763","Bacteria","Actinobacteriota","Coriobacteriia","Coriobacteriales","Coriobacteriaceae","Collinsella","aerofaciens","Collinsella aerofaciens","Collinsella aerofaciens ASV763","Synthetic demo taxonomy in DADA2-compatible format; replace before biological interpretation"
"ASV764","Bacteria","Firmicutes","Clostridia","Lachnospirales","Lachnospiraceae","Coprococcus","comes","Coprococcus comes","Coprococcus comes ASV764","Synthetic demo taxonomy in DADA2-compatible format; replace before biological interpretation"
"ASV768","Bacteria","Firmicutes","Clostridia","Lachnospirales","Lachnospiraceae","Eubacterium","rectale","Eubacterium rectale","Eubacterium rectale ASV768","Synthetic demo taxonomy in DADA2-compatible format; replace before biological interpretation"
"ASV769","Bacteria","Firmicutes","Clostridia","Lachnospirales","Lachnospiraceae","Anaerostipes","hadrus","Anaerostipes hadrus","Anaerostipes hadrus ASV769","Synthetic demo taxonomy in DADA2-compatible format; replace before biological interpretation"
"ASV770","Bacteria","Firmicutes","Clostridia","Lachnospirales","Lachnospiraceae","Dorea","longicatena","Dorea longicatena","Dorea longicatena ASV770","Synthetic demo taxonomy in DADA2-compatible format; replace before biological interpretation"
"ASV773","Archaea","Methanobacteriota","Methanobacteria","Methanobacteriales","Methanobacteriaceae","Methanobrevibacter","smithii","Methanobrevibacter smithii","Methanobrevibacter smithii ASV773","Synthetic demo taxonomy in DADA2-compatible format; replace before biological interpretation"
"ASV781","Bacteria","Firmicutes","Clostridia","Christensenellales","Christensenellaceae","Christensenella","minuta","Christensenella minuta","Christensenella minuta ASV781","Synthetic demo taxonomy in DADA2-compatible format; replace before biological interpretation"
"ASV785","Bacteria","Bacteroidota","Bacteroidia","Bacteroidales","Bacteroidaceae","Bacteroides","vulgatus","Bacteroides vulgatus","Bacteroides vulgatus ASV785","Synthetic demo taxonomy in DADA2-compatible format; replace before biological interpretation"
"ASV786","Bacteria","Bacteroidota","Bacteroidia","Bacteroidales","Prevotellaceae","Prevotella","copri","Prevotella copri","Prevotella copri ASV786","Synthetic demo taxonomy in DADA2-compatible format; replace before biological interpretation"
"ASV789","Bacteria","Firmicutes","Clostridia","Oscillospirales","Ruminococcaceae","Faecalibacterium","prausnitzii","Faecalibacterium prausnitzii","Faecalibacterium prausnitzii ASV789","Synthetic demo taxonomy in DADA2-compatible format; replace before biological interpretation"
"ASV792","Bacteria","Firmicutes","Clostridia","Lachnospirales","Lachnospiraceae","Roseburia","intestinalis","Roseburia intestinalis","Roseburia intestinalis ASV792","Synthetic demo taxonomy in DADA2-compatible format; replace before biological interpretation"
"ASV794","Bacteria","Firmicutes","Clostridia","Lachnospirales","Lachnospiraceae","Blautia","obeum","Blautia obeum","Blautia obeum ASV794","Synthetic demo taxonomy in DADA2-compatible format; replace before biological interpretation"
"ASV795","Bacteria","Firmicutes","Clostridia","Oscillospirales","Ruminococcaceae","Ruminococcus","bromii","Ruminococcus bromii","Ruminococcus bromii ASV795","Synthetic demo taxonomy in DADA2-compatible format; replace before biological interpretation"
"ASV798","Bacteria","Verrucomicrobiota","Verrucomicrobiae","Verrucomicrobiales","Akkermansiaceae","Akkermansia","muciniphila","Akkermansia muciniphila","Akkermansia muciniphila ASV798","Synthetic demo taxonomy in DADA2-compatible format; replace before biological interpretation"
"ASV805","Bacteria","Actinobacteriota","Actinobacteria","Bifidobacteriales","Bifidobacteriaceae","Bifidobacterium","longum","Bifidobacterium longum","Bifidobacterium longum ASV805","Synthetic demo taxonomy in DADA2-compatible format; replace before biological interpretation"
"ASV807","Bacteria","Proteobacteria","Gammaproteobacteria","Enterobacterales","Enterobacteriaceae","Escherichia","coli","Escherichia coli","Escherichia coli ASV807","Synthetic demo taxonomy in DADA2-compatible format; replace before biological interpretation"
"ASV809","Bacteria","Proteobacteria","Gammaproteobacteria","Enterobacterales","Enterobacteriaceae","Klebsiella","pneumoniae","Klebsiella pneumoniae","Klebsiella pneumoniae ASV809","Synthetic demo taxonomy in DADA2-compatible format; replace before biological interpretation"
"ASV812","Bacteria","Firmicutes","Bacilli","Lactobacillales","Enterococcaceae","Enterococcus","faecalis","Enterococcus faecalis","Enterococcus faecalis ASV812","Synthetic demo taxonomy in DADA2-compatible format; replace before biological interpretation"
"ASV816","Bacteria","Firmicutes","Bacilli","Lactobacillales","Lactobacillaceae","Lactobacillus","gasseri","Lactobacillus gasseri","Lactobacillus gasseri ASV816","Synthetic demo taxonomy in DADA2-compatible format; replace before biological interpretation"
"ASV817","Bacteria","Firmicutes","Bacilli","Lactobacillales","Streptococcaceae","Streptococcus","salivarius","Streptococcus salivarius","Streptococcus salivarius ASV817","Synthetic demo taxonomy in DADA2-compatible format; replace before biological interpretation"
"ASV818","Bacteria","Firmicutes","Negativicutes","Veillonellales","Veillonellaceae","Veillonella","parvula","Veillonella parvula","Veillonella parvula ASV818","Synthetic demo taxonomy in DADA2-compatible format; replace before biological interpretation"
"ASV823","Bacteria","Fusobacteriota","Fusobacteriia","Fusobacteriales","Fusobacteriaceae","Fusobacterium","nucleatum","Fusobacterium nucleatum","Fusobacterium nucleatum ASV823","Synthetic demo taxonomy in DADA2-compatible format; replace before biological interpretation"
"ASV828","Bacteria","Bacteroidota","Bacteroidia","Bacteroidales","Rikenellaceae","Alistipes","putredinis","Alistipes putredinis","Alistipes putredinis ASV828","Synthetic demo taxonomy in DADA2-compatible format; replace before biological interpretation"
"ASV830","Bacteria","Bacteroidota","Bacteroidia","Bacteroidales","Tannerellaceae","Parabacteroides","distasonis","Parabacteroides distasonis","Parabacteroides distasonis ASV830","Synthetic demo taxonomy in DADA2-compatible format; replace before biological interpretation"
"ASV831","Bacteria","Actinobacteriota","Coriobacteriia","Coriobacteriales","Coriobacteriaceae","Collinsella","aerofaciens","Collinsella aerofaciens","Collinsella aerofaciens ASV831","Synthetic demo taxonomy in DADA2-compatible format; replace before biological interpretation"
"ASV832","Bacteria","Firmicutes","Clostridia","Lachnospirales","Lachnospiraceae","Coprococcus","comes","Coprococcus comes","Coprococcus comes ASV832","Synthetic demo taxonomy in DADA2-compatible format; replace before biological interpretation"
"ASV836","Bacteria","Firmicutes","Clostridia","Lachnospirales","Lachnospiraceae","Eubacterium","rectale","Eubacterium rectale","Eubacterium rectale ASV836","Synthetic demo taxonomy in DADA2-compatible format; replace before biological interpretation"
"ASV837","Bacteria","Firmicutes","Clostridia","Lachnospirales","Lachnospiraceae","Anaerostipes","hadrus","Anaerostipes hadrus","Anaerostipes hadrus ASV837","Synthetic demo taxonomy in DADA2-compatible format; replace before biological interpretation"
"ASV843","Bacteria","Firmicutes","Clostridia","Lachnospirales","Lachnospiraceae","Dorea","longicatena","Dorea longicatena","Dorea longicatena ASV843","Synthetic demo taxonomy in DADA2-compatible format; replace before biological interpretation"
"ASV845","Archaea","Methanobacteriota","Methanobacteria","Methanobacteriales","Methanobacteriaceae","Methanobrevibacter","smithii","Methanobrevibacter smithii","Methanobrevibacter smithii ASV845","Synthetic demo taxonomy in DADA2-compatible format; replace before biological interpretation"
"ASV850","Bacteria","Firmicutes","Clostridia","Christensenellales","Christensenellaceae","Christensenella","minuta","Christensenella minuta","Christensenella minuta ASV850","Synthetic demo taxonomy in DADA2-compatible format; replace before biological interpretation"
"ASV854","Bacteria","Bacteroidota","Bacteroidia","Bacteroidales","Bacteroidaceae","Bacteroides","vulgatus","Bacteroides vulgatus","Bacteroides vulgatus ASV854","Synthetic demo taxonomy in DADA2-compatible format; replace before biological interpretation"
"ASV862","Bacteria","Bacteroidota","Bacteroidia","Bacteroidales","Prevotellaceae","Prevotella","copri","Prevotella copri","Prevotella copri ASV862","Synthetic demo taxonomy in DADA2-compatible format; replace before biological interpretation"
"ASV872","Bacteria","Firmicutes","Clostridia","Oscillospirales","Ruminococcaceae","Faecalibacterium","prausnitzii","Faecalibacterium prausnitzii","Faecalibacterium prausnitzii ASV872","Synthetic demo taxonomy in DADA2-compatible format; replace before biological interpretation"
"ASV873","Bacteria","Firmicutes","Clostridia","Lachnospirales","Lachnospiraceae","Roseburia","intestinalis","Roseburia intestinalis","Roseburia intestinalis ASV873","Synthetic demo taxonomy in DADA2-compatible format; replace before biological interpretation"
"ASV875","Bacteria","Firmicutes","Clostridia","Lachnospirales","Lachnospiraceae","Blautia","obeum","Blautia obeum","Blautia obeum ASV875","Synthetic demo taxonomy in DADA2-compatible format; replace before biological interpretation"
"ASV882","Bacteria","Firmicutes","Clostridia","Oscillospirales","Ruminococcaceae","Ruminococcus","bromii","Ruminococcus bromii","Ruminococcus bromii ASV882","Synthetic demo taxonomy in DADA2-compatible format; replace before biological interpretation"
"ASV884","Bacteria","Verrucomicrobiota","Verrucomicrobiae","Verrucomicrobiales","Akkermansiaceae","Akkermansia","muciniphila","Akkermansia muciniphila","Akkermansia muciniphila ASV884","Synthetic demo taxonomy in DADA2-compatible format; replace before biological interpretation"
"ASV885","Bacteria","Actinobacteriota","Actinobacteria","Bifidobacteriales","Bifidobacteriaceae","Bifidobacterium","longum","Bifidobacterium longum","Bifidobacterium longum ASV885","Synthetic demo taxonomy in DADA2-compatible format; replace before biological interpretation"
"ASV887","Bacteria","Proteobacteria","Gammaproteobacteria","Enterobacterales","Enterobacteriaceae","Escherichia","coli","Escherichia coli","Escherichia coli ASV887","Synthetic demo taxonomy in DADA2-compatible format; replace before biological interpretation"
"ASV888","Bacteria","Proteobacteria","Gammaproteobacteria","Enterobacterales","Enterobacteriaceae","Klebsiella","pneumoniae","Klebsiella pneumoniae","Klebsiella pneumoniae ASV888","Synthetic demo taxonomy in DADA2-compatible format; replace before biological interpretation"
"ASV890","Bacteria","Firmicutes","Bacilli","Lactobacillales","Enterococcaceae","Enterococcus","faecalis","Enterococcus faecalis","Enterococcus faecalis ASV890","Synthetic demo taxonomy in DADA2-compatible format; replace before biological interpretation"
"ASV893","Bacteria","Firmicutes","Bacilli","Lactobacillales","Lactobacillaceae","Lactobacillus","gasseri","Lactobacillus gasseri","Lactobacillus gasseri ASV893","Synthetic demo taxonomy in DADA2-compatible format; replace before biological interpretation"
"ASV897","Bacteria","Firmicutes","Bacilli","Lactobacillales","Streptococcaceae","Streptococcus","salivarius","Streptococcus salivarius","Streptococcus salivarius ASV897","Synthetic demo taxonomy in DADA2-compatible format; replace before biological interpretation"
"ASV900","Bacteria","Firmicutes","Negativicutes","Veillonellales","Veillonellaceae","Veillonella","parvula","Veillonella parvula","Veillonella parvula ASV900","Synthetic demo taxonomy in DADA2-compatible format; replace before biological interpretation"
"ASV902","Bacteria","Fusobacteriota","Fusobacteriia","Fusobacteriales","Fusobacteriaceae","Fusobacterium","nucleatum","Fusobacterium nucleatum","Fusobacterium nucleatum ASV902","Synthetic demo taxonomy in DADA2-compatible format; replace before biological interpretation"
"ASV903","Bacteria","Bacteroidota","Bacteroidia","Bacteroidales","Rikenellaceae","Alistipes","putredinis","Alistipes putredinis","Alistipes putredinis ASV903","Synthetic demo taxonomy in DADA2-compatible format; replace before biological interpretation"
"ASV905","Bacteria","Bacteroidota","Bacteroidia","Bacteroidales","Tannerellaceae","Parabacteroides","distasonis","Parabacteroides distasonis","Parabacteroides distasonis ASV905","Synthetic demo taxonomy in DADA2-compatible format; replace before biological interpretation"
"ASV906","Bacteria","Actinobacteriota","Coriobacteriia","Coriobacteriales","Coriobacteriaceae","Collinsella","aerofaciens","Collinsella aerofaciens","Collinsella aerofaciens ASV906","Synthetic demo taxonomy in DADA2-compatible format; replace before biological interpretation"
"ASV909","Bacteria","Firmicutes","Clostridia","Lachnospirales","Lachnospiraceae","Coprococcus","comes","Coprococcus comes","Coprococcus comes ASV909","Synthetic demo taxonomy in DADA2-compatible format; replace before biological interpretation"
"ASV912","Bacteria","Firmicutes","Clostridia","Lachnospirales","Lachnospiraceae","Eubacterium","rectale","Eubacterium rectale","Eubacterium rectale ASV912","Synthetic demo taxonomy in DADA2-compatible format; replace before biological interpretation"
"ASV913","Bacteria","Firmicutes","Clostridia","Lachnospirales","Lachnospiraceae","Anaerostipes","hadrus","Anaerostipes hadrus","Anaerostipes hadrus ASV913","Synthetic demo taxonomy in DADA2-compatible format; replace before biological interpretation"
"ASV919","Bacteria","Firmicutes","Clostridia","Lachnospirales","Lachnospiraceae","Dorea","longicatena","Dorea longicatena","Dorea longicatena ASV919","Synthetic demo taxonomy in DADA2-compatible format; replace before biological interpretation"
"ASV920","Archaea","Methanobacteriota","Methanobacteria","Methanobacteriales","Methanobacteriaceae","Methanobrevibacter","smithii","Methanobrevibacter smithii","Methanobrevibacter smithii ASV920","Synthetic demo taxonomy in DADA2-compatible format; replace before biological interpretation"
"ASV921","Bacteria","Firmicutes","Clostridia","Christensenellales","Christensenellaceae","Christensenella","minuta","Christensenella minuta","Christensenella minuta ASV921","Synthetic demo taxonomy in DADA2-compatible format; replace before biological interpretation"
"ASV929","Bacteria","Bacteroidota","Bacteroidia","Bacteroidales","Bacteroidaceae","Bacteroides","vulgatus","Bacteroides vulgatus","Bacteroides vulgatus ASV929","Synthetic demo taxonomy in DADA2-compatible format; replace before biological interpretation"
"ASV940","Bacteria","Bacteroidota","Bacteroidia","Bacteroidales","Prevotellaceae","Prevotella","copri","Prevotella copri","Prevotella copri ASV940","Synthetic demo taxonomy in DADA2-compatible format; replace before biological interpretation"
"ASV941","Bacteria","Firmicutes","Clostridia","Oscillospirales","Ruminococcaceae","Faecalibacterium","prausnitzii","Faecalibacterium prausnitzii","Faecalibacterium prausnitzii ASV941","Synthetic demo taxonomy in DADA2-compatible format; replace before biological interpretation"
"ASV943","Bacteria","Firmicutes","Clostridia","Lachnospirales","Lachnospiraceae","Roseburia","intestinalis","Roseburia intestinalis","Roseburia intestinalis ASV943","Synthetic demo taxonomy in DADA2-compatible format; replace before biological interpretation"
"ASV947","Bacteria","Firmicutes","Clostridia","Lachnospirales","Lachnospiraceae","Blautia","obeum","Blautia obeum","Blautia obeum ASV947","Synthetic demo taxonomy in DADA2-compatible format; replace before biological interpretation"
"ASV952","Bacteria","Firmicutes","Clostridia","Oscillospirales","Ruminococcaceae","Ruminococcus","bromii","Ruminococcus bromii","Ruminococcus bromii ASV952","Synthetic demo taxonomy in DADA2-compatible format; replace before biological interpretation"
"ASV954","Bacteria","Verrucomicrobiota","Verrucomicrobiae","Verrucomicrobiales","Akkermansiaceae","Akkermansia","muciniphila","Akkermansia muciniphila","Akkermansia muciniphila ASV954","Synthetic demo taxonomy in DADA2-compatible format; replace before biological interpretation"
"ASV958","Bacteria","Actinobacteriota","Actinobacteria","Bifidobacteriales","Bifidobacteriaceae","Bifidobacterium","longum","Bifidobacterium longum","Bifidobacterium longum ASV958","Synthetic demo taxonomy in DADA2-compatible format; replace before biological interpretation"
"ASV961","Bacteria","Proteobacteria","Gammaproteobacteria","Enterobacterales","Enterobacteriaceae","Escherichia","coli","Escherichia coli","Escherichia coli ASV961","Synthetic demo taxonomy in DADA2-compatible format; replace before biological interpretation"
"ASV964","Bacteria","Proteobacteria","Gammaproteobacteria","Enterobacterales","Enterobacteriaceae","Klebsiella","pneumoniae","Klebsiella pneumoniae","Klebsiella pneumoniae ASV964","Synthetic demo taxonomy in DADA2-compatible format; replace before biological interpretation"
"ASV965","Bacteria","Firmicutes","Bacilli","Lactobacillales","Enterococcaceae","Enterococcus","faecalis","Enterococcus faecalis","Enterococcus faecalis ASV965","Synthetic demo taxonomy in DADA2-compatible format; replace before biological interpretation"
"ASV971","Bacteria","Firmicutes","Bacilli","Lactobacillales","Lactobacillaceae","Lactobacillus","gasseri","Lactobacillus gasseri","Lactobacillus gasseri ASV971","Synthetic demo taxonomy in DADA2-compatible format; replace before biological interpretation"
"ASV977","Bacteria","Firmicutes","Bacilli","Lactobacillales","Streptococcaceae","Streptococcus","salivarius","Streptococcus salivarius","Streptococcus salivarius ASV977","Synthetic demo taxonomy in DADA2-compatible format; replace before biological interpretation"
"ASV981","Bacteria","Firmicutes","Negativicutes","Veillonellales","Veillonellaceae","Veillonella","parvula","Veillonella parvula","Veillonella parvula ASV981","Synthetic demo taxonomy in DADA2-compatible format; replace before biological interpretation"
"ASV984","Bacteria","Fusobacteriota","Fusobacteriia","Fusobacteriales","Fusobacteriaceae","Fusobacterium","nucleatum","Fusobacterium nucleatum","Fusobacterium nucleatum ASV984","Synthetic demo taxonomy in DADA2-compatible format; replace before biological interpretation"
"ASV987","Bacteria","Bacteroidota","Bacteroidia","Bacteroidales","Rikenellaceae","Alistipes","putredinis","Alistipes putredinis","Alistipes putredinis ASV987","Synthetic demo taxonomy in DADA2-compatible format; replace before biological interpretation"
"ASV994","Bacteria","Bacteroidota","Bacteroidia","Bacteroidales","Tannerellaceae","Parabacteroides","distasonis","Parabacteroides distasonis","Parabacteroides distasonis ASV994","Synthetic demo taxonomy in DADA2-compatible format; replace before biological interpretation"
"ASV999","Bacteria","Actinobacteriota","Coriobacteriia","Coriobacteriales","Coriobacteriaceae","Collinsella","aerofaciens","Collinsella aerofaciens","Collinsella aerofaciens ASV999","Synthetic demo taxonomy in DADA2-compatible format; replace before biological interpretation"
"ASV1000","Bacteria","Firmicutes","Clostridia","Lachnospirales","Lachnospiraceae","Coprococcus","comes","Coprococcus comes","Coprococcus comes ASV1000","Synthetic demo taxonomy in DADA2-compatible format; replace before biological interpretation"
"ASV1006","Bacteria","Firmicutes","Clostridia","Lachnospirales","Lachnospiraceae","Eubacterium","rectale","Eubacterium rectale","Eubacterium rectale ASV1006","Synthetic demo taxonomy in DADA2-compatible format; replace before biological interpretation"
"ASV1007","Bacteria","Firmicutes","Clostridia","Lachnospirales","Lachnospiraceae","Anaerostipes","hadrus","Anaerostipes hadrus","Anaerostipes hadrus ASV1007","Synthetic demo taxonomy in DADA2-compatible format; replace before biological interpretation"
"ASV1008","Bacteria","Firmicutes","Clostridia","Lachnospirales","Lachnospiraceae","Dorea","longicatena","Dorea longicatena","Dorea longicatena ASV1008","Synthetic demo taxonomy in DADA2-compatible format; replace before biological interpretation"
"ASV1011","Archaea","Methanobacteriota","Methanobacteria","Methanobacteriales","Methanobacteriaceae","Methanobrevibacter","smithii","Methanobrevibacter smithii","Methanobrevibacter smithii ASV1011","Synthetic demo taxonomy in DADA2-compatible format; replace before biological interpretation"
"ASV1012","Bacteria","Firmicutes","Clostridia","Christensenellales","Christensenellaceae","Christensenella","minuta","Christensenella minuta","Christensenella minuta ASV1012","Synthetic demo taxonomy in DADA2-compatible format; replace before biological interpretation"
"ASV1019","Bacteria","Bacteroidota","Bacteroidia","Bacteroidales","Bacteroidaceae","Bacteroides","vulgatus","Bacteroides vulgatus","Bacteroides vulgatus ASV1019","Synthetic demo taxonomy in DADA2-compatible format; replace before biological interpretation"
"ASV1020","Bacteria","Bacteroidota","Bacteroidia","Bacteroidales","Prevotellaceae","Prevotella","copri","Prevotella copri","Prevotella copri ASV1020","Synthetic demo taxonomy in DADA2-compatible format; replace before biological interpretation"
"ASV1022","Bacteria","Firmicutes","Clostridia","Oscillospirales","Ruminococcaceae","Faecalibacterium","prausnitzii","Faecalibacterium prausnitzii","Faecalibacterium prausnitzii ASV1022","Synthetic demo taxonomy in DADA2-compatible format; replace before biological interpretation"
"ASV1032","Bacteria","Firmicutes","Clostridia","Lachnospirales","Lachnospiraceae","Roseburia","intestinalis","Roseburia intestinalis","Roseburia intestinalis ASV1032","Synthetic demo taxonomy in DADA2-compatible format; replace before biological interpretation"
"ASV1036","Bacteria","Firmicutes","Clostridia","Lachnospirales","Lachnospiraceae","Blautia","obeum","Blautia obeum","Blautia obeum ASV1036","Synthetic demo taxonomy in DADA2-compatible format; replace before biological interpretation"
"ASV1040","Bacteria","Firmicutes","Clostridia","Oscillospirales","Ruminococcaceae","Ruminococcus","bromii","Ruminococcus bromii","Ruminococcus bromii ASV1040","Synthetic demo taxonomy in DADA2-compatible format; replace before biological interpretation"
"ASV1046","Bacteria","Verrucomicrobiota","Verrucomicrobiae","Verrucomicrobiales","Akkermansiaceae","Akkermansia","muciniphila","Akkermansia muciniphila","Akkermansia muciniphila ASV1046","Synthetic demo taxonomy in DADA2-compatible format; replace before biological interpretation"
"ASV1050","Bacteria","Actinobacteriota","Actinobacteria","Bifidobacteriales","Bifidobacteriaceae","Bifidobacterium","longum","Bifidobacterium longum","Bifidobacterium longum ASV1050","Synthetic demo taxonomy in DADA2-compatible format; replace before biological interpretation"
"ASV1058","Bacteria","Proteobacteria","Gammaproteobacteria","Enterobacterales","Enterobacteriaceae","Escherichia","coli","Escherichia coli","Escherichia coli ASV1058","Synthetic demo taxonomy in DADA2-compatible format; replace before biological interpretation"
"ASV1060","Bacteria","Proteobacteria","Gammaproteobacteria","Enterobacterales","Enterobacteriaceae","Klebsiella","pneumoniae","Klebsiella pneumoniae","Klebsiella pneumoniae ASV1060","Synthetic demo taxonomy in DADA2-compatible format; replace before biological interpretation"
"ASV1063","Bacteria","Firmicutes","Bacilli","Lactobacillales","Enterococcaceae","Enterococcus","faecalis","Enterococcus faecalis","Enterococcus faecalis ASV1063","Synthetic demo taxonomy in DADA2-compatible format; replace before biological interpretation"
"ASV1068","Bacteria","Firmicutes","Bacilli","Lactobacillales","Lactobacillaceae","Lactobacillus","gasseri","Lactobacillus gasseri","Lactobacillus gasseri ASV1068","Synthetic demo taxonomy in DADA2-compatible format; replace before biological interpretation"
"ASV1071","Bacteria","Firmicutes","Bacilli","Lactobacillales","Streptococcaceae","Streptococcus","salivarius","Streptococcus salivarius","Streptococcus salivarius ASV1071","Synthetic demo taxonomy in DADA2-compatible format; replace before biological interpretation"
"ASV1076","Bacteria","Firmicutes","Negativicutes","Veillonellales","Veillonellaceae","Veillonella","parvula","Veillonella parvula","Veillonella parvula ASV1076","Synthetic demo taxonomy in DADA2-compatible format; replace before biological interpretation"
"ASV1078","Bacteria","Fusobacteriota","Fusobacteriia","Fusobacteriales","Fusobacteriaceae","Fusobacterium","nucleatum","Fusobacterium nucleatum","Fusobacterium nucleatum ASV1078","Synthetic demo taxonomy in DADA2-compatible format; replace before biological interpretation"
"ASV1079","Bacteria","Bacteroidota","Bacteroidia","Bacteroidales","Rikenellaceae","Alistipes","putredinis","Alistipes putredinis","Alistipes putredinis ASV1079","Synthetic demo taxonomy in DADA2-compatible format; replace before biological interpretation"
"ASV1081","Bacteria","Bacteroidota","Bacteroidia","Bacteroidales","Tannerellaceae","Parabacteroides","distasonis","Parabacteroides distasonis","Parabacteroides distasonis ASV1081","Synthetic demo taxonomy in DADA2-compatible format; replace before biological interpretation"
"ASV1084","Bacteria","Actinobacteriota","Coriobacteriia","Coriobacteriales","Coriobacteriaceae","Collinsella","aerofaciens","Collinsella aerofaciens","Collinsella aerofaciens ASV1084","Synthetic demo taxonomy in DADA2-compatible format; replace before biological interpretation"
"ASV1086","Bacteria","Firmicutes","Clostridia","Lachnospirales","Lachnospiraceae","Coprococcus","comes","Coprococcus comes","Coprococcus comes ASV1086","Synthetic demo taxonomy in DADA2-compatible format; replace before biological interpretation"
"ASV1090","Bacteria","Firmicutes","Clostridia","Lachnospirales","Lachnospiraceae","Eubacterium","rectale","Eubacterium rectale","Eubacterium rectale ASV1090","Synthetic demo taxonomy in DADA2-compatible format; replace before biological interpretation"
"ASV1092","Bacteria","Firmicutes","Clostridia","Lachnospirales","Lachnospiraceae","Anaerostipes","hadrus","Anaerostipes hadrus","Anaerostipes hadrus ASV1092","Synthetic demo taxonomy in DADA2-compatible format; replace before biological interpretation"
"ASV1103","Bacteria","Firmicutes","Clostridia","Lachnospirales","Lachnospiraceae","Dorea","longicatena","Dorea longicatena","Dorea longicatena ASV1103","Synthetic demo taxonomy in DADA2-compatible format; replace before biological interpretation"
"ASV1106","Archaea","Methanobacteriota","Methanobacteria","Methanobacteriales","Methanobacteriaceae","Methanobrevibacter","smithii","Methanobrevibacter smithii","Methanobrevibacter smithii ASV1106","Synthetic demo taxonomy in DADA2-compatible format; replace before biological interpretation"
"ASV1109","Bacteria","Firmicutes","Clostridia","Christensenellales","Christensenellaceae","Christensenella","minuta","Christensenella minuta","Christensenella minuta ASV1109","Synthetic demo taxonomy in DADA2-compatible format; replace before biological interpretation"
"ASV1110","Bacteria","Bacteroidota","Bacteroidia","Bacteroidales","Bacteroidaceae","Bacteroides","vulgatus","Bacteroides vulgatus","Bacteroides vulgatus ASV1110","Synthetic demo taxonomy in DADA2-compatible format; replace before biological interpretation"
"ASV1112","Bacteria","Bacteroidota","Bacteroidia","Bacteroidales","Prevotellaceae","Prevotella","copri","Prevotella copri","Prevotella copri ASV1112","Synthetic demo taxonomy in DADA2-compatible format; replace before biological interpretation"
"ASV1119","Bacteria","Firmicutes","Clostridia","Oscillospirales","Ruminococcaceae","Faecalibacterium","prausnitzii","Faecalibacterium prausnitzii","Faecalibacterium prausnitzii ASV1119","Synthetic demo taxonomy in DADA2-compatible format; replace before biological interpretation"
"ASV1128","Bacteria","Firmicutes","Clostridia","Lachnospirales","Lachnospiraceae","Roseburia","intestinalis","Roseburia intestinalis","Roseburia intestinalis ASV1128","Synthetic demo taxonomy in DADA2-compatible format; replace before biological interpretation"
"ASV1130","Bacteria","Firmicutes","Clostridia","Lachnospirales","Lachnospiraceae","Blautia","obeum","Blautia obeum","Blautia obeum ASV1130","Synthetic demo taxonomy in DADA2-compatible format; replace before biological interpretation"
"ASV1134","Bacteria","Firmicutes","Clostridia","Oscillospirales","Ruminococcaceae","Ruminococcus","bromii","Ruminococcus bromii","Ruminococcus bromii ASV1134","Synthetic demo taxonomy in DADA2-compatible format; replace before biological interpretation"
"ASV1138","Bacteria","Verrucomicrobiota","Verrucomicrobiae","Verrucomicrobiales","Akkermansiaceae","Akkermansia","muciniphila","Akkermansia muciniphila","Akkermansia muciniphila ASV1138","Synthetic demo taxonomy in DADA2-compatible format; replace before biological interpretation"
"ASV1163","Bacteria","Actinobacteriota","Actinobacteria","Bifidobacteriales","Bifidobacteriaceae","Bifidobacterium","longum","Bifidobacterium longum","Bifidobacterium longum ASV1163","Synthetic demo taxonomy in DADA2-compatible format; replace before biological interpretation"
"ASV1167","Bacteria","Proteobacteria","Gammaproteobacteria","Enterobacterales","Enterobacteriaceae","Escherichia","coli","Escherichia coli","Escherichia coli ASV1167","Synthetic demo taxonomy in DADA2-compatible format; replace before biological interpretation"
"ASV1171","Bacteria","Proteobacteria","Gammaproteobacteria","Enterobacterales","Enterobacteriaceae","Klebsiella","pneumoniae","Klebsiella pneumoniae","Klebsiella pneumoniae ASV1171","Synthetic demo taxonomy in DADA2-compatible format; replace before biological interpretation"
"ASV1176","Bacteria","Firmicutes","Bacilli","Lactobacillales","Enterococcaceae","Enterococcus","faecalis","Enterococcus faecalis","Enterococcus faecalis ASV1176","Synthetic demo taxonomy in DADA2-compatible format; replace before biological interpretation"
"ASV1178","Bacteria","Firmicutes","Bacilli","Lactobacillales","Lactobacillaceae","Lactobacillus","gasseri","Lactobacillus gasseri","Lactobacillus gasseri ASV1178","Synthetic demo taxonomy in DADA2-compatible format; replace before biological interpretation"
"ASV1181","Bacteria","Firmicutes","Bacilli","Lactobacillales","Streptococcaceae","Streptococcus","salivarius","Streptococcus salivarius","Streptococcus salivarius ASV1181","Synthetic demo taxonomy in DADA2-compatible format; replace before biological interpretation"
"ASV1185","Bacteria","Firmicutes","Negativicutes","Veillonellales","Veillonellaceae","Veillonella","parvula","Veillonella parvula","Veillonella parvula ASV1185","Synthetic demo taxonomy in DADA2-compatible format; replace before biological interpretation"
"ASV1198","Bacteria","Fusobacteriota","Fusobacteriia","Fusobacteriales","Fusobacteriaceae","Fusobacterium","nucleatum","Fusobacterium nucleatum","Fusobacterium nucleatum ASV1198","Synthetic demo taxonomy in DADA2-compatible format; replace before biological interpretation"
"ASV1201","Bacteria","Bacteroidota","Bacteroidia","Bacteroidales","Rikenellaceae","Alistipes","putredinis","Alistipes putredinis","Alistipes putredinis ASV1201","Synthetic demo taxonomy in DADA2-compatible format; replace before biological interpretation"
"ASV1209","Bacteria","Bacteroidota","Bacteroidia","Bacteroidales","Tannerellaceae","Parabacteroides","distasonis","Parabacteroides distasonis","Parabacteroides distasonis ASV1209","Synthetic demo taxonomy in DADA2-compatible format; replace before biological interpretation"
"ASV1216","Bacteria","Actinobacteriota","Coriobacteriia","Coriobacteriales","Coriobacteriaceae","Collinsella","aerofaciens","Collinsella aerofaciens","Collinsella aerofaciens ASV1216","Synthetic demo taxonomy in DADA2-compatible format; replace before biological interpretation"
"ASV1220","Bacteria","Firmicutes","Clostridia","Lachnospirales","Lachnospiraceae","Coprococcus","comes","Coprococcus comes","Coprococcus comes ASV1220","Synthetic demo taxonomy in DADA2-compatible format; replace before biological interpretation"
"ASV1222","Bacteria","Firmicutes","Clostridia","Lachnospirales","Lachnospiraceae","Eubacterium","rectale","Eubacterium rectale","Eubacterium rectale ASV1222","Synthetic demo taxonomy in DADA2-compatible format; replace before biological interpretation"
"ASV1224","Bacteria","Firmicutes","Clostridia","Lachnospirales","Lachnospiraceae","Anaerostipes","hadrus","Anaerostipes hadrus","Anaerostipes hadrus ASV1224","Synthetic demo taxonomy in DADA2-compatible format; replace before biological interpretation"
"ASV1226","Bacteria","Firmicutes","Clostridia","Lachnospirales","Lachnospiraceae","Dorea","longicatena","Dorea longicatena","Dorea longicatena ASV1226","Synthetic demo taxonomy in DADA2-compatible format; replace before biological interpretation"
"ASV1229","Archaea","Methanobacteriota","Methanobacteria","Methanobacteriales","Methanobacteriaceae","Methanobrevibacter","smithii","Methanobrevibacter smithii","Methanobrevibacter smithii ASV1229","Synthetic demo taxonomy in DADA2-compatible format; replace before biological interpretation"
"ASV1232","Bacteria","Firmicutes","Clostridia","Christensenellales","Christensenellaceae","Christensenella","minuta","Christensenella minuta","Christensenella minuta ASV1232","Synthetic demo taxonomy in DADA2-compatible format; replace before biological interpretation"
"ASV1235","Bacteria","Bacteroidota","Bacteroidia","Bacteroidales","Bacteroidaceae","Bacteroides","vulgatus","Bacteroides vulgatus","Bacteroides vulgatus ASV1235","Synthetic demo taxonomy in DADA2-compatible format; replace before biological interpretation"
"ASV1236","Bacteria","Bacteroidota","Bacteroidia","Bacteroidales","Prevotellaceae","Prevotella","copri","Prevotella copri","Prevotella copri ASV1236","Synthetic demo taxonomy in DADA2-compatible format; replace before biological interpretation"
"ASV1239","Bacteria","Firmicutes","Clostridia","Oscillospirales","Ruminococcaceae","Faecalibacterium","prausnitzii","Faecalibacterium prausnitzii","Faecalibacterium prausnitzii ASV1239","Synthetic demo taxonomy in DADA2-compatible format; replace before biological interpretation"
"ASV1241","Bacteria","Firmicutes","Clostridia","Lachnospirales","Lachnospiraceae","Roseburia","intestinalis","Roseburia intestinalis","Roseburia intestinalis ASV1241","Synthetic demo taxonomy in DADA2-compatible format; replace before biological interpretation"
"ASV1244","Bacteria","Firmicutes","Clostridia","Lachnospirales","Lachnospiraceae","Blautia","obeum","Blautia obeum","Blautia obeum ASV1244","Synthetic demo taxonomy in DADA2-compatible format; replace before biological interpretation"
"ASV1247","Bacteria","Firmicutes","Clostridia","Oscillospirales","Ruminococcaceae","Ruminococcus","bromii","Ruminococcus bromii","Ruminococcus bromii ASV1247","Synthetic demo taxonomy in DADA2-compatible format; replace before biological interpretation"
"ASV1248","Bacteria","Verrucomicrobiota","Verrucomicrobiae","Verrucomicrobiales","Akkermansiaceae","Akkermansia","muciniphila","Akkermansia muciniphila","Akkermansia muciniphila ASV1248","Synthetic demo taxonomy in DADA2-compatible format; replace before biological interpretation"
"ASV1264","Bacteria","Actinobacteriota","Actinobacteria","Bifidobacteriales","Bifidobacteriaceae","Bifidobacterium","longum","Bifidobacterium longum","Bifidobacterium longum ASV1264","Synthetic demo taxonomy in DADA2-compatible format; replace before biological interpretation"
"ASV1268","Bacteria","Proteobacteria","Gammaproteobacteria","Enterobacterales","Enterobacteriaceae","Escherichia","coli","Escherichia coli","Escherichia coli ASV1268","Synthetic demo taxonomy in DADA2-compatible format; replace before biological interpretation"
"ASV1274","Bacteria","Proteobacteria","Gammaproteobacteria","Enterobacterales","Enterobacteriaceae","Klebsiella","pneumoniae","Klebsiella pneumoniae","Klebsiella pneumoniae ASV1274","Synthetic demo taxonomy in DADA2-compatible format; replace before biological interpretation"
"ASV1275","Bacteria","Firmicutes","Bacilli","Lactobacillales","Enterococcaceae","Enterococcus","faecalis","Enterococcus faecalis","Enterococcus faecalis ASV1275","Synthetic demo taxonomy in DADA2-compatible format; replace before biological interpretation"
"ASV1278","Bacteria","Firmicutes","Bacilli","Lactobacillales","Lactobacillaceae","Lactobacillus","gasseri","Lactobacillus gasseri","Lactobacillus gasseri ASV1278","Synthetic demo taxonomy in DADA2-compatible format; replace before biological interpretation"
"ASV1282","Bacteria","Firmicutes","Bacilli","Lactobacillales","Streptococcaceae","Streptococcus","salivarius","Streptococcus salivarius","Streptococcus salivarius ASV1282","Synthetic demo taxonomy in DADA2-compatible format; replace before biological interpretation"
"ASV1283","Bacteria","Firmicutes","Negativicutes","Veillonellales","Veillonellaceae","Veillonella","parvula","Veillonella parvula","Veillonella parvula ASV1283","Synthetic demo taxonomy in DADA2-compatible format; replace before biological interpretation"
"ASV1284","Bacteria","Fusobacteriota","Fusobacteriia","Fusobacteriales","Fusobacteriaceae","Fusobacterium","nucleatum","Fusobacterium nucleatum","Fusobacterium nucleatum ASV1284","Synthetic demo taxonomy in DADA2-compatible format; replace before biological interpretation"
"ASV1287","Bacteria","Bacteroidota","Bacteroidia","Bacteroidales","Rikenellaceae","Alistipes","putredinis","Alistipes putredinis","Alistipes putredinis ASV1287","Synthetic demo taxonomy in DADA2-compatible format; replace before biological interpretation"
"ASV1290","Bacteria","Bacteroidota","Bacteroidia","Bacteroidales","Tannerellaceae","Parabacteroides","distasonis","Parabacteroides distasonis","Parabacteroides distasonis ASV1290","Synthetic demo taxonomy in DADA2-compatible format; replace before biological interpretation"
"ASV1293","Bacteria","Actinobacteriota","Coriobacteriia","Coriobacteriales","Coriobacteriaceae","Collinsella","aerofaciens","Collinsella aerofaciens","Collinsella aerofaciens ASV1293","Synthetic demo taxonomy in DADA2-compatible format; replace before biological interpretation"
"ASV1296","Bacteria","Firmicutes","Clostridia","Lachnospirales","Lachnospiraceae","Coprococcus","comes","Coprococcus comes","Coprococcus comes ASV1296","Synthetic demo taxonomy in DADA2-compatible format; replace before biological interpretation"
"ASV1298","Bacteria","Firmicutes","Clostridia","Lachnospirales","Lachnospiraceae","Eubacterium","rectale","Eubacterium rectale","Eubacterium rectale ASV1298","Synthetic demo taxonomy in DADA2-compatible format; replace before biological interpretation"
"ASV1299","Bacteria","Firmicutes","Clostridia","Lachnospirales","Lachnospiraceae","Anaerostipes","hadrus","Anaerostipes hadrus","Anaerostipes hadrus ASV1299","Synthetic demo taxonomy in DADA2-compatible format; replace before biological interpretation"
"ASV1306","Bacteria","Firmicutes","Clostridia","Lachnospirales","Lachnospiraceae","Dorea","longicatena","Dorea longicatena","Dorea longicatena ASV1306","Synthetic demo taxonomy in DADA2-compatible format; replace before biological interpretation"
"ASV1307","Archaea","Methanobacteriota","Methanobacteria","Methanobacteriales","Methanobacteriaceae","Methanobrevibacter","smithii","Methanobrevibacter smithii","Methanobrevibacter smithii ASV1307","Synthetic demo taxonomy in DADA2-compatible format; replace before biological interpretation"
"ASV1312","Bacteria","Firmicutes","Clostridia","Christensenellales","Christensenellaceae","Christensenella","minuta","Christensenella minuta","Christensenella minuta ASV1312","Synthetic demo taxonomy in DADA2-compatible format; replace before biological interpretation"
"ASV1320","Bacteria","Bacteroidota","Bacteroidia","Bacteroidales","Bacteroidaceae","Bacteroides","vulgatus","Bacteroides vulgatus","Bacteroides vulgatus ASV1320","Synthetic demo taxonomy in DADA2-compatible format; replace before biological interpretation"
"ASV1328","Bacteria","Bacteroidota","Bacteroidia","Bacteroidales","Prevotellaceae","Prevotella","copri","Prevotella copri","Prevotella copri ASV1328","Synthetic demo taxonomy in DADA2-compatible format; replace before biological interpretation"
"ASV1330","Bacteria","Firmicutes","Clostridia","Oscillospirales","Ruminococcaceae","Faecalibacterium","prausnitzii","Faecalibacterium prausnitzii","Faecalibacterium prausnitzii ASV1330","Synthetic demo taxonomy in DADA2-compatible format; replace before biological interpretation"
"ASV1338","Bacteria","Firmicutes","Clostridia","Lachnospirales","Lachnospiraceae","Roseburia","intestinalis","Roseburia intestinalis","Roseburia intestinalis ASV1338","Synthetic demo taxonomy in DADA2-compatible format; replace before biological interpretation"
"ASV1353","Bacteria","Firmicutes","Clostridia","Lachnospirales","Lachnospiraceae","Blautia","obeum","Blautia obeum","Blautia obeum ASV1353","Synthetic demo taxonomy in DADA2-compatible format; replace before biological interpretation"
"ASV1357","Bacteria","Firmicutes","Clostridia","Oscillospirales","Ruminococcaceae","Ruminococcus","bromii","Ruminococcus bromii","Ruminococcus bromii ASV1357","Synthetic demo taxonomy in DADA2-compatible format; replace before biological interpretation"
"ASV1362","Bacteria","Verrucomicrobiota","Verrucomicrobiae","Verrucomicrobiales","Akkermansiaceae","Akkermansia","muciniphila","Akkermansia muciniphila","Akkermansia muciniphila ASV1362","Synthetic demo taxonomy in DADA2-compatible format; replace before biological interpretation"
"ASV1363","Bacteria","Actinobacteriota","Actinobacteria","Bifidobacteriales","Bifidobacteriaceae","Bifidobacterium","longum","Bifidobacterium longum","Bifidobacterium longum ASV1363","Synthetic demo taxonomy in DADA2-compatible format; replace before biological interpretation"
"ASV1373","Bacteria","Proteobacteria","Gammaproteobacteria","Enterobacterales","Enterobacteriaceae","Escherichia","coli","Escherichia coli","Escherichia coli ASV1373","Synthetic demo taxonomy in DADA2-compatible format; replace before biological interpretation"
"ASV1374","Bacteria","Proteobacteria","Gammaproteobacteria","Enterobacterales","Enterobacteriaceae","Klebsiella","pneumoniae","Klebsiella pneumoniae","Klebsiella pneumoniae ASV1374","Synthetic demo taxonomy in DADA2-compatible format; replace before biological interpretation"
"ASV1378","Bacteria","Firmicutes","Bacilli","Lactobacillales","Enterococcaceae","Enterococcus","faecalis","Enterococcus faecalis","Enterococcus faecalis ASV1378","Synthetic demo taxonomy in DADA2-compatible format; replace before biological interpretation"
"ASV1384","Bacteria","Firmicutes","Bacilli","Lactobacillales","Lactobacillaceae","Lactobacillus","gasseri","Lactobacillus gasseri","Lactobacillus gasseri ASV1384","Synthetic demo taxonomy in DADA2-compatible format; replace before biological interpretation"
"ASV1385","Bacteria","Firmicutes","Bacilli","Lactobacillales","Streptococcaceae","Streptococcus","salivarius","Streptococcus salivarius","Streptococcus salivarius ASV1385","Synthetic demo taxonomy in DADA2-compatible format; replace before biological interpretation"
"ASV1388","Bacteria","Firmicutes","Negativicutes","Veillonellales","Veillonellaceae","Veillonella","parvula","Veillonella parvula","Veillonella parvula ASV1388","Synthetic demo taxonomy in DADA2-compatible format; replace before biological interpretation"
"ASV1390","Bacteria","Fusobacteriota","Fusobacteriia","Fusobacteriales","Fusobacteriaceae","Fusobacterium","nucleatum","Fusobacterium nucleatum","Fusobacterium nucleatum ASV1390","Synthetic demo taxonomy in DADA2-compatible format; replace before biological interpretation"
"ASV1391","Bacteria","Bacteroidota","Bacteroidia","Bacteroidales","Rikenellaceae","Alistipes","putredinis","Alistipes putredinis","Alistipes putredinis ASV1391","Synthetic demo taxonomy in DADA2-compatible format; replace before biological interpretation"
"ASV1398","Bacteria","Bacteroidota","Bacteroidia","Bacteroidales","Tannerellaceae","Parabacteroides","distasonis","Parabacteroides distasonis","Parabacteroides distasonis ASV1398","Synthetic demo taxonomy in DADA2-compatible format; replace before biological interpretation"
"ASV1405","Bacteria","Actinobacteriota","Coriobacteriia","Coriobacteriales","Coriobacteriaceae","Collinsella","aerofaciens","Collinsella aerofaciens","Collinsella aerofaciens ASV1405","Synthetic demo taxonomy in DADA2-compatible format; replace before biological interpretation"
"ASV1412","Bacteria","Firmicutes","Clostridia","Lachnospirales","Lachnospiraceae","Coprococcus","comes","Coprococcus comes","Coprococcus comes ASV1412","Synthetic demo taxonomy in DADA2-compatible format; replace before biological interpretation"
"ASV1415","Bacteria","Firmicutes","Clostridia","Lachnospirales","Lachnospiraceae","Eubacterium","rectale","Eubacterium rectale","Eubacterium rectale ASV1415","Synthetic demo taxonomy in DADA2-compatible format; replace before biological interpretation"
"ASV1418","Bacteria","Firmicutes","Clostridia","Lachnospirales","Lachnospiraceae","Anaerostipes","hadrus","Anaerostipes hadrus","Anaerostipes hadrus ASV1418","Synthetic demo taxonomy in DADA2-compatible format; replace before biological interpretation"
"ASV1421","Bacteria","Firmicutes","Clostridia","Lachnospirales","Lachnospiraceae","Dorea","longicatena","Dorea longicatena","Dorea longicatena ASV1421","Synthetic demo taxonomy in DADA2-compatible format; replace before biological interpretation"
"ASV1425","Archaea","Methanobacteriota","Methanobacteria","Methanobacteriales","Methanobacteriaceae","Methanobrevibacter","smithii","Methanobrevibacter smithii","Methanobrevibacter smithii ASV1425","Synthetic demo taxonomy in DADA2-compatible format; replace before biological interpretation"
"ASV1426","Bacteria","Firmicutes","Clostridia","Christensenellales","Christensenellaceae","Christensenella","minuta","Christensenella minuta","Christensenella minuta ASV1426","Synthetic demo taxonomy in DADA2-compatible format; replace before biological interpretation"
"ASV1428","Bacteria","Bacteroidota","Bacteroidia","Bacteroidales","Bacteroidaceae","Bacteroides","vulgatus","Bacteroides vulgatus","Bacteroides vulgatus ASV1428","Synthetic demo taxonomy in DADA2-compatible format; replace before biological interpretation"
"ASV1430","Bacteria","Bacteroidota","Bacteroidia","Bacteroidales","Prevotellaceae","Prevotella","copri","Prevotella copri","Prevotella copri ASV1430","Synthetic demo taxonomy in DADA2-compatible format; replace before biological interpretation"
"ASV1435","Bacteria","Firmicutes","Clostridia","Oscillospirales","Ruminococcaceae","Faecalibacterium","prausnitzii","Faecalibacterium prausnitzii","Faecalibacterium prausnitzii ASV1435","Synthetic demo taxonomy in DADA2-compatible format; replace before biological interpretation"
"ASV1451","Bacteria","Firmicutes","Clostridia","Lachnospirales","Lachnospiraceae","Roseburia","intestinalis","Roseburia intestinalis","Roseburia intestinalis ASV1451","Synthetic demo taxonomy in DADA2-compatible format; replace before biological interpretation"
"ASV1459","Bacteria","Firmicutes","Clostridia","Lachnospirales","Lachnospiraceae","Blautia","obeum","Blautia obeum","Blautia obeum ASV1459","Synthetic demo taxonomy in DADA2-compatible format; replace before biological interpretation"
"ASV1468","Bacteria","Firmicutes","Clostridia","Oscillospirales","Ruminococcaceae","Ruminococcus","bromii","Ruminococcus bromii","Ruminococcus bromii ASV1468","Synthetic demo taxonomy in DADA2-compatible format; replace before biological interpretation"
"ASV1480","Bacteria","Verrucomicrobiota","Verrucomicrobiae","Verrucomicrobiales","Akkermansiaceae","Akkermansia","muciniphila","Akkermansia muciniphila","Akkermansia muciniphila ASV1480","Synthetic demo taxonomy in DADA2-compatible format; replace before biological interpretation"
"ASV1481","Bacteria","Actinobacteriota","Actinobacteria","Bifidobacteriales","Bifidobacteriaceae","Bifidobacterium","longum","Bifidobacterium longum","Bifidobacterium longum ASV1481","Synthetic demo taxonomy in DADA2-compatible format; replace before biological interpretation"
"ASV1486","Bacteria","Proteobacteria","Gammaproteobacteria","Enterobacterales","Enterobacteriaceae","Escherichia","coli","Escherichia coli","Escherichia coli ASV1486","Synthetic demo taxonomy in DADA2-compatible format; replace before biological interpretation"
"ASV1492","Bacteria","Proteobacteria","Gammaproteobacteria","Enterobacterales","Enterobacteriaceae","Klebsiella","pneumoniae","Klebsiella pneumoniae","Klebsiella pneumoniae ASV1492","Synthetic demo taxonomy in DADA2-compatible format; replace before biological interpretation"
"ASV1495","Bacteria","Firmicutes","Bacilli","Lactobacillales","Enterococcaceae","Enterococcus","faecalis","Enterococcus faecalis","Enterococcus faecalis ASV1495","Synthetic demo taxonomy in DADA2-compatible format; replace before biological interpretation"
"ASV1501","Bacteria","Firmicutes","Bacilli","Lactobacillales","Lactobacillaceae","Lactobacillus","gasseri","Lactobacillus gasseri","Lactobacillus gasseri ASV1501","Synthetic demo taxonomy in DADA2-compatible format; replace before biological interpretation"
"ASV1502","Bacteria","Firmicutes","Bacilli","Lactobacillales","Streptococcaceae","Streptococcus","salivarius","Streptococcus salivarius","Streptococcus salivarius ASV1502","Synthetic demo taxonomy in DADA2-compatible format; replace before biological interpretation"
"ASV1505","Bacteria","Firmicutes","Negativicutes","Veillonellales","Veillonellaceae","Veillonella","parvula","Veillonella parvula","Veillonella parvula ASV1505","Synthetic demo taxonomy in DADA2-compatible format; replace before biological interpretation"
"ASV1507","Bacteria","Fusobacteriota","Fusobacteriia","Fusobacteriales","Fusobacteriaceae","Fusobacterium","nucleatum","Fusobacterium nucleatum","Fusobacterium nucleatum ASV1507","Synthetic demo taxonomy in DADA2-compatible format; replace before biological interpretation"
"ASV1519","Bacteria","Bacteroidota","Bacteroidia","Bacteroidales","Rikenellaceae","Alistipes","putredinis","Alistipes putredinis","Alistipes putredinis ASV1519","Synthetic demo taxonomy in DADA2-compatible format; replace before biological interpretation"
"ASV1535","Bacteria","Bacteroidota","Bacteroidia","Bacteroidales","Tannerellaceae","Parabacteroides","distasonis","Parabacteroides distasonis","Parabacteroides distasonis ASV1535","Synthetic demo taxonomy in DADA2-compatible format; replace before biological interpretation"
"ASV1550","Bacteria","Actinobacteriota","Coriobacteriia","Coriobacteriales","Coriobacteriaceae","Collinsella","aerofaciens","Collinsella aerofaciens","Collinsella aerofaciens ASV1550","Synthetic demo taxonomy in DADA2-compatible format; replace before biological interpretation"
"ASV1551","Bacteria","Firmicutes","Clostridia","Lachnospirales","Lachnospiraceae","Coprococcus","comes","Coprococcus comes","Coprococcus comes ASV1551","Synthetic demo taxonomy in DADA2-compatible format; replace before biological interpretation"
"ASV1572","Bacteria","Firmicutes","Clostridia","Lachnospirales","Lachnospiraceae","Eubacterium","rectale","Eubacterium rectale","Eubacterium rectale ASV1572","Synthetic demo taxonomy in DADA2-compatible format; replace before biological interpretation"
"ASV1576","Bacteria","Firmicutes","Clostridia","Lachnospirales","Lachnospiraceae","Anaerostipes","hadrus","Anaerostipes hadrus","Anaerostipes hadrus ASV1576","Synthetic demo taxonomy in DADA2-compatible format; replace before biological interpretation"
"ASV1577","Bacteria","Firmicutes","Clostridia","Lachnospirales","Lachnospiraceae","Dorea","longicatena","Dorea longicatena","Dorea longicatena ASV1577","Synthetic demo taxonomy in DADA2-compatible format; replace before biological interpretation"
"ASV1579","Archaea","Methanobacteriota","Methanobacteria","Methanobacteriales","Methanobacteriaceae","Methanobrevibacter","smithii","Methanobrevibacter smithii","Methanobrevibacter smithii ASV1579","Synthetic demo taxonomy in DADA2-compatible format; replace before biological interpretation"
"ASV1581","Bacteria","Firmicutes","Clostridia","Christensenellales","Christensenellaceae","Christensenella","minuta","Christensenella minuta","Christensenella minuta ASV1581","Synthetic demo taxonomy in DADA2-compatible format; replace before biological interpretation"
"ASV1582","Bacteria","Bacteroidota","Bacteroidia","Bacteroidales","Bacteroidaceae","Bacteroides","vulgatus","Bacteroides vulgatus","Bacteroides vulgatus ASV1582","Synthetic demo taxonomy in DADA2-compatible format; replace before biological interpretation"
"ASV1584","Bacteria","Bacteroidota","Bacteroidia","Bacteroidales","Prevotellaceae","Prevotella","copri","Prevotella copri","Prevotella copri ASV1584","Synthetic demo taxonomy in DADA2-compatible format; replace before biological interpretation"
"ASV1588","Bacteria","Firmicutes","Clostridia","Oscillospirales","Ruminococcaceae","Faecalibacterium","prausnitzii","Faecalibacterium prausnitzii","Faecalibacterium prausnitzii ASV1588","Synthetic demo taxonomy in DADA2-compatible format; replace before biological interpretation"
"ASV1589","Bacteria","Firmicutes","Clostridia","Lachnospirales","Lachnospiraceae","Roseburia","intestinalis","Roseburia intestinalis","Roseburia intestinalis ASV1589","Synthetic demo taxonomy in DADA2-compatible format; replace before biological interpretation"
"ASV1602","Bacteria","Firmicutes","Clostridia","Lachnospirales","Lachnospiraceae","Blautia","obeum","Blautia obeum","Blautia obeum ASV1602","Synthetic demo taxonomy in DADA2-compatible format; replace before biological interpretation"
"ASV1612","Bacteria","Firmicutes","Clostridia","Oscillospirales","Ruminococcaceae","Ruminococcus","bromii","Ruminococcus bromii","Ruminococcus bromii ASV1612","Synthetic demo taxonomy in DADA2-compatible format; replace before biological interpretation"
"ASV1617","Bacteria","Verrucomicrobiota","Verrucomicrobiae","Verrucomicrobiales","Akkermansiaceae","Akkermansia","muciniphila","Akkermansia muciniphila","Akkermansia muciniphila ASV1617","Synthetic demo taxonomy in DADA2-compatible format; replace before biological interpretation"
"ASV1621","Bacteria","Actinobacteriota","Actinobacteria","Bifidobacteriales","Bifidobacteriaceae","Bifidobacterium","longum","Bifidobacterium longum","Bifidobacterium longum ASV1621","Synthetic demo taxonomy in DADA2-compatible format; replace before biological interpretation"
"ASV1625","Bacteria","Proteobacteria","Gammaproteobacteria","Enterobacterales","Enterobacteriaceae","Escherichia","coli","Escherichia coli","Escherichia coli ASV1625","Synthetic demo taxonomy in DADA2-compatible format; replace before biological interpretation"
"ASV1628","Bacteria","Proteobacteria","Gammaproteobacteria","Enterobacterales","Enterobacteriaceae","Klebsiella","pneumoniae","Klebsiella pneumoniae","Klebsiella pneumoniae ASV1628","Synthetic demo taxonomy in DADA2-compatible format; replace before biological interpretation"
"ASV1631","Bacteria","Firmicutes","Bacilli","Lactobacillales","Enterococcaceae","Enterococcus","faecalis","Enterococcus faecalis","Enterococcus faecalis ASV1631","Synthetic demo taxonomy in DADA2-compatible format; replace before biological interpretation"
"ASV1634","Bacteria","Firmicutes","Bacilli","Lactobacillales","Lactobacillaceae","Lactobacillus","gasseri","Lactobacillus gasseri","Lactobacillus gasseri ASV1634","Synthetic demo taxonomy in DADA2-compatible format; replace before biological interpretation"
"ASV1640","Bacteria","Firmicutes","Bacilli","Lactobacillales","Streptococcaceae","Streptococcus","salivarius","Streptococcus salivarius","Streptococcus salivarius ASV1640","Synthetic demo taxonomy in DADA2-compatible format; replace before biological interpretation"
"ASV1658","Bacteria","Firmicutes","Negativicutes","Veillonellales","Veillonellaceae","Veillonella","parvula","Veillonella parvula","Veillonella parvula ASV1658","Synthetic demo taxonomy in DADA2-compatible format; replace before biological interpretation"
"ASV1664","Bacteria","Fusobacteriota","Fusobacteriia","Fusobacteriales","Fusobacteriaceae","Fusobacterium","nucleatum","Fusobacterium nucleatum","Fusobacterium nucleatum ASV1664","Synthetic demo taxonomy in DADA2-compatible format; replace before biological interpretation"
"ASV1686","Bacteria","Bacteroidota","Bacteroidia","Bacteroidales","Rikenellaceae","Alistipes","putredinis","Alistipes putredinis","Alistipes putredinis ASV1686","Synthetic demo taxonomy in DADA2-compatible format; replace before biological interpretation"
"ASV1690","Bacteria","Bacteroidota","Bacteroidia","Bacteroidales","Tannerellaceae","Parabacteroides","distasonis","Parabacteroides distasonis","Parabacteroides distasonis ASV1690","Synthetic demo taxonomy in DADA2-compatible format; replace before biological interpretation"
"ASV1693","Bacteria","Actinobacteriota","Coriobacteriia","Coriobacteriales","Coriobacteriaceae","Collinsella","aerofaciens","Collinsella aerofaciens","Collinsella aerofaciens ASV1693","Synthetic demo taxonomy in DADA2-compatible format; replace before biological interpretation"
"ASV1694","Bacteria","Firmicutes","Clostridia","Lachnospirales","Lachnospiraceae","Coprococcus","comes","Coprococcus comes","Coprococcus comes ASV1694","Synthetic demo taxonomy in DADA2-compatible format; replace before biological interpretation"
"ASV1697","Bacteria","Firmicutes","Clostridia","Lachnospirales","Lachnospiraceae","Eubacterium","rectale","Eubacterium rectale","Eubacterium rectale ASV1697","Synthetic demo taxonomy in DADA2-compatible format; replace before biological interpretation"
"ASV1704","Bacteria","Firmicutes","Clostridia","Lachnospirales","Lachnospiraceae","Anaerostipes","hadrus","Anaerostipes hadrus","Anaerostipes hadrus ASV1704","Synthetic demo taxonomy in DADA2-compatible format; replace before biological interpretation"
"ASV1706","Bacteria","Firmicutes","Clostridia","Lachnospirales","Lachnospiraceae","Dorea","longicatena","Dorea longicatena","Dorea longicatena ASV1706","Synthetic demo taxonomy in DADA2-compatible format; replace before biological interpretation"
"ASV1710","Archaea","Methanobacteriota","Methanobacteria","Methanobacteriales","Methanobacteriaceae","Methanobrevibacter","smithii","Methanobrevibacter smithii","Methanobrevibacter smithii ASV1710","Synthetic demo taxonomy in DADA2-compatible format; replace before biological interpretation"
"ASV1716","Bacteria","Firmicutes","Clostridia","Christensenellales","Christensenellaceae","Christensenella","minuta","Christensenella minuta","Christensenella minuta ASV1716","Synthetic demo taxonomy in DADA2-compatible format; replace before biological interpretation"
"ASV1717","Bacteria","Bacteroidota","Bacteroidia","Bacteroidales","Bacteroidaceae","Bacteroides","vulgatus","Bacteroides vulgatus","Bacteroides vulgatus ASV1717","Synthetic demo taxonomy in DADA2-compatible format; replace before biological interpretation"
"ASV1719","Bacteria","Bacteroidota","Bacteroidia","Bacteroidales","Prevotellaceae","Prevotella","copri","Prevotella copri","Prevotella copri ASV1719","Synthetic demo taxonomy in DADA2-compatible format; replace before biological interpretation"
"ASV1721","Bacteria","Firmicutes","Clostridia","Oscillospirales","Ruminococcaceae","Faecalibacterium","prausnitzii","Faecalibacterium prausnitzii","Faecalibacterium prausnitzii ASV1721","Synthetic demo taxonomy in DADA2-compatible format; replace before biological interpretation"
"ASV1722","Bacteria","Firmicutes","Clostridia","Lachnospirales","Lachnospiraceae","Roseburia","intestinalis","Roseburia intestinalis","Roseburia intestinalis ASV1722","Synthetic demo taxonomy in DADA2-compatible format; replace before biological interpretation"
"ASV1726","Bacteria","Firmicutes","Clostridia","Lachnospirales","Lachnospiraceae","Blautia","obeum","Blautia obeum","Blautia obeum ASV1726","Synthetic demo taxonomy in DADA2-compatible format; replace before biological interpretation"
"ASV1729","Bacteria","Firmicutes","Clostridia","Oscillospirales","Ruminococcaceae","Ruminococcus","bromii","Ruminococcus bromii","Ruminococcus bromii ASV1729","Synthetic demo taxonomy in DADA2-compatible format; replace before biological interpretation"
"ASV1733","Bacteria","Verrucomicrobiota","Verrucomicrobiae","Verrucomicrobiales","Akkermansiaceae","Akkermansia","muciniphila","Akkermansia muciniphila","Akkermansia muciniphila ASV1733","Synthetic demo taxonomy in DADA2-compatible format; replace before biological interpretation"
"ASV1734","Bacteria","Actinobacteriota","Actinobacteria","Bifidobacteriales","Bifidobacteriaceae","Bifidobacterium","longum","Bifidobacterium longum","Bifidobacterium longum ASV1734","Synthetic demo taxonomy in DADA2-compatible format; replace before biological interpretation"
"ASV1736","Bacteria","Proteobacteria","Gammaproteobacteria","Enterobacterales","Enterobacteriaceae","Escherichia","coli","Escherichia coli","Escherichia coli ASV1736","Synthetic demo taxonomy in DADA2-compatible format; replace before biological interpretation"
"ASV1741","Bacteria","Proteobacteria","Gammaproteobacteria","Enterobacterales","Enterobacteriaceae","Klebsiella","pneumoniae","Klebsiella pneumoniae","Klebsiella pneumoniae ASV1741","Synthetic demo taxonomy in DADA2-compatible format; replace before biological interpretation"
"ASV1752","Bacteria","Firmicutes","Bacilli","Lactobacillales","Enterococcaceae","Enterococcus","faecalis","Enterococcus faecalis","Enterococcus faecalis ASV1752","Synthetic demo taxonomy in DADA2-compatible format; replace before biological interpretation"
"ASV1758","Bacteria","Firmicutes","Bacilli","Lactobacillales","Lactobacillaceae","Lactobacillus","gasseri","Lactobacillus gasseri","Lactobacillus gasseri ASV1758","Synthetic demo taxonomy in DADA2-compatible format; replace before biological interpretation"
"ASV1768","Bacteria","Firmicutes","Bacilli","Lactobacillales","Streptococcaceae","Streptococcus","salivarius","Streptococcus salivarius","Streptococcus salivarius ASV1768","Synthetic demo taxonomy in DADA2-compatible format; replace before biological interpretation"
"ASV1774","Bacteria","Firmicutes","Negativicutes","Veillonellales","Veillonellaceae","Veillonella","parvula","Veillonella parvula","Veillonella parvula ASV1774","Synthetic demo taxonomy in DADA2-compatible format; replace before biological interpretation"
"ASV1785","Bacteria","Fusobacteriota","Fusobacteriia","Fusobacteriales","Fusobacteriaceae","Fusobacterium","nucleatum","Fusobacterium nucleatum","Fusobacterium nucleatum ASV1785","Synthetic demo taxonomy in DADA2-compatible format; replace before biological interpretation"
"ASV1788","Bacteria","Bacteroidota","Bacteroidia","Bacteroidales","Rikenellaceae","Alistipes","putredinis","Alistipes putredinis","Alistipes putredinis ASV1788","Synthetic demo taxonomy in DADA2-compatible format; replace before biological interpretation"
"ASV1794","Bacteria","Bacteroidota","Bacteroidia","Bacteroidales","Tannerellaceae","Parabacteroides","distasonis","Parabacteroides distasonis","Parabacteroides distasonis ASV1794","Synthetic demo taxonomy in DADA2-compatible format; replace before biological interpretation"
"ASV1799","Bacteria","Actinobacteriota","Coriobacteriia","Coriobacteriales","Coriobacteriaceae","Collinsella","aerofaciens","Collinsella aerofaciens","Collinsella aerofaciens ASV1799","Synthetic demo taxonomy in DADA2-compatible format; replace before biological interpretation"
"ASV1811","Bacteria","Firmicutes","Clostridia","Lachnospirales","Lachnospiraceae","Coprococcus","comes","Coprococcus comes","Coprococcus comes ASV1811","Synthetic demo taxonomy in DADA2-compatible format; replace before biological interpretation"
"ASV1819","Bacteria","Firmicutes","Clostridia","Lachnospirales","Lachnospiraceae","Eubacterium","rectale","Eubacterium rectale","Eubacterium rectale ASV1819","Synthetic demo taxonomy in DADA2-compatible format; replace before biological interpretation"
"ASV1820","Bacteria","Firmicutes","Clostridia","Lachnospirales","Lachnospiraceae","Anaerostipes","hadrus","Anaerostipes hadrus","Anaerostipes hadrus ASV1820","Synthetic demo taxonomy in DADA2-compatible format; replace before biological interpretation"
"ASV1824","Bacteria","Firmicutes","Clostridia","Lachnospirales","Lachnospiraceae","Dorea","longicatena","Dorea longicatena","Dorea longicatena ASV1824","Synthetic demo taxonomy in DADA2-compatible format; replace before biological interpretation"
"ASV1825","Archaea","Methanobacteriota","Methanobacteria","Methanobacteriales","Methanobacteriaceae","Methanobrevibacter","smithii","Methanobrevibacter smithii","Methanobrevibacter smithii ASV1825","Synthetic demo taxonomy in DADA2-compatible format; replace before biological interpretation"
"ASV1833","Bacteria","Firmicutes","Clostridia","Christensenellales","Christensenellaceae","Christensenella","minuta","Christensenella minuta","Christensenella minuta ASV1833","Synthetic demo taxonomy in DADA2-compatible format; replace before biological interpretation"
"ASV1841","Bacteria","Bacteroidota","Bacteroidia","Bacteroidales","Bacteroidaceae","Bacteroides","vulgatus","Bacteroides vulgatus","Bacteroides vulgatus ASV1841","Synthetic demo taxonomy in DADA2-compatible format; replace before biological interpretation"
"ASV1845","Bacteria","Bacteroidota","Bacteroidia","Bacteroidales","Prevotellaceae","Prevotella","copri","Prevotella copri","Prevotella copri ASV1845","Synthetic demo taxonomy in DADA2-compatible format; replace before biological interpretation"
"ASV1848","Bacteria","Firmicutes","Clostridia","Oscillospirales","Ruminococcaceae","Faecalibacterium","prausnitzii","Faecalibacterium prausnitzii","Faecalibacterium prausnitzii ASV1848","Synthetic demo taxonomy in DADA2-compatible format; replace before biological interpretation"
"ASV1858","Bacteria","Firmicutes","Clostridia","Lachnospirales","Lachnospiraceae","Roseburia","intestinalis","Roseburia intestinalis","Roseburia intestinalis ASV1858","Synthetic demo taxonomy in DADA2-compatible format; replace before biological interpretation"
"ASV1861","Bacteria","Firmicutes","Clostridia","Lachnospirales","Lachnospiraceae","Blautia","obeum","Blautia obeum","Blautia obeum ASV1861","Synthetic demo taxonomy in DADA2-compatible format; replace before biological interpretation"
"ASV1873","Bacteria","Firmicutes","Clostridia","Oscillospirales","Ruminococcaceae","Ruminococcus","bromii","Ruminococcus bromii","Ruminococcus bromii ASV1873","Synthetic demo taxonomy in DADA2-compatible format; replace before biological interpretation"
"ASV1874","Bacteria","Verrucomicrobiota","Verrucomicrobiae","Verrucomicrobiales","Akkermansiaceae","Akkermansia","muciniphila","Akkermansia muciniphila","Akkermansia muciniphila ASV1874","Synthetic demo taxonomy in DADA2-compatible format; replace before biological interpretation"
"ASV1875","Bacteria","Actinobacteriota","Actinobacteria","Bifidobacteriales","Bifidobacteriaceae","Bifidobacterium","longum","Bifidobacterium longum","Bifidobacterium longum ASV1875","Synthetic demo taxonomy in DADA2-compatible format; replace before biological interpretation"
"ASV1881","Bacteria","Proteobacteria","Gammaproteobacteria","Enterobacterales","Enterobacteriaceae","Escherichia","coli","Escherichia coli","Escherichia coli ASV1881","Synthetic demo taxonomy in DADA2-compatible format; replace before biological interpretation"
"ASV1883","Bacteria","Proteobacteria","Gammaproteobacteria","Enterobacterales","Enterobacteriaceae","Klebsiella","pneumoniae","Klebsiella pneumoniae","Klebsiella pneumoniae ASV1883","Synthetic demo taxonomy in DADA2-compatible format; replace before biological interpretation"
"ASV1886","Bacteria","Firmicutes","Bacilli","Lactobacillales","Enterococcaceae","Enterococcus","faecalis","Enterococcus faecalis","Enterococcus faecalis ASV1886","Synthetic demo taxonomy in DADA2-compatible format; replace before biological interpretation"
"ASV1890","Bacteria","Firmicutes","Bacilli","Lactobacillales","Lactobacillaceae","Lactobacillus","gasseri","Lactobacillus gasseri","Lactobacillus gasseri ASV1890","Synthetic demo taxonomy in DADA2-compatible format; replace before biological interpretation"
"ASV1906","Bacteria","Firmicutes","Bacilli","Lactobacillales","Streptococcaceae","Streptococcus","salivarius","Streptococcus salivarius","Streptococcus salivarius ASV1906","Synthetic demo taxonomy in DADA2-compatible format; replace before biological interpretation"
"ASV1916","Bacteria","Firmicutes","Negativicutes","Veillonellales","Veillonellaceae","Veillonella","parvula","Veillonella parvula","Veillonella parvula ASV1916","Synthetic demo taxonomy in DADA2-compatible format; replace before biological interpretation"
"ASV1925","Bacteria","Fusobacteriota","Fusobacteriia","Fusobacteriales","Fusobacteriaceae","Fusobacterium","nucleatum","Fusobacterium nucleatum","Fusobacterium nucleatum ASV1925","Synthetic demo taxonomy in DADA2-compatible format; replace before biological interpretation"
"ASV1930","Bacteria","Bacteroidota","Bacteroidia","Bacteroidales","Rikenellaceae","Alistipes","putredinis","Alistipes putredinis","Alistipes putredinis ASV1930","Synthetic demo taxonomy in DADA2-compatible format; replace before biological interpretation"
"ASV1938","Bacteria","Bacteroidota","Bacteroidia","Bacteroidales","Tannerellaceae","Parabacteroides","distasonis","Parabacteroides distasonis","Parabacteroides distasonis ASV1938","Synthetic demo taxonomy in DADA2-compatible format; replace before biological interpretation"
"ASV1941","Bacteria","Actinobacteriota","Coriobacteriia","Coriobacteriales","Coriobacteriaceae","Collinsella","aerofaciens","Collinsella aerofaciens","Collinsella aerofaciens ASV1941","Synthetic demo taxonomy in DADA2-compatible format; replace before biological interpretation"
"ASV1949","Bacteria","Firmicutes","Clostridia","Lachnospirales","Lachnospiraceae","Coprococcus","comes","Coprococcus comes","Coprococcus comes ASV1949","Synthetic demo taxonomy in DADA2-compatible format; replace before biological interpretation"
"ASV1968","Bacteria","Firmicutes","Clostridia","Lachnospirales","Lachnospiraceae","Eubacterium","rectale","Eubacterium rectale","Eubacterium rectale ASV1968","Synthetic demo taxonomy in DADA2-compatible format; replace before biological interpretation"
"ASV1995","Bacteria","Firmicutes","Clostridia","Lachnospirales","Lachnospiraceae","Anaerostipes","hadrus","Anaerostipes hadrus","Anaerostipes hadrus ASV1995","Synthetic demo taxonomy in DADA2-compatible format; replace before biological interpretation"
"ASV1996","Bacteria","Firmicutes","Clostridia","Lachnospirales","Lachnospiraceae","Dorea","longicatena","Dorea longicatena","Dorea longicatena ASV1996","Synthetic demo taxonomy in DADA2-compatible format; replace before biological interpretation"
"ASV1997","Archaea","Methanobacteriota","Methanobacteria","Methanobacteriales","Methanobacteriaceae","Methanobrevibacter","smithii","Methanobrevibacter smithii","Methanobrevibacter smithii ASV1997","Synthetic demo taxonomy in DADA2-compatible format; replace before biological interpretation"
"ASV2001","Bacteria","Firmicutes","Clostridia","Christensenellales","Christensenellaceae","Christensenella","minuta","Christensenella minuta","Christensenella minuta ASV2001","Synthetic demo taxonomy in DADA2-compatible format; replace before biological interpretation"
"ASV2017","Bacteria","Bacteroidota","Bacteroidia","Bacteroidales","Bacteroidaceae","Bacteroides","vulgatus","Bacteroides vulgatus","Bacteroides vulgatus ASV2017","Synthetic demo taxonomy in DADA2-compatible format; replace before biological interpretation"
"ASV2022","Bacteria","Bacteroidota","Bacteroidia","Bacteroidales","Prevotellaceae","Prevotella","copri","Prevotella copri","Prevotella copri ASV2022","Synthetic demo taxonomy in DADA2-compatible format; replace before biological interpretation"
"ASV2028","Bacteria","Firmicutes","Clostridia","Oscillospirales","Ruminococcaceae","Faecalibacterium","prausnitzii","Faecalibacterium prausnitzii","Faecalibacterium prausnitzii ASV2028","Synthetic demo taxonomy in DADA2-compatible format; replace before biological interpretation"
"ASV2033","Bacteria","Firmicutes","Clostridia","Lachnospirales","Lachnospiraceae","Roseburia","intestinalis","Roseburia intestinalis","Roseburia intestinalis ASV2033","Synthetic demo taxonomy in DADA2-compatible format; replace before biological interpretation"
"ASV2040","Bacteria","Firmicutes","Clostridia","Lachnospirales","Lachnospiraceae","Blautia","obeum","Blautia obeum","Blautia obeum ASV2040","Synthetic demo taxonomy in DADA2-compatible format; replace before biological interpretation"
"ASV2048","Bacteria","Firmicutes","Clostridia","Oscillospirales","Ruminococcaceae","Ruminococcus","bromii","Ruminococcus bromii","Ruminococcus bromii ASV2048","Synthetic demo taxonomy in DADA2-compatible format; replace before biological interpretation"
"ASV2049","Bacteria","Verrucomicrobiota","Verrucomicrobiae","Verrucomicrobiales","Akkermansiaceae","Akkermansia","muciniphila","Akkermansia muciniphila","Akkermansia muciniphila ASV2049","Synthetic demo taxonomy in DADA2-compatible format; replace before biological interpretation"
"ASV2053","Bacteria","Actinobacteriota","Actinobacteria","Bifidobacteriales","Bifidobacteriaceae","Bifidobacterium","longum","Bifidobacterium longum","Bifidobacterium longum ASV2053","Synthetic demo taxonomy in DADA2-compatible format; replace before biological interpretation"
"ASV2058","Bacteria","Proteobacteria","Gammaproteobacteria","Enterobacterales","Enterobacteriaceae","Escherichia","coli","Escherichia coli","Escherichia coli ASV2058","Synthetic demo taxonomy in DADA2-compatible format; replace before biological interpretation"
"ASV2059","Bacteria","Proteobacteria","Gammaproteobacteria","Enterobacterales","Enterobacteriaceae","Klebsiella","pneumoniae","Klebsiella pneumoniae","Klebsiella pneumoniae ASV2059","Synthetic demo taxonomy in DADA2-compatible format; replace before biological interpretation"
"ASV2061","Bacteria","Firmicutes","Bacilli","Lactobacillales","Enterococcaceae","Enterococcus","faecalis","Enterococcus faecalis","Enterococcus faecalis ASV2061","Synthetic demo taxonomy in DADA2-compatible format; replace before biological interpretation"
"ASV2068","Bacteria","Firmicutes","Bacilli","Lactobacillales","Lactobacillaceae","Lactobacillus","gasseri","Lactobacillus gasseri","Lactobacillus gasseri ASV2068","Synthetic demo taxonomy in DADA2-compatible format; replace before biological interpretation"
"ASV2072","Bacteria","Firmicutes","Bacilli","Lactobacillales","Streptococcaceae","Streptococcus","salivarius","Streptococcus salivarius","Streptococcus salivarius ASV2072","Synthetic demo taxonomy in DADA2-compatible format; replace before biological interpretation"
"ASV2079","Bacteria","Firmicutes","Negativicutes","Veillonellales","Veillonellaceae","Veillonella","parvula","Veillonella parvula","Veillonella parvula ASV2079","Synthetic demo taxonomy in DADA2-compatible format; replace before biological interpretation"
"ASV2088","Bacteria","Fusobacteriota","Fusobacteriia","Fusobacteriales","Fusobacteriaceae","Fusobacterium","nucleatum","Fusobacterium nucleatum","Fusobacterium nucleatum ASV2088","Synthetic demo taxonomy in DADA2-compatible format; replace before biological interpretation"
"ASV2089","Bacteria","Bacteroidota","Bacteroidia","Bacteroidales","Rikenellaceae","Alistipes","putredinis","Alistipes putredinis","Alistipes putredinis ASV2089","Synthetic demo taxonomy in DADA2-compatible format; replace before biological interpretation"
"ASV2099","Bacteria","Bacteroidota","Bacteroidia","Bacteroidales","Tannerellaceae","Parabacteroides","distasonis","Parabacteroides distasonis","Parabacteroides distasonis ASV2099","Synthetic demo taxonomy in DADA2-compatible format; replace before biological interpretation"
"ASV2101","Bacteria","Actinobacteriota","Coriobacteriia","Coriobacteriales","Coriobacteriaceae","Collinsella","aerofaciens","Collinsella aerofaciens","Collinsella aerofaciens ASV2101","Synthetic demo taxonomy in DADA2-compatible format; replace before biological interpretation"
"ASV2104","Bacteria","Firmicutes","Clostridia","Lachnospirales","Lachnospiraceae","Coprococcus","comes","Coprococcus comes","Coprococcus comes ASV2104","Synthetic demo taxonomy in DADA2-compatible format; replace before biological interpretation"
"ASV2105","Bacteria","Firmicutes","Clostridia","Lachnospirales","Lachnospiraceae","Eubacterium","rectale","Eubacterium rectale","Eubacterium rectale ASV2105","Synthetic demo taxonomy in DADA2-compatible format; replace before biological interpretation"
"ASV2106","Bacteria","Firmicutes","Clostridia","Lachnospirales","Lachnospiraceae","Anaerostipes","hadrus","Anaerostipes hadrus","Anaerostipes hadrus ASV2106","Synthetic demo taxonomy in DADA2-compatible format; replace before biological interpretation"
"ASV2111","Bacteria","Firmicutes","Clostridia","Lachnospirales","Lachnospiraceae","Dorea","longicatena","Dorea longicatena","Dorea longicatena ASV2111","Synthetic demo taxonomy in DADA2-compatible format; replace before biological interpretation"
"ASV2117","Archaea","Methanobacteriota","Methanobacteria","Methanobacteriales","Methanobacteriaceae","Methanobrevibacter","smithii","Methanobrevibacter smithii","Methanobrevibacter smithii ASV2117","Synthetic demo taxonomy in DADA2-compatible format; replace before biological interpretation"
"ASV2121","Bacteria","Firmicutes","Clostridia","Christensenellales","Christensenellaceae","Christensenella","minuta","Christensenella minuta","Christensenella minuta ASV2121","Synthetic demo taxonomy in DADA2-compatible format; replace before biological interpretation"
"ASV2131","Bacteria","Bacteroidota","Bacteroidia","Bacteroidales","Bacteroidaceae","Bacteroides","vulgatus","Bacteroides vulgatus","Bacteroides vulgatus ASV2131","Synthetic demo taxonomy in DADA2-compatible format; replace before biological interpretation"
"ASV2135","Bacteria","Bacteroidota","Bacteroidia","Bacteroidales","Prevotellaceae","Prevotella","copri","Prevotella copri","Prevotella copri ASV2135","Synthetic demo taxonomy in DADA2-compatible format; replace before biological interpretation"
"ASV2139","Bacteria","Firmicutes","Clostridia","Oscillospirales","Ruminococcaceae","Faecalibacterium","prausnitzii","Faecalibacterium prausnitzii","Faecalibacterium prausnitzii ASV2139","Synthetic demo taxonomy in DADA2-compatible format; replace before biological interpretation"
"ASV2142","Bacteria","Firmicutes","Clostridia","Lachnospirales","Lachnospiraceae","Roseburia","intestinalis","Roseburia intestinalis","Roseburia intestinalis ASV2142","Synthetic demo taxonomy in DADA2-compatible format; replace before biological interpretation"
"ASV2151","Bacteria","Firmicutes","Clostridia","Lachnospirales","Lachnospiraceae","Blautia","obeum","Blautia obeum","Blautia obeum ASV2151","Synthetic demo taxonomy in DADA2-compatible format; replace before biological interpretation"
"ASV2154","Bacteria","Firmicutes","Clostridia","Oscillospirales","Ruminococcaceae","Ruminococcus","bromii","Ruminococcus bromii","Ruminococcus bromii ASV2154","Synthetic demo taxonomy in DADA2-compatible format; replace before biological interpretation"
"ASV2156","Bacteria","Verrucomicrobiota","Verrucomicrobiae","Verrucomicrobiales","Akkermansiaceae","Akkermansia","muciniphila","Akkermansia muciniphila","Akkermansia muciniphila ASV2156","Synthetic demo taxonomy in DADA2-compatible format; replace before biological interpretation"
"ASV2168","Bacteria","Actinobacteriota","Actinobacteria","Bifidobacteriales","Bifidobacteriaceae","Bifidobacterium","longum","Bifidobacterium longum","Bifidobacterium longum ASV2168","Synthetic demo taxonomy in DADA2-compatible format; replace before biological interpretation"
"ASV2188","Bacteria","Proteobacteria","Gammaproteobacteria","Enterobacterales","Enterobacteriaceae","Escherichia","coli","Escherichia coli","Escherichia coli ASV2188","Synthetic demo taxonomy in DADA2-compatible format; replace before biological interpretation"
"ASV2198","Bacteria","Proteobacteria","Gammaproteobacteria","Enterobacterales","Enterobacteriaceae","Klebsiella","pneumoniae","Klebsiella pneumoniae","Klebsiella pneumoniae ASV2198","Synthetic demo taxonomy in DADA2-compatible format; replace before biological interpretation"
"ASV2199","Bacteria","Firmicutes","Bacilli","Lactobacillales","Enterococcaceae","Enterococcus","faecalis","Enterococcus faecalis","Enterococcus faecalis ASV2199","Synthetic demo taxonomy in DADA2-compatible format; replace before biological interpretation"
"ASV2204","Bacteria","Firmicutes","Bacilli","Lactobacillales","Lactobacillaceae","Lactobacillus","gasseri","Lactobacillus gasseri","Lactobacillus gasseri ASV2204","Synthetic demo taxonomy in DADA2-compatible format; replace before biological interpretation"
"ASV2215","Bacteria","Firmicutes","Bacilli","Lactobacillales","Streptococcaceae","Streptococcus","salivarius","Streptococcus salivarius","Streptococcus salivarius ASV2215","Synthetic demo taxonomy in DADA2-compatible format; replace before biological interpretation"
"ASV2220","Bacteria","Firmicutes","Negativicutes","Veillonellales","Veillonellaceae","Veillonella","parvula","Veillonella parvula","Veillonella parvula ASV2220","Synthetic demo taxonomy in DADA2-compatible format; replace before biological interpretation"
"ASV2221","Bacteria","Fusobacteriota","Fusobacteriia","Fusobacteriales","Fusobacteriaceae","Fusobacterium","nucleatum","Fusobacterium nucleatum","Fusobacterium nucleatum ASV2221","Synthetic demo taxonomy in DADA2-compatible format; replace before biological interpretation"
"ASV2223","Bacteria","Bacteroidota","Bacteroidia","Bacteroidales","Rikenellaceae","Alistipes","putredinis","Alistipes putredinis","Alistipes putredinis ASV2223","Synthetic demo taxonomy in DADA2-compatible format; replace before biological interpretation"
"ASV2228","Bacteria","Bacteroidota","Bacteroidia","Bacteroidales","Tannerellaceae","Parabacteroides","distasonis","Parabacteroides distasonis","Parabacteroides distasonis ASV2228","Synthetic demo taxonomy in DADA2-compatible format; replace before biological interpretation"
"ASV2229","Bacteria","Actinobacteriota","Coriobacteriia","Coriobacteriales","Coriobacteriaceae","Collinsella","aerofaciens","Collinsella aerofaciens","Collinsella aerofaciens ASV2229","Synthetic demo taxonomy in DADA2-compatible format; replace before biological interpretation"
"ASV2237","Bacteria","Firmicutes","Clostridia","Lachnospirales","Lachnospiraceae","Coprococcus","comes","Coprococcus comes","Coprococcus comes ASV2237","Synthetic demo taxonomy in DADA2-compatible format; replace before biological interpretation"
"ASV2249","Bacteria","Firmicutes","Clostridia","Lachnospirales","Lachnospiraceae","Eubacterium","rectale","Eubacterium rectale","Eubacterium rectale ASV2249","Synthetic demo taxonomy in DADA2-compatible format; replace before biological interpretation"
"ASV2259","Bacteria","Firmicutes","Clostridia","Lachnospirales","Lachnospiraceae","Anaerostipes","hadrus","Anaerostipes hadrus","Anaerostipes hadrus ASV2259","Synthetic demo taxonomy in DADA2-compatible format; replace before biological interpretation"
"ASV2264","Bacteria","Firmicutes","Clostridia","Lachnospirales","Lachnospiraceae","Dorea","longicatena","Dorea longicatena","Dorea longicatena ASV2264","Synthetic demo taxonomy in DADA2-compatible format; replace before biological interpretation"
"ASV2268","Archaea","Methanobacteriota","Methanobacteria","Methanobacteriales","Methanobacteriaceae","Methanobrevibacter","smithii","Methanobrevibacter smithii","Methanobrevibacter smithii ASV2268","Synthetic demo taxonomy in DADA2-compatible format; replace before biological interpretation"
"ASV2272","Bacteria","Firmicutes","Clostridia","Christensenellales","Christensenellaceae","Christensenella","minuta","Christensenella minuta","Christensenella minuta ASV2272","Synthetic demo taxonomy in DADA2-compatible format; replace before biological interpretation"
"ASV2279","Bacteria","Bacteroidota","Bacteroidia","Bacteroidales","Bacteroidaceae","Bacteroides","vulgatus","Bacteroides vulgatus","Bacteroides vulgatus ASV2279","Synthetic demo taxonomy in DADA2-compatible format; replace before biological interpretation"
"ASV2294","Bacteria","Bacteroidota","Bacteroidia","Bacteroidales","Prevotellaceae","Prevotella","copri","Prevotella copri","Prevotella copri ASV2294","Synthetic demo taxonomy in DADA2-compatible format; replace before biological interpretation"
"ASV2325","Bacteria","Firmicutes","Clostridia","Oscillospirales","Ruminococcaceae","Faecalibacterium","prausnitzii","Faecalibacterium prausnitzii","Faecalibacterium prausnitzii ASV2325","Synthetic demo taxonomy in DADA2-compatible format; replace before biological interpretation"
"ASV2330","Bacteria","Firmicutes","Clostridia","Lachnospirales","Lachnospiraceae","Roseburia","intestinalis","Roseburia intestinalis","Roseburia intestinalis ASV2330","Synthetic demo taxonomy in DADA2-compatible format; replace before biological interpretation"
"ASV2342","Bacteria","Firmicutes","Clostridia","Lachnospirales","Lachnospiraceae","Blautia","obeum","Blautia obeum","Blautia obeum ASV2342","Synthetic demo taxonomy in DADA2-compatible format; replace before biological interpretation"
"ASV2347","Bacteria","Firmicutes","Clostridia","Oscillospirales","Ruminococcaceae","Ruminococcus","bromii","Ruminococcus bromii","Ruminococcus bromii ASV2347","Synthetic demo taxonomy in DADA2-compatible format; replace before biological interpretation"
"ASV2353","Bacteria","Verrucomicrobiota","Verrucomicrobiae","Verrucomicrobiales","Akkermansiaceae","Akkermansia","muciniphila","Akkermansia muciniphila","Akkermansia muciniphila ASV2353","Synthetic demo taxonomy in DADA2-compatible format; replace before biological interpretation"
"ASV2354","Bacteria","Actinobacteriota","Actinobacteria","Bifidobacteriales","Bifidobacteriaceae","Bifidobacterium","longum","Bifidobacterium longum","Bifidobacterium longum ASV2354","Synthetic demo taxonomy in DADA2-compatible format; replace before biological interpretation"
"ASV2365","Bacteria","Proteobacteria","Gammaproteobacteria","Enterobacterales","Enterobacteriaceae","Escherichia","coli","Escherichia coli","Escherichia coli ASV2365","Synthetic demo taxonomy in DADA2-compatible format; replace before biological interpretation"
"ASV2376","Bacteria","Proteobacteria","Gammaproteobacteria","Enterobacterales","Enterobacteriaceae","Klebsiella","pneumoniae","Klebsiella pneumoniae","Klebsiella pneumoniae ASV2376","Synthetic demo taxonomy in DADA2-compatible format; replace before biological interpretation"
"ASV2377","Bacteria","Firmicutes","Bacilli","Lactobacillales","Enterococcaceae","Enterococcus","faecalis","Enterococcus faecalis","Enterococcus faecalis ASV2377","Synthetic demo taxonomy in DADA2-compatible format; replace before biological interpretation"
"ASV2381","Bacteria","Firmicutes","Bacilli","Lactobacillales","Lactobacillaceae","Lactobacillus","gasseri","Lactobacillus gasseri","Lactobacillus gasseri ASV2381","Synthetic demo taxonomy in DADA2-compatible format; replace before biological interpretation"
"ASV2387","Bacteria","Firmicutes","Bacilli","Lactobacillales","Streptococcaceae","Streptococcus","salivarius","Streptococcus salivarius","Streptococcus salivarius ASV2387","Synthetic demo taxonomy in DADA2-compatible format; replace before biological interpretation"
"ASV2391","Bacteria","Firmicutes","Negativicutes","Veillonellales","Veillonellaceae","Veillonella","parvula","Veillonella parvula","Veillonella parvula ASV2391","Synthetic demo taxonomy in DADA2-compatible format; replace before biological interpretation"
"ASV2402","Bacteria","Fusobacteriota","Fusobacteriia","Fusobacteriales","Fusobacteriaceae","Fusobacterium","nucleatum","Fusobacterium nucleatum","Fusobacterium nucleatum ASV2402","Synthetic demo taxonomy in DADA2-compatible format; replace before biological interpretation"
"ASV2416","Bacteria","Bacteroidota","Bacteroidia","Bacteroidales","Rikenellaceae","Alistipes","putredinis","Alistipes putredinis","Alistipes putredinis ASV2416","Synthetic demo taxonomy in DADA2-compatible format; replace before biological interpretation"
"ASV2419","Bacteria","Bacteroidota","Bacteroidia","Bacteroidales","Tannerellaceae","Parabacteroides","distasonis","Parabacteroides distasonis","Parabacteroides distasonis ASV2419","Synthetic demo taxonomy in DADA2-compatible format; replace before biological interpretation"
"ASV2431","Bacteria","Actinobacteriota","Coriobacteriia","Coriobacteriales","Coriobacteriaceae","Collinsella","aerofaciens","Collinsella aerofaciens","Collinsella aerofaciens ASV2431","Synthetic demo taxonomy in DADA2-compatible format; replace before biological interpretation"
"ASV2445","Bacteria","Firmicutes","Clostridia","Lachnospirales","Lachnospiraceae","Coprococcus","comes","Coprococcus comes","Coprococcus comes ASV2445","Synthetic demo taxonomy in DADA2-compatible format; replace before biological interpretation"
"ASV2446","Bacteria","Firmicutes","Clostridia","Lachnospirales","Lachnospiraceae","Eubacterium","rectale","Eubacterium rectale","Eubacterium rectale ASV2446","Synthetic demo taxonomy in DADA2-compatible format; replace before biological interpretation"
"ASV2449","Bacteria","Firmicutes","Clostridia","Lachnospirales","Lachnospiraceae","Anaerostipes","hadrus","Anaerostipes hadrus","Anaerostipes hadrus ASV2449","Synthetic demo taxonomy in DADA2-compatible format; replace before biological interpretation"
"ASV2451","Bacteria","Firmicutes","Clostridia","Lachnospirales","Lachnospiraceae","Dorea","longicatena","Dorea longicatena","Dorea longicatena ASV2451","Synthetic demo taxonomy in DADA2-compatible format; replace before biological interpretation"
"ASV2454","Archaea","Methanobacteriota","Methanobacteria","Methanobacteriales","Methanobacteriaceae","Methanobrevibacter","smithii","Methanobrevibacter smithii","Methanobrevibacter smithii ASV2454","Synthetic demo taxonomy in DADA2-compatible format; replace before biological interpretation"
"ASV2470","Bacteria","Firmicutes","Clostridia","Christensenellales","Christensenellaceae","Christensenella","minuta","Christensenella minuta","Christensenella minuta ASV2470","Synthetic demo taxonomy in DADA2-compatible format; replace before biological interpretation"
"ASV2474","Bacteria","Bacteroidota","Bacteroidia","Bacteroidales","Bacteroidaceae","Bacteroides","vulgatus","Bacteroides vulgatus","Bacteroides vulgatus ASV2474","Synthetic demo taxonomy in DADA2-compatible format; replace before biological interpretation"
"ASV2475","Bacteria","Bacteroidota","Bacteroidia","Bacteroidales","Prevotellaceae","Prevotella","copri","Prevotella copri","Prevotella copri ASV2475","Synthetic demo taxonomy in DADA2-compatible format; replace before biological interpretation"
"ASV2479","Bacteria","Firmicutes","Clostridia","Oscillospirales","Ruminococcaceae","Faecalibacterium","prausnitzii","Faecalibacterium prausnitzii","Faecalibacterium prausnitzii ASV2479","Synthetic demo taxonomy in DADA2-compatible format; replace before biological interpretation"
"ASV2492","Bacteria","Firmicutes","Clostridia","Lachnospirales","Lachnospiraceae","Roseburia","intestinalis","Roseburia intestinalis","Roseburia intestinalis ASV2492","Synthetic demo taxonomy in DADA2-compatible format; replace before biological interpretation"
"ASV2494","Bacteria","Firmicutes","Clostridia","Lachnospirales","Lachnospiraceae","Blautia","obeum","Blautia obeum","Blautia obeum ASV2494","Synthetic demo taxonomy in DADA2-compatible format; replace before biological interpretation"
"ASV2497","Bacteria","Firmicutes","Clostridia","Oscillospirales","Ruminococcaceae","Ruminococcus","bromii","Ruminococcus bromii","Ruminococcus bromii ASV2497","Synthetic demo taxonomy in DADA2-compatible format; replace before biological interpretation"
"ASV2498","Bacteria","Verrucomicrobiota","Verrucomicrobiae","Verrucomicrobiales","Akkermansiaceae","Akkermansia","muciniphila","Akkermansia muciniphila","Akkermansia muciniphila ASV2498","Synthetic demo taxonomy in DADA2-compatible format; replace before biological interpretation"
"ASV2508","Bacteria","Actinobacteriota","Actinobacteria","Bifidobacteriales","Bifidobacteriaceae","Bifidobacterium","longum","Bifidobacterium longum","Bifidobacterium longum ASV2508","Synthetic demo taxonomy in DADA2-compatible format; replace before biological interpretation"
"ASV2509","Bacteria","Proteobacteria","Gammaproteobacteria","Enterobacterales","Enterobacteriaceae","Escherichia","coli","Escherichia coli","Escherichia coli ASV2509","Synthetic demo taxonomy in DADA2-compatible format; replace before biological interpretation"
"ASV2517","Bacteria","Proteobacteria","Gammaproteobacteria","Enterobacterales","Enterobacteriaceae","Klebsiella","pneumoniae","Klebsiella pneumoniae","Klebsiella pneumoniae ASV2517","Synthetic demo taxonomy in DADA2-compatible format; replace before biological interpretation"
"ASV2524","Bacteria","Firmicutes","Bacilli","Lactobacillales","Enterococcaceae","Enterococcus","faecalis","Enterococcus faecalis","Enterococcus faecalis ASV2524","Synthetic demo taxonomy in DADA2-compatible format; replace before biological interpretation"
"ASV2529","Bacteria","Firmicutes","Bacilli","Lactobacillales","Lactobacillaceae","Lactobacillus","gasseri","Lactobacillus gasseri","Lactobacillus gasseri ASV2529","Synthetic demo taxonomy in DADA2-compatible format; replace before biological interpretation"
"ASV2536","Bacteria","Firmicutes","Bacilli","Lactobacillales","Streptococcaceae","Streptococcus","salivarius","Streptococcus salivarius","Streptococcus salivarius ASV2536","Synthetic demo taxonomy in DADA2-compatible format; replace before biological interpretation"
"ASV2537","Bacteria","Firmicutes","Negativicutes","Veillonellales","Veillonellaceae","Veillonella","parvula","Veillonella parvula","Veillonella parvula ASV2537","Synthetic demo taxonomy in DADA2-compatible format; replace before biological interpretation"
"ASV2546","Bacteria","Fusobacteriota","Fusobacteriia","Fusobacteriales","Fusobacteriaceae","Fusobacterium","nucleatum","Fusobacterium nucleatum","Fusobacterium nucleatum ASV2546","Synthetic demo taxonomy in DADA2-compatible format; replace before biological interpretation"
"ASV2547","Bacteria","Bacteroidota","Bacteroidia","Bacteroidales","Rikenellaceae","Alistipes","putredinis","Alistipes putredinis","Alistipes putredinis ASV2547","Synthetic demo taxonomy in DADA2-compatible format; replace before biological interpretation"
"ASV2550","Bacteria","Bacteroidota","Bacteroidia","Bacteroidales","Tannerellaceae","Parabacteroides","distasonis","Parabacteroides distasonis","Parabacteroides distasonis ASV2550","Synthetic demo taxonomy in DADA2-compatible format; replace before biological interpretation"
"ASV2576","Bacteria","Actinobacteriota","Coriobacteriia","Coriobacteriales","Coriobacteriaceae","Collinsella","aerofaciens","Collinsella aerofaciens","Collinsella aerofaciens ASV2576","Synthetic demo taxonomy in DADA2-compatible format; replace before biological interpretation"
"ASV2577","Bacteria","Firmicutes","Clostridia","Lachnospirales","Lachnospiraceae","Coprococcus","comes","Coprococcus comes","Coprococcus comes ASV2577","Synthetic demo taxonomy in DADA2-compatible format; replace before biological interpretation"
"ASV2579","Bacteria","Firmicutes","Clostridia","Lachnospirales","Lachnospiraceae","Eubacterium","rectale","Eubacterium rectale","Eubacterium rectale ASV2579","Synthetic demo taxonomy in DADA2-compatible format; replace before biological interpretation"
"ASV2586","Bacteria","Firmicutes","Clostridia","Lachnospirales","Lachnospiraceae","Anaerostipes","hadrus","Anaerostipes hadrus","Anaerostipes hadrus ASV2586","Synthetic demo taxonomy in DADA2-compatible format; replace before biological interpretation"
"ASV2587","Bacteria","Firmicutes","Clostridia","Lachnospirales","Lachnospiraceae","Dorea","longicatena","Dorea longicatena","Dorea longicatena ASV2587","Synthetic demo taxonomy in DADA2-compatible format; replace before biological interpretation"
"ASV2590","Archaea","Methanobacteriota","Methanobacteria","Methanobacteriales","Methanobacteriaceae","Methanobrevibacter","smithii","Methanobrevibacter smithii","Methanobrevibacter smithii ASV2590","Synthetic demo taxonomy in DADA2-compatible format; replace before biological interpretation"
"ASV2601","Bacteria","Firmicutes","Clostridia","Christensenellales","Christensenellaceae","Christensenella","minuta","Christensenella minuta","Christensenella minuta ASV2601","Synthetic demo taxonomy in DADA2-compatible format; replace before biological interpretation"
"ASV2608","Bacteria","Bacteroidota","Bacteroidia","Bacteroidales","Bacteroidaceae","Bacteroides","vulgatus","Bacteroides vulgatus","Bacteroides vulgatus ASV2608","Synthetic demo taxonomy in DADA2-compatible format; replace before biological interpretation"
"ASV2613","Bacteria","Bacteroidota","Bacteroidia","Bacteroidales","Prevotellaceae","Prevotella","copri","Prevotella copri","Prevotella copri ASV2613","Synthetic demo taxonomy in DADA2-compatible format; replace before biological interpretation"
"ASV2614","Bacteria","Firmicutes","Clostridia","Oscillospirales","Ruminococcaceae","Faecalibacterium","prausnitzii","Faecalibacterium prausnitzii","Faecalibacterium prausnitzii ASV2614","Synthetic demo taxonomy in DADA2-compatible format; replace before biological interpretation"
"ASV2619","Bacteria","Firmicutes","Clostridia","Lachnospirales","Lachnospiraceae","Roseburia","intestinalis","Roseburia intestinalis","Roseburia intestinalis ASV2619","Synthetic demo taxonomy in DADA2-compatible format; replace before biological interpretation"
"ASV2620","Bacteria","Firmicutes","Clostridia","Lachnospirales","Lachnospiraceae","Blautia","obeum","Blautia obeum","Blautia obeum ASV2620","Synthetic demo taxonomy in DADA2-compatible format; replace before biological interpretation"
"ASV2665","Bacteria","Firmicutes","Clostridia","Oscillospirales","Ruminococcaceae","Ruminococcus","bromii","Ruminococcus bromii","Ruminococcus bromii ASV2665","Synthetic demo taxonomy in DADA2-compatible format; replace before biological interpretation"
"ASV2672","Bacteria","Verrucomicrobiota","Verrucomicrobiae","Verrucomicrobiales","Akkermansiaceae","Akkermansia","muciniphila","Akkermansia muciniphila","Akkermansia muciniphila ASV2672","Synthetic demo taxonomy in DADA2-compatible format; replace before biological interpretation"
"ASV2673","Bacteria","Actinobacteriota","Actinobacteria","Bifidobacteriales","Bifidobacteriaceae","Bifidobacterium","longum","Bifidobacterium longum","Bifidobacterium longum ASV2673","Synthetic demo taxonomy in DADA2-compatible format; replace before biological interpretation"
"ASV2676","Bacteria","Proteobacteria","Gammaproteobacteria","Enterobacterales","Enterobacteriaceae","Escherichia","coli","Escherichia coli","Escherichia coli ASV2676","Synthetic demo taxonomy in DADA2-compatible format; replace before biological interpretation"
"ASV2678","Bacteria","Proteobacteria","Gammaproteobacteria","Enterobacterales","Enterobacteriaceae","Klebsiella","pneumoniae","Klebsiella pneumoniae","Klebsiella pneumoniae ASV2678","Synthetic demo taxonomy in DADA2-compatible format; replace before biological interpretation"
"ASV2692","Bacteria","Firmicutes","Bacilli","Lactobacillales","Enterococcaceae","Enterococcus","faecalis","Enterococcus faecalis","Enterococcus faecalis ASV2692","Synthetic demo taxonomy in DADA2-compatible format; replace before biological interpretation"
"ASV2699","Bacteria","Firmicutes","Bacilli","Lactobacillales","Lactobacillaceae","Lactobacillus","gasseri","Lactobacillus gasseri","Lactobacillus gasseri ASV2699","Synthetic demo taxonomy in DADA2-compatible format; replace before biological interpretation"
"ASV2712","Bacteria","Firmicutes","Bacilli","Lactobacillales","Streptococcaceae","Streptococcus","salivarius","Streptococcus salivarius","Streptococcus salivarius ASV2712","Synthetic demo taxonomy in DADA2-compatible format; replace before biological interpretation"
"ASV2745","Bacteria","Firmicutes","Negativicutes","Veillonellales","Veillonellaceae","Veillonella","parvula","Veillonella parvula","Veillonella parvula ASV2745","Synthetic demo taxonomy in DADA2-compatible format; replace before biological interpretation"
"ASV2757","Bacteria","Fusobacteriota","Fusobacteriia","Fusobacteriales","Fusobacteriaceae","Fusobacterium","nucleatum","Fusobacterium nucleatum","Fusobacterium nucleatum ASV2757","Synthetic demo taxonomy in DADA2-compatible format; replace before biological interpretation"
"ASV2776","Bacteria","Bacteroidota","Bacteroidia","Bacteroidales","Rikenellaceae","Alistipes","putredinis","Alistipes putredinis","Alistipes putredinis ASV2776","Synthetic demo taxonomy in DADA2-compatible format; replace before biological interpretation"
"ASV2789","Bacteria","Bacteroidota","Bacteroidia","Bacteroidales","Tannerellaceae","Parabacteroides","distasonis","Parabacteroides distasonis","Parabacteroides distasonis ASV2789","Synthetic demo taxonomy in DADA2-compatible format; replace before biological interpretation"
"ASV2800","Bacteria","Actinobacteriota","Coriobacteriia","Coriobacteriales","Coriobacteriaceae","Collinsella","aerofaciens","Collinsella aerofaciens","Collinsella aerofaciens ASV2800","Synthetic demo taxonomy in DADA2-compatible format; replace before biological interpretation"
"ASV2803","Bacteria","Firmicutes","Clostridia","Lachnospirales","Lachnospiraceae","Coprococcus","comes","Coprococcus comes","Coprococcus comes ASV2803","Synthetic demo taxonomy in DADA2-compatible format; replace before biological interpretation"
"ASV2804","Bacteria","Firmicutes","Clostridia","Lachnospirales","Lachnospiraceae","Eubacterium","rectale","Eubacterium rectale","Eubacterium rectale ASV2804","Synthetic demo taxonomy in DADA2-compatible format; replace before biological interpretation"
"ASV2805","Bacteria","Firmicutes","Clostridia","Lachnospirales","Lachnospiraceae","Anaerostipes","hadrus","Anaerostipes hadrus","Anaerostipes hadrus ASV2805","Synthetic demo taxonomy in DADA2-compatible format; replace before biological interpretation"
"ASV2833","Bacteria","Firmicutes","Clostridia","Lachnospirales","Lachnospiraceae","Dorea","longicatena","Dorea longicatena","Dorea longicatena ASV2833","Synthetic demo taxonomy in DADA2-compatible format; replace before biological interpretation"
"ASV2834","Archaea","Methanobacteriota","Methanobacteria","Methanobacteriales","Methanobacteriaceae","Methanobrevibacter","smithii","Methanobrevibacter smithii","Methanobrevibacter smithii ASV2834","Synthetic demo taxonomy in DADA2-compatible format; replace before biological interpretation"
"ASV2838","Bacteria","Firmicutes","Clostridia","Christensenellales","Christensenellaceae","Christensenella","minuta","Christensenella minuta","Christensenella minuta ASV2838","Synthetic demo taxonomy in DADA2-compatible format; replace before biological interpretation"
"ASV2842","Bacteria","Bacteroidota","Bacteroidia","Bacteroidales","Bacteroidaceae","Bacteroides","vulgatus","Bacteroides vulgatus","Bacteroides vulgatus ASV2842","Synthetic demo taxonomy in DADA2-compatible format; replace before biological interpretation"
"ASV2853","Bacteria","Bacteroidota","Bacteroidia","Bacteroidales","Prevotellaceae","Prevotella","copri","Prevotella copri","Prevotella copri ASV2853","Synthetic demo taxonomy in DADA2-compatible format; replace before biological interpretation"
"ASV2856","Bacteria","Firmicutes","Clostridia","Oscillospirales","Ruminococcaceae","Faecalibacterium","prausnitzii","Faecalibacterium prausnitzii","Faecalibacterium prausnitzii ASV2856","Synthetic demo taxonomy in DADA2-compatible format; replace before biological interpretation"
"ASV2859","Bacteria","Firmicutes","Clostridia","Lachnospirales","Lachnospiraceae","Roseburia","intestinalis","Roseburia intestinalis","Roseburia intestinalis ASV2859","Synthetic demo taxonomy in DADA2-compatible format; replace before biological interpretation"
"ASV2860","Bacteria","Firmicutes","Clostridia","Lachnospirales","Lachnospiraceae","Blautia","obeum","Blautia obeum","Blautia obeum ASV2860","Synthetic demo taxonomy in DADA2-compatible format; replace before biological interpretation"
"ASV2865","Bacteria","Firmicutes","Clostridia","Oscillospirales","Ruminococcaceae","Ruminococcus","bromii","Ruminococcus bromii","Ruminococcus bromii ASV2865","Synthetic demo taxonomy in DADA2-compatible format; replace before biological interpretation"
"ASV2866","Bacteria","Verrucomicrobiota","Verrucomicrobiae","Verrucomicrobiales","Akkermansiaceae","Akkermansia","muciniphila","Akkermansia muciniphila","Akkermansia muciniphila ASV2866","Synthetic demo taxonomy in DADA2-compatible format; replace before biological interpretation"
"ASV2870","Bacteria","Actinobacteriota","Actinobacteria","Bifidobacteriales","Bifidobacteriaceae","Bifidobacterium","longum","Bifidobacterium longum","Bifidobacterium longum ASV2870","Synthetic demo taxonomy in DADA2-compatible format; replace before biological interpretation"
"ASV2877","Bacteria","Proteobacteria","Gammaproteobacteria","Enterobacterales","Enterobacteriaceae","Escherichia","coli","Escherichia coli","Escherichia coli ASV2877","Synthetic demo taxonomy in DADA2-compatible format; replace before biological interpretation"
"ASV2878","Bacteria","Proteobacteria","Gammaproteobacteria","Enterobacterales","Enterobacteriaceae","Klebsiella","pneumoniae","Klebsiella pneumoniae","Klebsiella pneumoniae ASV2878","Synthetic demo taxonomy in DADA2-compatible format; replace before biological interpretation"
"ASV2885","Bacteria","Firmicutes","Bacilli","Lactobacillales","Enterococcaceae","Enterococcus","faecalis","Enterococcus faecalis","Enterococcus faecalis ASV2885","Synthetic demo taxonomy in DADA2-compatible format; replace before biological interpretation"
"ASV2889","Bacteria","Firmicutes","Bacilli","Lactobacillales","Lactobacillaceae","Lactobacillus","gasseri","Lactobacillus gasseri","Lactobacillus gasseri ASV2889","Synthetic demo taxonomy in DADA2-compatible format; replace before biological interpretation"
"ASV2894","Bacteria","Firmicutes","Bacilli","Lactobacillales","Streptococcaceae","Streptococcus","salivarius","Streptococcus salivarius","Streptococcus salivarius ASV2894","Synthetic demo taxonomy in DADA2-compatible format; replace before biological interpretation"
"ASV2897","Bacteria","Firmicutes","Negativicutes","Veillonellales","Veillonellaceae","Veillonella","parvula","Veillonella parvula","Veillonella parvula ASV2897","Synthetic demo taxonomy in DADA2-compatible format; replace before biological interpretation"
"ASV2899","Bacteria","Fusobacteriota","Fusobacteriia","Fusobacteriales","Fusobacteriaceae","Fusobacterium","nucleatum","Fusobacterium nucleatum","Fusobacterium nucleatum ASV2899","Synthetic demo taxonomy in DADA2-compatible format; replace before biological interpretation"
"ASV2931","Bacteria","Bacteroidota","Bacteroidia","Bacteroidales","Rikenellaceae","Alistipes","putredinis","Alistipes putredinis","Alistipes putredinis ASV2931","Synthetic demo taxonomy in DADA2-compatible format; replace before biological interpretation"
"ASV2934","Bacteria","Bacteroidota","Bacteroidia","Bacteroidales","Tannerellaceae","Parabacteroides","distasonis","Parabacteroides distasonis","Parabacteroides distasonis ASV2934","Synthetic demo taxonomy in DADA2-compatible format; replace before biological interpretation"
"ASV2942","Bacteria","Actinobacteriota","Coriobacteriia","Coriobacteriales","Coriobacteriaceae","Collinsella","aerofaciens","Collinsella aerofaciens","Collinsella aerofaciens ASV2942","Synthetic demo taxonomy in DADA2-compatible format; replace before biological interpretation"
"ASV2971","Bacteria","Firmicutes","Clostridia","Lachnospirales","Lachnospiraceae","Coprococcus","comes","Coprococcus comes","Coprococcus comes ASV2971","Synthetic demo taxonomy in DADA2-compatible format; replace before biological interpretation"
"ASV2972","Bacteria","Firmicutes","Clostridia","Lachnospirales","Lachnospiraceae","Eubacterium","rectale","Eubacterium rectale","Eubacterium rectale ASV2972","Synthetic demo taxonomy in DADA2-compatible format; replace before biological interpretation"
"ASV2976","Bacteria","Firmicutes","Clostridia","Lachnospirales","Lachnospiraceae","Anaerostipes","hadrus","Anaerostipes hadrus","Anaerostipes hadrus ASV2976","Synthetic demo taxonomy in DADA2-compatible format; replace before biological interpretation"
"ASV2978","Bacteria","Firmicutes","Clostridia","Lachnospirales","Lachnospiraceae","Dorea","longicatena","Dorea longicatena","Dorea longicatena ASV2978","Synthetic demo taxonomy in DADA2-compatible format; replace before biological interpretation"
"ASV2983","Archaea","Methanobacteriota","Methanobacteria","Methanobacteriales","Methanobacteriaceae","Methanobrevibacter","smithii","Methanobrevibacter smithii","Methanobrevibacter smithii ASV2983","Synthetic demo taxonomy in DADA2-compatible format; replace before biological interpretation"
"ASV2991","Bacteria","Firmicutes","Clostridia","Christensenellales","Christensenellaceae","Christensenella","minuta","Christensenella minuta","Christensenella minuta ASV2991","Synthetic demo taxonomy in DADA2-compatible format; replace before biological interpretation"
"ASV2992","Bacteria","Bacteroidota","Bacteroidia","Bacteroidales","Bacteroidaceae","Bacteroides","vulgatus","Bacteroides vulgatus","Bacteroides vulgatus ASV2992","Synthetic demo taxonomy in DADA2-compatible format; replace before biological interpretation"
"ASV2997","Bacteria","Bacteroidota","Bacteroidia","Bacteroidales","Prevotellaceae","Prevotella","copri","Prevotella copri","Prevotella copri ASV2997","Synthetic demo taxonomy in DADA2-compatible format; replace before biological interpretation"
"ASV3007","Bacteria","Firmicutes","Clostridia","Oscillospirales","Ruminococcaceae","Faecalibacterium","prausnitzii","Faecalibacterium prausnitzii","Faecalibacterium prausnitzii ASV3007","Synthetic demo taxonomy in DADA2-compatible format; replace before biological interpretation"
"ASV3031","Bacteria","Firmicutes","Clostridia","Lachnospirales","Lachnospiraceae","Roseburia","intestinalis","Roseburia intestinalis","Roseburia intestinalis ASV3031","Synthetic demo taxonomy in DADA2-compatible format; replace before biological interpretation"
"ASV3037","Bacteria","Firmicutes","Clostridia","Lachnospirales","Lachnospiraceae","Blautia","obeum","Blautia obeum","Blautia obeum ASV3037","Synthetic demo taxonomy in DADA2-compatible format; replace before biological interpretation"
"ASV3046","Bacteria","Firmicutes","Clostridia","Oscillospirales","Ruminococcaceae","Ruminococcus","bromii","Ruminococcus bromii","Ruminococcus bromii ASV3046","Synthetic demo taxonomy in DADA2-compatible format; replace before biological interpretation"
"ASV3060","Bacteria","Verrucomicrobiota","Verrucomicrobiae","Verrucomicrobiales","Akkermansiaceae","Akkermansia","muciniphila","Akkermansia muciniphila","Akkermansia muciniphila ASV3060","Synthetic demo taxonomy in DADA2-compatible format; replace before biological interpretation"
"ASV3061","Bacteria","Actinobacteriota","Actinobacteria","Bifidobacteriales","Bifidobacteriaceae","Bifidobacterium","longum","Bifidobacterium longum","Bifidobacterium longum ASV3061","Synthetic demo taxonomy in DADA2-compatible format; replace before biological interpretation"
"ASV3075","Bacteria","Proteobacteria","Gammaproteobacteria","Enterobacterales","Enterobacteriaceae","Escherichia","coli","Escherichia coli","Escherichia coli ASV3075","Synthetic demo taxonomy in DADA2-compatible format; replace before biological interpretation"
"ASV3095","Bacteria","Proteobacteria","Gammaproteobacteria","Enterobacterales","Enterobacteriaceae","Klebsiella","pneumoniae","Klebsiella pneumoniae","Klebsiella pneumoniae ASV3095","Synthetic demo taxonomy in DADA2-compatible format; replace before biological interpretation"
"ASV3112","Bacteria","Firmicutes","Bacilli","Lactobacillales","Enterococcaceae","Enterococcus","faecalis","Enterococcus faecalis","Enterococcus faecalis ASV3112","Synthetic demo taxonomy in DADA2-compatible format; replace before biological interpretation"
"ASV3122","Bacteria","Firmicutes","Bacilli","Lactobacillales","Lactobacillaceae","Lactobacillus","gasseri","Lactobacillus gasseri","Lactobacillus gasseri ASV3122","Synthetic demo taxonomy in DADA2-compatible format; replace before biological interpretation"
"ASV3128","Bacteria","Firmicutes","Bacilli","Lactobacillales","Streptococcaceae","Streptococcus","salivarius","Streptococcus salivarius","Streptococcus salivarius ASV3128","Synthetic demo taxonomy in DADA2-compatible format; replace before biological interpretation"
"ASV3147","Bacteria","Firmicutes","Negativicutes","Veillonellales","Veillonellaceae","Veillonella","parvula","Veillonella parvula","Veillonella parvula ASV3147","Synthetic demo taxonomy in DADA2-compatible format; replace before biological interpretation"
"ASV3148","Bacteria","Fusobacteriota","Fusobacteriia","Fusobacteriales","Fusobacteriaceae","Fusobacterium","nucleatum","Fusobacterium nucleatum","Fusobacterium nucleatum ASV3148","Synthetic demo taxonomy in DADA2-compatible format; replace before biological interpretation"
"ASV3176","Bacteria","Bacteroidota","Bacteroidia","Bacteroidales","Rikenellaceae","Alistipes","putredinis","Alistipes putredinis","Alistipes putredinis ASV3176","Synthetic demo taxonomy in DADA2-compatible format; replace before biological interpretation"
"ASV3179","Bacteria","Bacteroidota","Bacteroidia","Bacteroidales","Tannerellaceae","Parabacteroides","distasonis","Parabacteroides distasonis","Parabacteroides distasonis ASV3179","Synthetic demo taxonomy in DADA2-compatible format; replace before biological interpretation"
"ASV3180","Bacteria","Actinobacteriota","Coriobacteriia","Coriobacteriales","Coriobacteriaceae","Collinsella","aerofaciens","Collinsella aerofaciens","Collinsella aerofaciens ASV3180","Synthetic demo taxonomy in DADA2-compatible format; replace before biological interpretation"
"ASV3181","Bacteria","Firmicutes","Clostridia","Lachnospirales","Lachnospiraceae","Coprococcus","comes","Coprococcus comes","Coprococcus comes ASV3181","Synthetic demo taxonomy in DADA2-compatible format; replace before biological interpretation"
"ASV3183","Bacteria","Firmicutes","Clostridia","Lachnospirales","Lachnospiraceae","Eubacterium","rectale","Eubacterium rectale","Eubacterium rectale ASV3183","Synthetic demo taxonomy in DADA2-compatible format; replace before biological interpretation"
"ASV3184","Bacteria","Firmicutes","Clostridia","Lachnospirales","Lachnospiraceae","Anaerostipes","hadrus","Anaerostipes hadrus","Anaerostipes hadrus ASV3184","Synthetic demo taxonomy in DADA2-compatible format; replace before biological interpretation"
"ASV3189","Bacteria","Firmicutes","Clostridia","Lachnospirales","Lachnospiraceae","Dorea","longicatena","Dorea longicatena","Dorea longicatena ASV3189","Synthetic demo taxonomy in DADA2-compatible format; replace before biological interpretation"
"ASV3193","Archaea","Methanobacteriota","Methanobacteria","Methanobacteriales","Methanobacteriaceae","Methanobrevibacter","smithii","Methanobrevibacter smithii","Methanobrevibacter smithii ASV3193","Synthetic demo taxonomy in DADA2-compatible format; replace before biological interpretation"
"ASV3197","Bacteria","Firmicutes","Clostridia","Christensenellales","Christensenellaceae","Christensenella","minuta","Christensenella minuta","Christensenella minuta ASV3197","Synthetic demo taxonomy in DADA2-compatible format; replace before biological interpretation"
"ASV3203","Bacteria","Bacteroidota","Bacteroidia","Bacteroidales","Bacteroidaceae","Bacteroides","vulgatus","Bacteroides vulgatus","Bacteroides vulgatus ASV3203","Synthetic demo taxonomy in DADA2-compatible format; replace before biological interpretation"
"ASV3204","Bacteria","Bacteroidota","Bacteroidia","Bacteroidales","Prevotellaceae","Prevotella","copri","Prevotella copri","Prevotella copri ASV3204","Synthetic demo taxonomy in DADA2-compatible format; replace before biological interpretation"
"ASV3211","Bacteria","Firmicutes","Clostridia","Oscillospirales","Ruminococcaceae","Faecalibacterium","prausnitzii","Faecalibacterium prausnitzii","Faecalibacterium prausnitzii ASV3211","Synthetic demo taxonomy in DADA2-compatible format; replace before biological interpretation"
"ASV3215","Bacteria","Firmicutes","Clostridia","Lachnospirales","Lachnospiraceae","Roseburia","intestinalis","Roseburia intestinalis","Roseburia intestinalis ASV3215","Synthetic demo taxonomy in DADA2-compatible format; replace before biological interpretation"
"ASV3237","Bacteria","Firmicutes","Clostridia","Lachnospirales","Lachnospiraceae","Blautia","obeum","Blautia obeum","Blautia obeum ASV3237","Synthetic demo taxonomy in DADA2-compatible format; replace before biological interpretation"
"ASV3238","Bacteria","Firmicutes","Clostridia","Oscillospirales","Ruminococcaceae","Ruminococcus","bromii","Ruminococcus bromii","Ruminococcus bromii ASV3238","Synthetic demo taxonomy in DADA2-compatible format; replace before biological interpretation"
"ASV3263","Bacteria","Verrucomicrobiota","Verrucomicrobiae","Verrucomicrobiales","Akkermansiaceae","Akkermansia","muciniphila","Akkermansia muciniphila","Akkermansia muciniphila ASV3263","Synthetic demo taxonomy in DADA2-compatible format; replace before biological interpretation"
"ASV3269","Bacteria","Actinobacteriota","Actinobacteria","Bifidobacteriales","Bifidobacteriaceae","Bifidobacterium","longum","Bifidobacterium longum","Bifidobacterium longum ASV3269","Synthetic demo taxonomy in DADA2-compatible format; replace before biological interpretation"
"ASV3272","Bacteria","Proteobacteria","Gammaproteobacteria","Enterobacterales","Enterobacteriaceae","Escherichia","coli","Escherichia coli","Escherichia coli ASV3272","Synthetic demo taxonomy in DADA2-compatible format; replace before biological interpretation"
"ASV3274","Bacteria","Proteobacteria","Gammaproteobacteria","Enterobacterales","Enterobacteriaceae","Klebsiella","pneumoniae","Klebsiella pneumoniae","Klebsiella pneumoniae ASV3274","Synthetic demo taxonomy in DADA2-compatible format; replace before biological interpretation"
"ASV3301","Bacteria","Firmicutes","Bacilli","Lactobacillales","Enterococcaceae","Enterococcus","faecalis","Enterococcus faecalis","Enterococcus faecalis ASV3301","Synthetic demo taxonomy in DADA2-compatible format; replace before biological interpretation"
"ASV3308","Bacteria","Firmicutes","Bacilli","Lactobacillales","Lactobacillaceae","Lactobacillus","gasseri","Lactobacillus gasseri","Lactobacillus gasseri ASV3308","Synthetic demo taxonomy in DADA2-compatible format; replace before biological interpretation"
"ASV3309","Bacteria","Firmicutes","Bacilli","Lactobacillales","Streptococcaceae","Streptococcus","salivarius","Streptococcus salivarius","Streptococcus salivarius ASV3309","Synthetic demo taxonomy in DADA2-compatible format; replace before biological interpretation"
"ASV3321","Bacteria","Firmicutes","Negativicutes","Veillonellales","Veillonellaceae","Veillonella","parvula","Veillonella parvula","Veillonella parvula ASV3321","Synthetic demo taxonomy in DADA2-compatible format; replace before biological interpretation"
"ASV3329","Bacteria","Fusobacteriota","Fusobacteriia","Fusobacteriales","Fusobacteriaceae","Fusobacterium","nucleatum","Fusobacterium nucleatum","Fusobacterium nucleatum ASV3329","Synthetic demo taxonomy in DADA2-compatible format; replace before biological interpretation"
"ASV3330","Bacteria","Bacteroidota","Bacteroidia","Bacteroidales","Rikenellaceae","Alistipes","putredinis","Alistipes putredinis","Alistipes putredinis ASV3330","Synthetic demo taxonomy in DADA2-compatible format; replace before biological interpretation"
"ASV3334","Bacteria","Bacteroidota","Bacteroidia","Bacteroidales","Tannerellaceae","Parabacteroides","distasonis","Parabacteroides distasonis","Parabacteroides distasonis ASV3334","Synthetic demo taxonomy in DADA2-compatible format; replace before biological interpretation"
"ASV3348","Bacteria","Actinobacteriota","Coriobacteriia","Coriobacteriales","Coriobacteriaceae","Collinsella","aerofaciens","Collinsella aerofaciens","Collinsella aerofaciens ASV3348","Synthetic demo taxonomy in DADA2-compatible format; replace before biological interpretation"
"ASV3349","Bacteria","Firmicutes","Clostridia","Lachnospirales","Lachnospiraceae","Coprococcus","comes","Coprococcus comes","Coprococcus comes ASV3349","Synthetic demo taxonomy in DADA2-compatible format; replace before biological interpretation"
"ASV3356","Bacteria","Firmicutes","Clostridia","Lachnospirales","Lachnospiraceae","Eubacterium","rectale","Eubacterium rectale","Eubacterium rectale ASV3356","Synthetic demo taxonomy in DADA2-compatible format; replace before biological interpretation"
"ASV3361","Bacteria","Firmicutes","Clostridia","Lachnospirales","Lachnospiraceae","Anaerostipes","hadrus","Anaerostipes hadrus","Anaerostipes hadrus ASV3361","Synthetic demo taxonomy in DADA2-compatible format; replace before biological interpretation"
"ASV3379","Bacteria","Firmicutes","Clostridia","Lachnospirales","Lachnospiraceae","Dorea","longicatena","Dorea longicatena","Dorea longicatena ASV3379","Synthetic demo taxonomy in DADA2-compatible format; replace before biological interpretation"
"ASV3381","Archaea","Methanobacteriota","Methanobacteria","Methanobacteriales","Methanobacteriaceae","Methanobrevibacter","smithii","Methanobrevibacter smithii","Methanobrevibacter smithii ASV3381","Synthetic demo taxonomy in DADA2-compatible format; replace before biological interpretation"
"ASV3390","Bacteria","Firmicutes","Clostridia","Christensenellales","Christensenellaceae","Christensenella","minuta","Christensenella minuta","Christensenella minuta ASV3390","Synthetic demo taxonomy in DADA2-compatible format; replace before biological interpretation"
"ASV3401","Bacteria","Bacteroidota","Bacteroidia","Bacteroidales","Bacteroidaceae","Bacteroides","vulgatus","Bacteroides vulgatus","Bacteroides vulgatus ASV3401","Synthetic demo taxonomy in DADA2-compatible format; replace before biological interpretation"
"ASV3403","Bacteria","Bacteroidota","Bacteroidia","Bacteroidales","Prevotellaceae","Prevotella","copri","Prevotella copri","Prevotella copri ASV3403","Synthetic demo taxonomy in DADA2-compatible format; replace before biological interpretation"
"ASV3427","Bacteria","Firmicutes","Clostridia","Oscillospirales","Ruminococcaceae","Faecalibacterium","prausnitzii","Faecalibacterium prausnitzii","Faecalibacterium prausnitzii ASV3427","Synthetic demo taxonomy in DADA2-compatible format; replace before biological interpretation"
"ASV3434","Bacteria","Firmicutes","Clostridia","Lachnospirales","Lachnospiraceae","Roseburia","intestinalis","Roseburia intestinalis","Roseburia intestinalis ASV3434","Synthetic demo taxonomy in DADA2-compatible format; replace before biological interpretation"
"ASV3451","Bacteria","Firmicutes","Clostridia","Lachnospirales","Lachnospiraceae","Blautia","obeum","Blautia obeum","Blautia obeum ASV3451","Synthetic demo taxonomy in DADA2-compatible format; replace before biological interpretation"
"ASV3472","Bacteria","Firmicutes","Clostridia","Oscillospirales","Ruminococcaceae","Ruminococcus","bromii","Ruminococcus bromii","Ruminococcus bromii ASV3472","Synthetic demo taxonomy in DADA2-compatible format; replace before biological interpretation"
"ASV3477","Bacteria","Verrucomicrobiota","Verrucomicrobiae","Verrucomicrobiales","Akkermansiaceae","Akkermansia","muciniphila","Akkermansia muciniphila","Akkermansia muciniphila ASV3477","Synthetic demo taxonomy in DADA2-compatible format; replace before biological interpretation"
"ASV3486","Bacteria","Actinobacteriota","Actinobacteria","Bifidobacteriales","Bifidobacteriaceae","Bifidobacterium","longum","Bifidobacterium longum","Bifidobacterium longum ASV3486","Synthetic demo taxonomy in DADA2-compatible format; replace before biological interpretation"
"ASV3487","Bacteria","Proteobacteria","Gammaproteobacteria","Enterobacterales","Enterobacteriaceae","Escherichia","coli","Escherichia coli","Escherichia coli ASV3487","Synthetic demo taxonomy in DADA2-compatible format; replace before biological interpretation"
"ASV3509","Bacteria","Proteobacteria","Gammaproteobacteria","Enterobacterales","Enterobacteriaceae","Klebsiella","pneumoniae","Klebsiella pneumoniae","Klebsiella pneumoniae ASV3509","Synthetic demo taxonomy in DADA2-compatible format; replace before biological interpretation"
"ASV3510","Bacteria","Firmicutes","Bacilli","Lactobacillales","Enterococcaceae","Enterococcus","faecalis","Enterococcus faecalis","Enterococcus faecalis ASV3510","Synthetic demo taxonomy in DADA2-compatible format; replace before biological interpretation"
"ASV3523","Bacteria","Firmicutes","Bacilli","Lactobacillales","Lactobacillaceae","Lactobacillus","gasseri","Lactobacillus gasseri","Lactobacillus gasseri ASV3523","Synthetic demo taxonomy in DADA2-compatible format; replace before biological interpretation"
"ASV3532","Bacteria","Firmicutes","Bacilli","Lactobacillales","Streptococcaceae","Streptococcus","salivarius","Streptococcus salivarius","Streptococcus salivarius ASV3532","Synthetic demo taxonomy in DADA2-compatible format; replace before biological interpretation"
"ASV3554","Bacteria","Firmicutes","Negativicutes","Veillonellales","Veillonellaceae","Veillonella","parvula","Veillonella parvula","Veillonella parvula ASV3554","Synthetic demo taxonomy in DADA2-compatible format; replace before biological interpretation"
"ASV3555","Bacteria","Fusobacteriota","Fusobacteriia","Fusobacteriales","Fusobacteriaceae","Fusobacterium","nucleatum","Fusobacterium nucleatum","Fusobacterium nucleatum ASV3555","Synthetic demo taxonomy in DADA2-compatible format; replace before biological interpretation"
"ASV3556","Bacteria","Bacteroidota","Bacteroidia","Bacteroidales","Rikenellaceae","Alistipes","putredinis","Alistipes putredinis","Alistipes putredinis ASV3556","Synthetic demo taxonomy in DADA2-compatible format; replace before biological interpretation"
"ASV3574","Bacteria","Bacteroidota","Bacteroidia","Bacteroidales","Tannerellaceae","Parabacteroides","distasonis","Parabacteroides distasonis","Parabacteroides distasonis ASV3574","Synthetic demo taxonomy in DADA2-compatible format; replace before biological interpretation"
"ASV3575","Bacteria","Actinobacteriota","Coriobacteriia","Coriobacteriales","Coriobacteriaceae","Collinsella","aerofaciens","Collinsella aerofaciens","Collinsella aerofaciens ASV3575","Synthetic demo taxonomy in DADA2-compatible format; replace before biological interpretation"
"ASV3582","Bacteria","Firmicutes","Clostridia","Lachnospirales","Lachnospiraceae","Coprococcus","comes","Coprococcus comes","Coprococcus comes ASV3582","Synthetic demo taxonomy in DADA2-compatible format; replace before biological interpretation"
"ASV3583","Bacteria","Firmicutes","Clostridia","Lachnospirales","Lachnospiraceae","Eubacterium","rectale","Eubacterium rectale","Eubacterium rectale ASV3583","Synthetic demo taxonomy in DADA2-compatible format; replace before biological interpretation"
"ASV3588","Bacteria","Firmicutes","Clostridia","Lachnospirales","Lachnospiraceae","Anaerostipes","hadrus","Anaerostipes hadrus","Anaerostipes hadrus ASV3588","Synthetic demo taxonomy in DADA2-compatible format; replace before biological interpretation"
"ASV3591","Bacteria","Firmicutes","Clostridia","Lachnospirales","Lachnospiraceae","Dorea","longicatena","Dorea longicatena","Dorea longicatena ASV3591","Synthetic demo taxonomy in DADA2-compatible format; replace before biological interpretation"
"ASV3604","Archaea","Methanobacteriota","Methanobacteria","Methanobacteriales","Methanobacteriaceae","Methanobrevibacter","smithii","Methanobrevibacter smithii","Methanobrevibacter smithii ASV3604","Synthetic demo taxonomy in DADA2-compatible format; replace before biological interpretation"
"ASV3609","Bacteria","Firmicutes","Clostridia","Christensenellales","Christensenellaceae","Christensenella","minuta","Christensenella minuta","Christensenella minuta ASV3609","Synthetic demo taxonomy in DADA2-compatible format; replace before biological interpretation"
"ASV3626","Bacteria","Bacteroidota","Bacteroidia","Bacteroidales","Bacteroidaceae","Bacteroides","vulgatus","Bacteroides vulgatus","Bacteroides vulgatus ASV3626","Synthetic demo taxonomy in DADA2-compatible format; replace before biological interpretation"
"ASV3627","Bacteria","Bacteroidota","Bacteroidia","Bacteroidales","Prevotellaceae","Prevotella","copri","Prevotella copri","Prevotella copri ASV3627","Synthetic demo taxonomy in DADA2-compatible format; replace before biological interpretation"
"ASV3632","Bacteria","Firmicutes","Clostridia","Oscillospirales","Ruminococcaceae","Faecalibacterium","prausnitzii","Faecalibacterium prausnitzii","Faecalibacterium prausnitzii ASV3632","Synthetic demo taxonomy in DADA2-compatible format; replace before biological interpretation"
"ASV3639","Bacteria","Firmicutes","Clostridia","Lachnospirales","Lachnospiraceae","Roseburia","intestinalis","Roseburia intestinalis","Roseburia intestinalis ASV3639","Synthetic demo taxonomy in DADA2-compatible format; replace before biological interpretation"
"ASV3644","Bacteria","Firmicutes","Clostridia","Lachnospirales","Lachnospiraceae","Blautia","obeum","Blautia obeum","Blautia obeum ASV3644","Synthetic demo taxonomy in DADA2-compatible format; replace before biological interpretation"
"ASV3656","Bacteria","Firmicutes","Clostridia","Oscillospirales","Ruminococcaceae","Ruminococcus","bromii","Ruminococcus bromii","Ruminococcus bromii ASV3656","Synthetic demo taxonomy in DADA2-compatible format; replace before biological interpretation"
"ASV3657","Bacteria","Verrucomicrobiota","Verrucomicrobiae","Verrucomicrobiales","Akkermansiaceae","Akkermansia","muciniphila","Akkermansia muciniphila","Akkermansia muciniphila ASV3657","Synthetic demo taxonomy in DADA2-compatible format; replace before biological interpretation"
"ASV3686","Bacteria","Actinobacteriota","Actinobacteria","Bifidobacteriales","Bifidobacteriaceae","Bifidobacterium","longum","Bifidobacterium longum","Bifidobacterium longum ASV3686","Synthetic demo taxonomy in DADA2-compatible format; replace before biological interpretation"
"ASV3687","Bacteria","Proteobacteria","Gammaproteobacteria","Enterobacterales","Enterobacteriaceae","Escherichia","coli","Escherichia coli","Escherichia coli ASV3687","Synthetic demo taxonomy in DADA2-compatible format; replace before biological interpretation"
"ASV3701","Bacteria","Proteobacteria","Gammaproteobacteria","Enterobacterales","Enterobacteriaceae","Klebsiella","pneumoniae","Klebsiella pneumoniae","Klebsiella pneumoniae ASV3701","Synthetic demo taxonomy in DADA2-compatible format; replace before biological interpretation"
"ASV3702","Bacteria","Firmicutes","Bacilli","Lactobacillales","Enterococcaceae","Enterococcus","faecalis","Enterococcus faecalis","Enterococcus faecalis ASV3702","Synthetic demo taxonomy in DADA2-compatible format; replace before biological interpretation"
"ASV3708","Bacteria","Firmicutes","Bacilli","Lactobacillales","Lactobacillaceae","Lactobacillus","gasseri","Lactobacillus gasseri","Lactobacillus gasseri ASV3708","Synthetic demo taxonomy in DADA2-compatible format; replace before biological interpretation"
"ASV3709","Bacteria","Firmicutes","Bacilli","Lactobacillales","Streptococcaceae","Streptococcus","salivarius","Streptococcus salivarius","Streptococcus salivarius ASV3709","Synthetic demo taxonomy in DADA2-compatible format; replace before biological interpretation"
"ASV3730","Bacteria","Firmicutes","Negativicutes","Veillonellales","Veillonellaceae","Veillonella","parvula","Veillonella parvula","Veillonella parvula ASV3730","Synthetic demo taxonomy in DADA2-compatible format; replace before biological interpretation"
"ASV3731","Bacteria","Fusobacteriota","Fusobacteriia","Fusobacteriales","Fusobacteriaceae","Fusobacterium","nucleatum","Fusobacterium nucleatum","Fusobacterium nucleatum ASV3731","Synthetic demo taxonomy in DADA2-compatible format; replace before biological interpretation"
"ASV3780","Bacteria","Bacteroidota","Bacteroidia","Bacteroidales","Rikenellaceae","Alistipes","putredinis","Alistipes putredinis","Alistipes putredinis ASV3780","Synthetic demo taxonomy in DADA2-compatible format; replace before biological interpretation"
"ASV3791","Bacteria","Bacteroidota","Bacteroidia","Bacteroidales","Tannerellaceae","Parabacteroides","distasonis","Parabacteroides distasonis","Parabacteroides distasonis ASV3791","Synthetic demo taxonomy in DADA2-compatible format; replace before biological interpretation"
"ASV3823","Bacteria","Actinobacteriota","Coriobacteriia","Coriobacteriales","Coriobacteriaceae","Collinsella","aerofaciens","Collinsella aerofaciens","Collinsella aerofaciens ASV3823","Synthetic demo taxonomy in DADA2-compatible format; replace before biological interpretation"
"ASV3845","Bacteria","Firmicutes","Clostridia","Lachnospirales","Lachnospiraceae","Coprococcus","comes","Coprococcus comes","Coprococcus comes ASV3845","Synthetic demo taxonomy in DADA2-compatible format; replace before biological interpretation"
"ASV3854","Bacteria","Firmicutes","Clostridia","Lachnospirales","Lachnospiraceae","Eubacterium","rectale","Eubacterium rectale","Eubacterium rectale ASV3854","Synthetic demo taxonomy in DADA2-compatible format; replace before biological interpretation"
"ASV3864","Bacteria","Firmicutes","Clostridia","Lachnospirales","Lachnospiraceae","Anaerostipes","hadrus","Anaerostipes hadrus","Anaerostipes hadrus ASV3864","Synthetic demo taxonomy in DADA2-compatible format; replace before biological interpretation"
"ASV3865","Bacteria","Firmicutes","Clostridia","Lachnospirales","Lachnospiraceae","Dorea","longicatena","Dorea longicatena","Dorea longicatena ASV3865","Synthetic demo taxonomy in DADA2-compatible format; replace before biological interpretation"
"ASV3876","Archaea","Methanobacteriota","Methanobacteria","Methanobacteriales","Methanobacteriaceae","Methanobrevibacter","smithii","Methanobrevibacter smithii","Methanobrevibacter smithii ASV3876","Synthetic demo taxonomy in DADA2-compatible format; replace before biological interpretation"
"ASV3882","Bacteria","Firmicutes","Clostridia","Christensenellales","Christensenellaceae","Christensenella","minuta","Christensenella minuta","Christensenella minuta ASV3882","Synthetic demo taxonomy in DADA2-compatible format; replace before biological interpretation"
"ASV3888","Bacteria","Bacteroidota","Bacteroidia","Bacteroidales","Bacteroidaceae","Bacteroides","vulgatus","Bacteroides vulgatus","Bacteroides vulgatus ASV3888","Synthetic demo taxonomy in DADA2-compatible format; replace before biological interpretation"
"ASV3922","Bacteria","Bacteroidota","Bacteroidia","Bacteroidales","Prevotellaceae","Prevotella","copri","Prevotella copri","Prevotella copri ASV3922","Synthetic demo taxonomy in DADA2-compatible format; replace before biological interpretation"
"ASV3949","Bacteria","Firmicutes","Clostridia","Oscillospirales","Ruminococcaceae","Faecalibacterium","prausnitzii","Faecalibacterium prausnitzii","Faecalibacterium prausnitzii ASV3949","Synthetic demo taxonomy in DADA2-compatible format; replace before biological interpretation"
"ASV3958","Bacteria","Firmicutes","Clostridia","Lachnospirales","Lachnospiraceae","Roseburia","intestinalis","Roseburia intestinalis","Roseburia intestinalis ASV3958","Synthetic demo taxonomy in DADA2-compatible format; replace before biological interpretation"
"ASV3959","Bacteria","Firmicutes","Clostridia","Lachnospirales","Lachnospiraceae","Blautia","obeum","Blautia obeum","Blautia obeum ASV3959","Synthetic demo taxonomy in DADA2-compatible format; replace before biological interpretation"
"ASV3960","Bacteria","Firmicutes","Clostridia","Oscillospirales","Ruminococcaceae","Ruminococcus","bromii","Ruminococcus bromii","Ruminococcus bromii ASV3960","Synthetic demo taxonomy in DADA2-compatible format; replace before biological interpretation"
"ASV3969","Bacteria","Verrucomicrobiota","Verrucomicrobiae","Verrucomicrobiales","Akkermansiaceae","Akkermansia","muciniphila","Akkermansia muciniphila","Akkermansia muciniphila ASV3969","Synthetic demo taxonomy in DADA2-compatible format; replace before biological interpretation"
"ASV3970","Bacteria","Actinobacteriota","Actinobacteria","Bifidobacteriales","Bifidobacteriaceae","Bifidobacterium","longum","Bifidobacterium longum","Bifidobacterium longum ASV3970","Synthetic demo taxonomy in DADA2-compatible format; replace before biological interpretation"
"ASV3981","Bacteria","Proteobacteria","Gammaproteobacteria","Enterobacterales","Enterobacteriaceae","Escherichia","coli","Escherichia coli","Escherichia coli ASV3981","Synthetic demo taxonomy in DADA2-compatible format; replace before biological interpretation"
"ASV3982","Bacteria","Proteobacteria","Gammaproteobacteria","Enterobacterales","Enterobacteriaceae","Klebsiella","pneumoniae","Klebsiella pneumoniae","Klebsiella pneumoniae ASV3982","Synthetic demo taxonomy in DADA2-compatible format; replace before biological interpretation"
"ASV3994","Bacteria","Firmicutes","Bacilli","Lactobacillales","Enterococcaceae","Enterococcus","faecalis","Enterococcus faecalis","Enterococcus faecalis ASV3994","Synthetic demo taxonomy in DADA2-compatible format; replace before biological interpretation"
"ASV4008","Bacteria","Firmicutes","Bacilli","Lactobacillales","Lactobacillaceae","Lactobacillus","gasseri","Lactobacillus gasseri","Lactobacillus gasseri ASV4008","Synthetic demo taxonomy in DADA2-compatible format; replace before biological interpretation"
"ASV4014","Bacteria","Firmicutes","Bacilli","Lactobacillales","Streptococcaceae","Streptococcus","salivarius","Streptococcus salivarius","Streptococcus salivarius ASV4014","Synthetic demo taxonomy in DADA2-compatible format; replace before biological interpretation"
"ASV4020","Bacteria","Firmicutes","Negativicutes","Veillonellales","Veillonellaceae","Veillonella","parvula","Veillonella parvula","Veillonella parvula ASV4020","Synthetic demo taxonomy in DADA2-compatible format; replace before biological interpretation"
"ASV4036","Bacteria","Fusobacteriota","Fusobacteriia","Fusobacteriales","Fusobacteriaceae","Fusobacterium","nucleatum","Fusobacterium nucleatum","Fusobacterium nucleatum ASV4036","Synthetic demo taxonomy in DADA2-compatible format; replace before biological interpretation"
"ASV4046","Bacteria","Bacteroidota","Bacteroidia","Bacteroidales","Rikenellaceae","Alistipes","putredinis","Alistipes putredinis","Alistipes putredinis ASV4046","Synthetic demo taxonomy in DADA2-compatible format; replace before biological interpretation"
"ASV4047","Bacteria","Bacteroidota","Bacteroidia","Bacteroidales","Tannerellaceae","Parabacteroides","distasonis","Parabacteroides distasonis","Parabacteroides distasonis ASV4047","Synthetic demo taxonomy in DADA2-compatible format; replace before biological interpretation"
"ASV4058","Bacteria","Actinobacteriota","Coriobacteriia","Coriobacteriales","Coriobacteriaceae","Collinsella","aerofaciens","Collinsella aerofaciens","Collinsella aerofaciens ASV4058","Synthetic demo taxonomy in DADA2-compatible format; replace before biological interpretation"
"ASV4071","Bacteria","Firmicutes","Clostridia","Lachnospirales","Lachnospiraceae","Coprococcus","comes","Coprococcus comes","Coprococcus comes ASV4071","Synthetic demo taxonomy in DADA2-compatible format; replace before biological interpretation"
"ASV4087","Bacteria","Firmicutes","Clostridia","Lachnospirales","Lachnospiraceae","Eubacterium","rectale","Eubacterium rectale","Eubacterium rectale ASV4087","Synthetic demo taxonomy in DADA2-compatible format; replace before biological interpretation"
"ASV4101","Bacteria","Firmicutes","Clostridia","Lachnospirales","Lachnospiraceae","Anaerostipes","hadrus","Anaerostipes hadrus","Anaerostipes hadrus ASV4101","Synthetic demo taxonomy in DADA2-compatible format; replace before biological interpretation"
"ASV4102","Bacteria","Firmicutes","Clostridia","Lachnospirales","Lachnospiraceae","Dorea","longicatena","Dorea longicatena","Dorea longicatena ASV4102","Synthetic demo taxonomy in DADA2-compatible format; replace before biological interpretation"
"ASV4115","Archaea","Methanobacteriota","Methanobacteria","Methanobacteriales","Methanobacteriaceae","Methanobrevibacter","smithii","Methanobrevibacter smithii","Methanobrevibacter smithii ASV4115","Synthetic demo taxonomy in DADA2-compatible format; replace before biological interpretation"
"ASV4135","Bacteria","Firmicutes","Clostridia","Christensenellales","Christensenellaceae","Christensenella","minuta","Christensenella minuta","Christensenella minuta ASV4135","Synthetic demo taxonomy in DADA2-compatible format; replace before biological interpretation"
"ASV4136","Bacteria","Bacteroidota","Bacteroidia","Bacteroidales","Bacteroidaceae","Bacteroides","vulgatus","Bacteroides vulgatus","Bacteroides vulgatus ASV4136","Synthetic demo taxonomy in DADA2-compatible format; replace before biological interpretation"
"ASV4145","Bacteria","Bacteroidota","Bacteroidia","Bacteroidales","Prevotellaceae","Prevotella","copri","Prevotella copri","Prevotella copri ASV4145","Synthetic demo taxonomy in DADA2-compatible format; replace before biological interpretation"
"ASV4161","Bacteria","Firmicutes","Clostridia","Oscillospirales","Ruminococcaceae","Faecalibacterium","prausnitzii","Faecalibacterium prausnitzii","Faecalibacterium prausnitzii ASV4161","Synthetic demo taxonomy in DADA2-compatible format; replace before biological interpretation"
"ASV4173","Bacteria","Firmicutes","Clostridia","Lachnospirales","Lachnospiraceae","Roseburia","intestinalis","Roseburia intestinalis","Roseburia intestinalis ASV4173","Synthetic demo taxonomy in DADA2-compatible format; replace before biological interpretation"
"ASV4174","Bacteria","Firmicutes","Clostridia","Lachnospirales","Lachnospiraceae","Blautia","obeum","Blautia obeum","Blautia obeum ASV4174","Synthetic demo taxonomy in DADA2-compatible format; replace before biological interpretation"
"ASV4213","Bacteria","Firmicutes","Clostridia","Oscillospirales","Ruminococcaceae","Ruminococcus","bromii","Ruminococcus bromii","Ruminococcus bromii ASV4213","Synthetic demo taxonomy in DADA2-compatible format; replace before biological interpretation"
"ASV4214","Bacteria","Verrucomicrobiota","Verrucomicrobiae","Verrucomicrobiales","Akkermansiaceae","Akkermansia","muciniphila","Akkermansia muciniphila","Akkermansia muciniphila ASV4214","Synthetic demo taxonomy in DADA2-compatible format; replace before biological interpretation"
"ASV4215","Bacteria","Actinobacteriota","Actinobacteria","Bifidobacteriales","Bifidobacteriaceae","Bifidobacterium","longum","Bifidobacterium longum","Bifidobacterium longum ASV4215","Synthetic demo taxonomy in DADA2-compatible format; replace before biological interpretation"
"ASV4221","Bacteria","Proteobacteria","Gammaproteobacteria","Enterobacterales","Enterobacteriaceae","Escherichia","coli","Escherichia coli","Escherichia coli ASV4221","Synthetic demo taxonomy in DADA2-compatible format; replace before biological interpretation"
"ASV4229","Bacteria","Proteobacteria","Gammaproteobacteria","Enterobacterales","Enterobacteriaceae","Klebsiella","pneumoniae","Klebsiella pneumoniae","Klebsiella pneumoniae ASV4229","Synthetic demo taxonomy in DADA2-compatible format; replace before biological interpretation"
"ASV4265","Bacteria","Firmicutes","Bacilli","Lactobacillales","Enterococcaceae","Enterococcus","faecalis","Enterococcus faecalis","Enterococcus faecalis ASV4265","Synthetic demo taxonomy in DADA2-compatible format; replace before biological interpretation"
"ASV4266","Bacteria","Firmicutes","Bacilli","Lactobacillales","Lactobacillaceae","Lactobacillus","gasseri","Lactobacillus gasseri","Lactobacillus gasseri ASV4266","Synthetic demo taxonomy in DADA2-compatible format; replace before biological interpretation"
"ASV4278","Bacteria","Firmicutes","Bacilli","Lactobacillales","Streptococcaceae","Streptococcus","salivarius","Streptococcus salivarius","Streptococcus salivarius ASV4278","Synthetic demo taxonomy in DADA2-compatible format; replace before biological interpretation"
"ASV4314","Bacteria","Firmicutes","Negativicutes","Veillonellales","Veillonellaceae","Veillonella","parvula","Veillonella parvula","Veillonella parvula ASV4314","Synthetic demo taxonomy in DADA2-compatible format; replace before biological interpretation"
"ASV4333","Bacteria","Fusobacteriota","Fusobacteriia","Fusobacteriales","Fusobacteriaceae","Fusobacterium","nucleatum","Fusobacterium nucleatum","Fusobacterium nucleatum ASV4333","Synthetic demo taxonomy in DADA2-compatible format; replace before biological interpretation"
"ASV4334","Bacteria","Bacteroidota","Bacteroidia","Bacteroidales","Rikenellaceae","Alistipes","putredinis","Alistipes putredinis","Alistipes putredinis ASV4334","Synthetic demo taxonomy in DADA2-compatible format; replace before biological interpretation"
"ASV4346","Bacteria","Bacteroidota","Bacteroidia","Bacteroidales","Tannerellaceae","Parabacteroides","distasonis","Parabacteroides distasonis","Parabacteroides distasonis ASV4346","Synthetic demo taxonomy in DADA2-compatible format; replace before biological interpretation"
"ASV4347","Bacteria","Actinobacteriota","Coriobacteriia","Coriobacteriales","Coriobacteriaceae","Collinsella","aerofaciens","Collinsella aerofaciens","Collinsella aerofaciens ASV4347","Synthetic demo taxonomy in DADA2-compatible format; replace before biological interpretation"
"ASV4348","Bacteria","Firmicutes","Clostridia","Lachnospirales","Lachnospiraceae","Coprococcus","comes","Coprococcus comes","Coprococcus comes ASV4348","Synthetic demo taxonomy in DADA2-compatible format; replace before biological interpretation"
"ASV4360","Bacteria","Firmicutes","Clostridia","Lachnospirales","Lachnospiraceae","Eubacterium","rectale","Eubacterium rectale","Eubacterium rectale ASV4360","Synthetic demo taxonomy in DADA2-compatible format; replace before biological interpretation"
"ASV4373","Bacteria","Firmicutes","Clostridia","Lachnospirales","Lachnospiraceae","Anaerostipes","hadrus","Anaerostipes hadrus","Anaerostipes hadrus ASV4373","Synthetic demo taxonomy in DADA2-compatible format; replace before biological interpretation"
"ASV4374","Bacteria","Firmicutes","Clostridia","Lachnospirales","Lachnospiraceae","Dorea","longicatena","Dorea longicatena","Dorea longicatena ASV4374","Synthetic demo taxonomy in DADA2-compatible format; replace before biological interpretation"
"ASV4385","Archaea","Methanobacteriota","Methanobacteria","Methanobacteriales","Methanobacteriaceae","Methanobrevibacter","smithii","Methanobrevibacter smithii","Methanobrevibacter smithii ASV4385","Synthetic demo taxonomy in DADA2-compatible format; replace before biological interpretation"
"ASV4398","Bacteria","Firmicutes","Clostridia","Christensenellales","Christensenellaceae","Christensenella","minuta","Christensenella minuta","Christensenella minuta ASV4398","Synthetic demo taxonomy in DADA2-compatible format; replace before biological interpretation"
"ASV4413","Bacteria","Bacteroidota","Bacteroidia","Bacteroidales","Bacteroidaceae","Bacteroides","vulgatus","Bacteroides vulgatus","Bacteroides vulgatus ASV4413","Synthetic demo taxonomy in DADA2-compatible format; replace before biological interpretation"
"ASV4443","Bacteria","Bacteroidota","Bacteroidia","Bacteroidales","Prevotellaceae","Prevotella","copri","Prevotella copri","Prevotella copri ASV4443","Synthetic demo taxonomy in DADA2-compatible format; replace before biological interpretation"
"ASV4451","Bacteria","Firmicutes","Clostridia","Oscillospirales","Ruminococcaceae","Faecalibacterium","prausnitzii","Faecalibacterium prausnitzii","Faecalibacterium prausnitzii ASV4451","Synthetic demo taxonomy in DADA2-compatible format; replace before biological interpretation"
"ASV4481","Bacteria","Firmicutes","Clostridia","Lachnospirales","Lachnospiraceae","Roseburia","intestinalis","Roseburia intestinalis","Roseburia intestinalis ASV4481","Synthetic demo taxonomy in DADA2-compatible format; replace before biological interpretation"
"ASV4482","Bacteria","Firmicutes","Clostridia","Lachnospirales","Lachnospiraceae","Blautia","obeum","Blautia obeum","Blautia obeum ASV4482","Synthetic demo taxonomy in DADA2-compatible format; replace before biological interpretation"
"ASV4483","Bacteria","Firmicutes","Clostridia","Oscillospirales","Ruminococcaceae","Ruminococcus","bromii","Ruminococcus bromii","Ruminococcus bromii ASV4483","Synthetic demo taxonomy in DADA2-compatible format; replace before biological interpretation"
"ASV4514","Bacteria","Verrucomicrobiota","Verrucomicrobiae","Verrucomicrobiales","Akkermansiaceae","Akkermansia","muciniphila","Akkermansia muciniphila","Akkermansia muciniphila ASV4514","Synthetic demo taxonomy in DADA2-compatible format; replace before biological interpretation"
"ASV4515","Bacteria","Actinobacteriota","Actinobacteria","Bifidobacteriales","Bifidobacteriaceae","Bifidobacterium","longum","Bifidobacterium longum","Bifidobacterium longum ASV4515","Synthetic demo taxonomy in DADA2-compatible format; replace before biological interpretation"
"ASV4516","Bacteria","Proteobacteria","Gammaproteobacteria","Enterobacterales","Enterobacteriaceae","Escherichia","coli","Escherichia coli","Escherichia coli ASV4516","Synthetic demo taxonomy in DADA2-compatible format; replace before biological interpretation"
"ASV4517","Bacteria","Proteobacteria","Gammaproteobacteria","Enterobacterales","Enterobacteriaceae","Klebsiella","pneumoniae","Klebsiella pneumoniae","Klebsiella pneumoniae ASV4517","Synthetic demo taxonomy in DADA2-compatible format; replace before biological interpretation"
"ASV4540","Bacteria","Firmicutes","Bacilli","Lactobacillales","Enterococcaceae","Enterococcus","faecalis","Enterococcus faecalis","Enterococcus faecalis ASV4540","Synthetic demo taxonomy in DADA2-compatible format; replace before biological interpretation"
"ASV4556","Bacteria","Firmicutes","Bacilli","Lactobacillales","Lactobacillaceae","Lactobacillus","gasseri","Lactobacillus gasseri","Lactobacillus gasseri ASV4556","Synthetic demo taxonomy in DADA2-compatible format; replace before biological interpretation"
"ASV4576","Bacteria","Firmicutes","Bacilli","Lactobacillales","Streptococcaceae","Streptococcus","salivarius","Streptococcus salivarius","Streptococcus salivarius ASV4576","Synthetic demo taxonomy in DADA2-compatible format; replace before biological interpretation"
"ASV4577","Bacteria","Firmicutes","Negativicutes","Veillonellales","Veillonellaceae","Veillonella","parvula","Veillonella parvula","Veillonella parvula ASV4577","Synthetic demo taxonomy in DADA2-compatible format; replace before biological interpretation"
"ASV4587","Bacteria","Fusobacteriota","Fusobacteriia","Fusobacteriales","Fusobacteriaceae","Fusobacterium","nucleatum","Fusobacterium nucleatum","Fusobacterium nucleatum ASV4587","Synthetic demo taxonomy in DADA2-compatible format; replace before biological interpretation"
"ASV4632","Bacteria","Bacteroidota","Bacteroidia","Bacteroidales","Rikenellaceae","Alistipes","putredinis","Alistipes putredinis","Alistipes putredinis ASV4632","Synthetic demo taxonomy in DADA2-compatible format; replace before biological interpretation"
"ASV4644","Bacteria","Bacteroidota","Bacteroidia","Bacteroidales","Tannerellaceae","Parabacteroides","distasonis","Parabacteroides distasonis","Parabacteroides distasonis ASV4644","Synthetic demo taxonomy in DADA2-compatible format; replace before biological interpretation"
"ASV4739","Bacteria","Actinobacteriota","Coriobacteriia","Coriobacteriales","Coriobacteriaceae","Collinsella","aerofaciens","Collinsella aerofaciens","Collinsella aerofaciens ASV4739","Synthetic demo taxonomy in DADA2-compatible format; replace before biological interpretation"
"ASV4772","Bacteria","Firmicutes","Clostridia","Lachnospirales","Lachnospiraceae","Coprococcus","comes","Coprococcus comes","Coprococcus comes ASV4772","Synthetic demo taxonomy in DADA2-compatible format; replace before biological interpretation"
"ASV4795","Bacteria","Firmicutes","Clostridia","Lachnospirales","Lachnospiraceae","Eubacterium","rectale","Eubacterium rectale","Eubacterium rectale ASV4795","Synthetic demo taxonomy in DADA2-compatible format; replace before biological interpretation"
"ASV4796","Bacteria","Firmicutes","Clostridia","Lachnospirales","Lachnospiraceae","Anaerostipes","hadrus","Anaerostipes hadrus","Anaerostipes hadrus ASV4796","Synthetic demo taxonomy in DADA2-compatible format; replace before biological interpretation"
"ASV4835","Bacteria","Firmicutes","Clostridia","Lachnospirales","Lachnospiraceae","Dorea","longicatena","Dorea longicatena","Dorea longicatena ASV4835","Synthetic demo taxonomy in DADA2-compatible format; replace before biological interpretation"
"ASV4855","Archaea","Methanobacteriota","Methanobacteria","Methanobacteriales","Methanobacteriaceae","Methanobrevibacter","smithii","Methanobrevibacter smithii","Methanobrevibacter smithii ASV4855","Synthetic demo taxonomy in DADA2-compatible format; replace before biological interpretation"
"ASV4881","Bacteria","Firmicutes","Clostridia","Christensenellales","Christensenellaceae","Christensenella","minuta","Christensenella minuta","Christensenella minuta ASV4881","Synthetic demo taxonomy in DADA2-compatible format; replace before biological interpretation"
"ASV4898","Bacteria","Bacteroidota","Bacteroidia","Bacteroidales","Bacteroidaceae","Bacteroides","vulgatus","Bacteroides vulgatus","Bacteroides vulgatus ASV4898","Synthetic demo taxonomy in DADA2-compatible format; replace before biological interpretation"
"ASV4912","Bacteria","Bacteroidota","Bacteroidia","Bacteroidales","Prevotellaceae","Prevotella","copri","Prevotella copri","Prevotella copri ASV4912","Synthetic demo taxonomy in DADA2-compatible format; replace before biological interpretation"
"ASV4931","Bacteria","Firmicutes","Clostridia","Oscillospirales","Ruminococcaceae","Faecalibacterium","prausnitzii","Faecalibacterium prausnitzii","Faecalibacterium prausnitzii ASV4931","Synthetic demo taxonomy in DADA2-compatible format; replace before biological interpretation"
"ASV4979","Bacteria","Firmicutes","Clostridia","Lachnospirales","Lachnospiraceae","Roseburia","intestinalis","Roseburia intestinalis","Roseburia intestinalis ASV4979","Synthetic demo taxonomy in DADA2-compatible format; replace before biological interpretation"
"ASV4980","Bacteria","Firmicutes","Clostridia","Lachnospirales","Lachnospiraceae","Blautia","obeum","Blautia obeum","Blautia obeum ASV4980","Synthetic demo taxonomy in DADA2-compatible format; replace before biological interpretation"
"ASV5017","Bacteria","Firmicutes","Clostridia","Oscillospirales","Ruminococcaceae","Ruminococcus","bromii","Ruminococcus bromii","Ruminococcus bromii ASV5017","Synthetic demo taxonomy in DADA2-compatible format; replace before biological interpretation"
"ASV5018","Bacteria","Verrucomicrobiota","Verrucomicrobiae","Verrucomicrobiales","Akkermansiaceae","Akkermansia","muciniphila","Akkermansia muciniphila","Akkermansia muciniphila ASV5018","Synthetic demo taxonomy in DADA2-compatible format; replace before biological interpretation"
"ASV5040","Bacteria","Actinobacteriota","Actinobacteria","Bifidobacteriales","Bifidobacteriaceae","Bifidobacterium","longum","Bifidobacterium longum","Bifidobacterium longum ASV5040","Synthetic demo taxonomy in DADA2-compatible format; replace before biological interpretation"
"ASV5066","Bacteria","Proteobacteria","Gammaproteobacteria","Enterobacterales","Enterobacteriaceae","Escherichia","coli","Escherichia coli","Escherichia coli ASV5066","Synthetic demo taxonomy in DADA2-compatible format; replace before biological interpretation"
"ASV5067","Bacteria","Proteobacteria","Gammaproteobacteria","Enterobacterales","Enterobacteriaceae","Klebsiella","pneumoniae","Klebsiella pneumoniae","Klebsiella pneumoniae ASV5067","Synthetic demo taxonomy in DADA2-compatible format; replace before biological interpretation"
"ASV5068","Bacteria","Firmicutes","Bacilli","Lactobacillales","Enterococcaceae","Enterococcus","faecalis","Enterococcus faecalis","Enterococcus faecalis ASV5068","Synthetic demo taxonomy in DADA2-compatible format; replace before biological interpretation"
"ASV5090","Bacteria","Firmicutes","Bacilli","Lactobacillales","Lactobacillaceae","Lactobacillus","gasseri","Lactobacillus gasseri","Lactobacillus gasseri ASV5090","Synthetic demo taxonomy in DADA2-compatible format; replace before biological interpretation"
"ASV5091","Bacteria","Firmicutes","Bacilli","Lactobacillales","Streptococcaceae","Streptococcus","salivarius","Streptococcus salivarius","Streptococcus salivarius ASV5091","Synthetic demo taxonomy in DADA2-compatible format; replace before biological interpretation"
"ASV5142","Bacteria","Firmicutes","Negativicutes","Veillonellales","Veillonellaceae","Veillonella","parvula","Veillonella parvula","Veillonella parvula ASV5142","Synthetic demo taxonomy in DADA2-compatible format; replace before biological interpretation"
"ASV5143","Bacteria","Fusobacteriota","Fusobacteriia","Fusobacteriales","Fusobacteriaceae","Fusobacterium","nucleatum","Fusobacterium nucleatum","Fusobacterium nucleatum ASV5143","Synthetic demo taxonomy in DADA2-compatible format; replace before biological interpretation"
"ASV5144","Bacteria","Bacteroidota","Bacteroidia","Bacteroidales","Rikenellaceae","Alistipes","putredinis","Alistipes putredinis","Alistipes putredinis ASV5144","Synthetic demo taxonomy in DADA2-compatible format; replace before biological interpretation"
"ASV5145","Bacteria","Bacteroidota","Bacteroidia","Bacteroidales","Tannerellaceae","Parabacteroides","distasonis","Parabacteroides distasonis","Parabacteroides distasonis ASV5145","Synthetic demo taxonomy in DADA2-compatible format; replace before biological interpretation"
"ASV5166","Bacteria","Actinobacteriota","Coriobacteriia","Coriobacteriales","Coriobacteriaceae","Collinsella","aerofaciens","Collinsella aerofaciens","Collinsella aerofaciens ASV5166","Synthetic demo taxonomy in DADA2-compatible format; replace before biological interpretation"
"ASV5167","Bacteria","Firmicutes","Clostridia","Lachnospirales","Lachnospiraceae","Coprococcus","comes","Coprococcus comes","Coprococcus comes ASV5167","Synthetic demo taxonomy in DADA2-compatible format; replace before biological interpretation"
"ASV5191","Bacteria","Firmicutes","Clostridia","Lachnospirales","Lachnospiraceae","Eubacterium","rectale","Eubacterium rectale","Eubacterium rectale ASV5191","Synthetic demo taxonomy in DADA2-compatible format; replace before biological interpretation"
"ASV5208","Bacteria","Firmicutes","Clostridia","Lachnospirales","Lachnospiraceae","Anaerostipes","hadrus","Anaerostipes hadrus","Anaerostipes hadrus ASV5208","Synthetic demo taxonomy in DADA2-compatible format; replace before biological interpretation"
"ASV5209","Bacteria","Firmicutes","Clostridia","Lachnospirales","Lachnospiraceae","Dorea","longicatena","Dorea longicatena","Dorea longicatena ASV5209","Synthetic demo taxonomy in DADA2-compatible format; replace before biological interpretation"
"ASV5252","Archaea","Methanobacteriota","Methanobacteria","Methanobacteriales","Methanobacteriaceae","Methanobrevibacter","smithii","Methanobrevibacter smithii","Methanobrevibacter smithii ASV5252","Synthetic demo taxonomy in DADA2-compatible format; replace before biological interpretation"
"ASV5253","Bacteria","Firmicutes","Clostridia","Christensenellales","Christensenellaceae","Christensenella","minuta","Christensenella minuta","Christensenella minuta ASV5253","Synthetic demo taxonomy in DADA2-compatible format; replace before biological interpretation"
"ASV5272","Bacteria","Bacteroidota","Bacteroidia","Bacteroidales","Bacteroidaceae","Bacteroides","vulgatus","Bacteroides vulgatus","Bacteroides vulgatus ASV5272","Synthetic demo taxonomy in DADA2-compatible format; replace before biological interpretation"
"ASV5273","Bacteria","Bacteroidota","Bacteroidia","Bacteroidales","Prevotellaceae","Prevotella","copri","Prevotella copri","Prevotella copri ASV5273","Synthetic demo taxonomy in DADA2-compatible format; replace before biological interpretation"
"ASV5274","Bacteria","Firmicutes","Clostridia","Oscillospirales","Ruminococcaceae","Faecalibacterium","prausnitzii","Faecalibacterium prausnitzii","Faecalibacterium prausnitzii ASV5274","Synthetic demo taxonomy in DADA2-compatible format; replace before biological interpretation"
"ASV5275","Bacteria","Firmicutes","Clostridia","Lachnospirales","Lachnospiraceae","Roseburia","intestinalis","Roseburia intestinalis","Roseburia intestinalis ASV5275","Synthetic demo taxonomy in DADA2-compatible format; replace before biological interpretation"
"ASV5297","Bacteria","Firmicutes","Clostridia","Lachnospirales","Lachnospiraceae","Blautia","obeum","Blautia obeum","Blautia obeum ASV5297","Synthetic demo taxonomy in DADA2-compatible format; replace before biological interpretation"
"ASV5298","Bacteria","Firmicutes","Clostridia","Oscillospirales","Ruminococcaceae","Ruminococcus","bromii","Ruminococcus bromii","Ruminococcus bromii ASV5298","Synthetic demo taxonomy in DADA2-compatible format; replace before biological interpretation"
"ASV5299","Bacteria","Verrucomicrobiota","Verrucomicrobiae","Verrucomicrobiales","Akkermansiaceae","Akkermansia","muciniphila","Akkermansia muciniphila","Akkermansia muciniphila ASV5299","Synthetic demo taxonomy in DADA2-compatible format; replace before biological interpretation"
"ASV5321","Bacteria","Actinobacteriota","Actinobacteria","Bifidobacteriales","Bifidobacteriaceae","Bifidobacterium","longum","Bifidobacterium longum","Bifidobacterium longum ASV5321","Synthetic demo taxonomy in DADA2-compatible format; replace before biological interpretation"
"ASV5359","Bacteria","Proteobacteria","Gammaproteobacteria","Enterobacterales","Enterobacteriaceae","Escherichia","coli","Escherichia coli","Escherichia coli ASV5359","Synthetic demo taxonomy in DADA2-compatible format; replace before biological interpretation"
"ASV5394","Bacteria","Proteobacteria","Gammaproteobacteria","Enterobacterales","Enterobacteriaceae","Klebsiella","pneumoniae","Klebsiella pneumoniae","Klebsiella pneumoniae ASV5394","Synthetic demo taxonomy in DADA2-compatible format; replace before biological interpretation"
"ASV5421","Bacteria","Firmicutes","Bacilli","Lactobacillales","Enterococcaceae","Enterococcus","faecalis","Enterococcus faecalis","Enterococcus faecalis ASV5421","Synthetic demo taxonomy in DADA2-compatible format; replace before biological interpretation"
"ASV5422","Bacteria","Firmicutes","Bacilli","Lactobacillales","Lactobacillaceae","Lactobacillus","gasseri","Lactobacillus gasseri","Lactobacillus gasseri ASV5422","Synthetic demo taxonomy in DADA2-compatible format; replace before biological interpretation"
"ASV5470","Bacteria","Firmicutes","Bacilli","Lactobacillales","Streptococcaceae","Streptococcus","salivarius","Streptococcus salivarius","Streptococcus salivarius ASV5470","Synthetic demo taxonomy in DADA2-compatible format; replace before biological interpretation"
"ASV5541","Bacteria","Firmicutes","Negativicutes","Veillonellales","Veillonellaceae","Veillonella","parvula","Veillonella parvula","Veillonella parvula ASV5541","Synthetic demo taxonomy in DADA2-compatible format; replace before biological interpretation"
"ASV5542","Bacteria","Fusobacteriota","Fusobacteriia","Fusobacteriales","Fusobacteriaceae","Fusobacterium","nucleatum","Fusobacterium nucleatum","Fusobacterium nucleatum ASV5542","Synthetic demo taxonomy in DADA2-compatible format; replace before biological interpretation"
"ASV5578","Bacteria","Bacteroidota","Bacteroidia","Bacteroidales","Rikenellaceae","Alistipes","putredinis","Alistipes putredinis","Alistipes putredinis ASV5578","Synthetic demo taxonomy in DADA2-compatible format; replace before biological interpretation"
"ASV5620","Bacteria","Bacteroidota","Bacteroidia","Bacteroidales","Tannerellaceae","Parabacteroides","distasonis","Parabacteroides distasonis","Parabacteroides distasonis ASV5620","Synthetic demo taxonomy in DADA2-compatible format; replace before biological interpretation"
"ASV5650","Bacteria","Actinobacteriota","Coriobacteriia","Coriobacteriales","Coriobacteriaceae","Collinsella","aerofaciens","Collinsella aerofaciens","Collinsella aerofaciens ASV5650","Synthetic demo taxonomy in DADA2-compatible format; replace before biological interpretation"
"ASV5651","Bacteria","Firmicutes","Clostridia","Lachnospirales","Lachnospiraceae","Coprococcus","comes","Coprococcus comes","Coprococcus comes ASV5651","Synthetic demo taxonomy in DADA2-compatible format; replace before biological interpretation"
"ASV5652","Bacteria","Firmicutes","Clostridia","Lachnospirales","Lachnospiraceae","Eubacterium","rectale","Eubacterium rectale","Eubacterium rectale ASV5652","Synthetic demo taxonomy in DADA2-compatible format; replace before biological interpretation"
"ASV5653","Bacteria","Firmicutes","Clostridia","Lachnospirales","Lachnospiraceae","Anaerostipes","hadrus","Anaerostipes hadrus","Anaerostipes hadrus ASV5653","Synthetic demo taxonomy in DADA2-compatible format; replace before biological interpretation"
"ASV5680","Bacteria","Firmicutes","Clostridia","Lachnospirales","Lachnospiraceae","Dorea","longicatena","Dorea longicatena","Dorea longicatena ASV5680","Synthetic demo taxonomy in DADA2-compatible format; replace before biological interpretation"
"ASV5681","Archaea","Methanobacteriota","Methanobacteria","Methanobacteriales","Methanobacteriaceae","Methanobrevibacter","smithii","Methanobrevibacter smithii","Methanobrevibacter smithii ASV5681","Synthetic demo taxonomy in DADA2-compatible format; replace before biological interpretation"
"ASV5682","Bacteria","Firmicutes","Clostridia","Christensenellales","Christensenellaceae","Christensenella","minuta","Christensenella minuta","Christensenella minuta ASV5682","Synthetic demo taxonomy in DADA2-compatible format; replace before biological interpretation"
"ASV5713","Bacteria","Bacteroidota","Bacteroidia","Bacteroidales","Bacteroidaceae","Bacteroides","vulgatus","Bacteroides vulgatus","Bacteroides vulgatus ASV5713","Synthetic demo taxonomy in DADA2-compatible format; replace before biological interpretation"
"ASV5714","Bacteria","Bacteroidota","Bacteroidia","Bacteroidales","Prevotellaceae","Prevotella","copri","Prevotella copri","Prevotella copri ASV5714","Synthetic demo taxonomy in DADA2-compatible format; replace before biological interpretation"
"ASV5785","Bacteria","Firmicutes","Clostridia","Oscillospirales","Ruminococcaceae","Faecalibacterium","prausnitzii","Faecalibacterium prausnitzii","Faecalibacterium prausnitzii ASV5785","Synthetic demo taxonomy in DADA2-compatible format; replace before biological interpretation"
"ASV5834","Bacteria","Firmicutes","Clostridia","Lachnospirales","Lachnospiraceae","Roseburia","intestinalis","Roseburia intestinalis","Roseburia intestinalis ASV5834","Synthetic demo taxonomy in DADA2-compatible format; replace before biological interpretation"
"ASV5835","Bacteria","Firmicutes","Clostridia","Lachnospirales","Lachnospiraceae","Blautia","obeum","Blautia obeum","Blautia obeum ASV5835","Synthetic demo taxonomy in DADA2-compatible format; replace before biological interpretation"
"ASV5866","Bacteria","Firmicutes","Clostridia","Oscillospirales","Ruminococcaceae","Ruminococcus","bromii","Ruminococcus bromii","Ruminococcus bromii ASV5866","Synthetic demo taxonomy in DADA2-compatible format; replace before biological interpretation"
"ASV5909","Bacteria","Verrucomicrobiota","Verrucomicrobiae","Verrucomicrobiales","Akkermansiaceae","Akkermansia","muciniphila","Akkermansia muciniphila","Akkermansia muciniphila ASV5909","Synthetic demo taxonomy in DADA2-compatible format; replace before biological interpretation"
"ASV5910","Bacteria","Actinobacteriota","Actinobacteria","Bifidobacteriales","Bifidobacteriaceae","Bifidobacterium","longum","Bifidobacterium longum","Bifidobacterium longum ASV5910","Synthetic demo taxonomy in DADA2-compatible format; replace before biological interpretation"
"ASV5946","Bacteria","Proteobacteria","Gammaproteobacteria","Enterobacterales","Enterobacteriaceae","Escherichia","coli","Escherichia coli","Escherichia coli ASV5946","Synthetic demo taxonomy in DADA2-compatible format; replace before biological interpretation"
"ASV5947","Bacteria","Proteobacteria","Gammaproteobacteria","Enterobacterales","Enterobacteriaceae","Klebsiella","pneumoniae","Klebsiella pneumoniae","Klebsiella pneumoniae ASV5947","Synthetic demo taxonomy in DADA2-compatible format; replace before biological interpretation"
"ASV5988","Bacteria","Firmicutes","Bacilli","Lactobacillales","Enterococcaceae","Enterococcus","faecalis","Enterococcus faecalis","Enterococcus faecalis ASV5988","Synthetic demo taxonomy in DADA2-compatible format; replace before biological interpretation"
"ASV5989","Bacteria","Firmicutes","Bacilli","Lactobacillales","Lactobacillaceae","Lactobacillus","gasseri","Lactobacillus gasseri","Lactobacillus gasseri ASV5989","Synthetic demo taxonomy in DADA2-compatible format; replace before biological interpretation"
"ASV6024","Bacteria","Firmicutes","Bacilli","Lactobacillales","Streptococcaceae","Streptococcus","salivarius","Streptococcus salivarius","Streptococcus salivarius ASV6024","Synthetic demo taxonomy in DADA2-compatible format; replace before biological interpretation"
"ASV6025","Bacteria","Firmicutes","Negativicutes","Veillonellales","Veillonellaceae","Veillonella","parvula","Veillonella parvula","Veillonella parvula ASV6025","Synthetic demo taxonomy in DADA2-compatible format; replace before biological interpretation"
"ASV6059","Bacteria","Fusobacteriota","Fusobacteriia","Fusobacteriales","Fusobacteriaceae","Fusobacterium","nucleatum","Fusobacterium nucleatum","Fusobacterium nucleatum ASV6059","Synthetic demo taxonomy in DADA2-compatible format; replace before biological interpretation"
"ASV6060","Bacteria","Bacteroidota","Bacteroidia","Bacteroidales","Rikenellaceae","Alistipes","putredinis","Alistipes putredinis","Alistipes putredinis ASV6060","Synthetic demo taxonomy in DADA2-compatible format; replace before biological interpretation"
"ASV6095","Bacteria","Bacteroidota","Bacteroidia","Bacteroidales","Tannerellaceae","Parabacteroides","distasonis","Parabacteroides distasonis","Parabacteroides distasonis ASV6095","Synthetic demo taxonomy in DADA2-compatible format; replace before biological interpretation"
"ASV6096","Bacteria","Actinobacteriota","Coriobacteriia","Coriobacteriales","Coriobacteriaceae","Collinsella","aerofaciens","Collinsella aerofaciens","Collinsella aerofaciens ASV6096","Synthetic demo taxonomy in DADA2-compatible format; replace before biological interpretation"
"ASV6097","Bacteria","Firmicutes","Clostridia","Lachnospirales","Lachnospiraceae","Coprococcus","comes","Coprococcus comes","Coprococcus comes ASV6097","Synthetic demo taxonomy in DADA2-compatible format; replace before biological interpretation"
"ASV6138","Bacteria","Firmicutes","Clostridia","Lachnospirales","Lachnospiraceae","Eubacterium","rectale","Eubacterium rectale","Eubacterium rectale ASV6138","Synthetic demo taxonomy in DADA2-compatible format; replace before biological interpretation"
"ASV6139","Bacteria","Firmicutes","Clostridia","Lachnospirales","Lachnospiraceae","Anaerostipes","hadrus","Anaerostipes hadrus","Anaerostipes hadrus ASV6139","Synthetic demo taxonomy in DADA2-compatible format; replace before biological interpretation"
"ASV6177","Bacteria","Firmicutes","Clostridia","Lachnospirales","Lachnospiraceae","Dorea","longicatena","Dorea longicatena","Dorea longicatena ASV6177","Synthetic demo taxonomy in DADA2-compatible format; replace before biological interpretation"
"ASV6224","Archaea","Methanobacteriota","Methanobacteria","Methanobacteriales","Methanobacteriaceae","Methanobrevibacter","smithii","Methanobrevibacter smithii","Methanobrevibacter smithii ASV6224","Synthetic demo taxonomy in DADA2-compatible format; replace before biological interpretation"
"ASV6225","Bacteria","Firmicutes","Clostridia","Christensenellales","Christensenellaceae","Christensenella","minuta","Christensenella minuta","Christensenella minuta ASV6225","Synthetic demo taxonomy in DADA2-compatible format; replace before biological interpretation"
"ASV6273","Bacteria","Bacteroidota","Bacteroidia","Bacteroidales","Bacteroidaceae","Bacteroides","vulgatus","Bacteroides vulgatus","Bacteroides vulgatus ASV6273","Synthetic demo taxonomy in DADA2-compatible format; replace before biological interpretation"
"ASV6274","Bacteria","Bacteroidota","Bacteroidia","Bacteroidales","Prevotellaceae","Prevotella","copri","Prevotella copri","Prevotella copri ASV6274","Synthetic demo taxonomy in DADA2-compatible format; replace before biological interpretation"
"ASV6314","Bacteria","Firmicutes","Clostridia","Oscillospirales","Ruminococcaceae","Faecalibacterium","prausnitzii","Faecalibacterium prausnitzii","Faecalibacterium prausnitzii ASV6314","Synthetic demo taxonomy in DADA2-compatible format; replace before biological interpretation"
"ASV6315","Bacteria","Firmicutes","Clostridia","Lachnospirales","Lachnospiraceae","Roseburia","intestinalis","Roseburia intestinalis","Roseburia intestinalis ASV6315","Synthetic demo taxonomy in DADA2-compatible format; replace before biological interpretation"
"ASV6316","Bacteria","Firmicutes","Clostridia","Lachnospirales","Lachnospiraceae","Blautia","obeum","Blautia obeum","Blautia obeum ASV6316","Synthetic demo taxonomy in DADA2-compatible format; replace before biological interpretation"
"ASV6317","Bacteria","Firmicutes","Clostridia","Oscillospirales","Ruminococcaceae","Ruminococcus","bromii","Ruminococcus bromii","Ruminococcus bromii ASV6317","Synthetic demo taxonomy in DADA2-compatible format; replace before biological interpretation"
"ASV6378","Bacteria","Verrucomicrobiota","Verrucomicrobiae","Verrucomicrobiales","Akkermansiaceae","Akkermansia","muciniphila","Akkermansia muciniphila","Akkermansia muciniphila ASV6378","Synthetic demo taxonomy in DADA2-compatible format; replace before biological interpretation"
"ASV6379","Bacteria","Actinobacteriota","Actinobacteria","Bifidobacteriales","Bifidobacteriaceae","Bifidobacterium","longum","Bifidobacterium longum","Bifidobacterium longum ASV6379","Synthetic demo taxonomy in DADA2-compatible format; replace before biological interpretation"
"ASV6380","Bacteria","Proteobacteria","Gammaproteobacteria","Enterobacterales","Enterobacteriaceae","Escherichia","coli","Escherichia coli","Escherichia coli ASV6380","Synthetic demo taxonomy in DADA2-compatible format; replace before biological interpretation"
"ASV6381","Bacteria","Proteobacteria","Gammaproteobacteria","Enterobacterales","Enterobacteriaceae","Klebsiella","pneumoniae","Klebsiella pneumoniae","Klebsiella pneumoniae ASV6381","Synthetic demo taxonomy in DADA2-compatible format; replace before biological interpretation"
"ASV6436","Bacteria","Firmicutes","Bacilli","Lactobacillales","Enterococcaceae","Enterococcus","faecalis","Enterococcus faecalis","Enterococcus faecalis ASV6436","Synthetic demo taxonomy in DADA2-compatible format; replace before biological interpretation"
"ASV6488","Bacteria","Firmicutes","Bacilli","Lactobacillales","Lactobacillaceae","Lactobacillus","gasseri","Lactobacillus gasseri","Lactobacillus gasseri ASV6488","Synthetic demo taxonomy in DADA2-compatible format; replace before biological interpretation"
"ASV6545","Bacteria","Firmicutes","Bacilli","Lactobacillales","Streptococcaceae","Streptococcus","salivarius","Streptococcus salivarius","Streptococcus salivarius ASV6545","Synthetic demo taxonomy in DADA2-compatible format; replace before biological interpretation"
"ASV6546","Bacteria","Firmicutes","Negativicutes","Veillonellales","Veillonellaceae","Veillonella","parvula","Veillonella parvula","Veillonella parvula ASV6546","Synthetic demo taxonomy in DADA2-compatible format; replace before biological interpretation"
"ASV6616","Bacteria","Fusobacteriota","Fusobacteriia","Fusobacteriales","Fusobacteriaceae","Fusobacterium","nucleatum","Fusobacterium nucleatum","Fusobacterium nucleatum ASV6616","Synthetic demo taxonomy in DADA2-compatible format; replace before biological interpretation"
"ASV6617","Bacteria","Bacteroidota","Bacteroidia","Bacteroidales","Rikenellaceae","Alistipes","putredinis","Alistipes putredinis","Alistipes putredinis ASV6617","Synthetic demo taxonomy in DADA2-compatible format; replace before biological interpretation"
"ASV6678","Bacteria","Bacteroidota","Bacteroidia","Bacteroidales","Tannerellaceae","Parabacteroides","distasonis","Parabacteroides distasonis","Parabacteroides distasonis ASV6678","Synthetic demo taxonomy in DADA2-compatible format; replace before biological interpretation"
"ASV6679","Bacteria","Actinobacteriota","Coriobacteriia","Coriobacteriales","Coriobacteriaceae","Collinsella","aerofaciens","Collinsella aerofaciens","Collinsella aerofaciens ASV6679","Synthetic demo taxonomy in DADA2-compatible format; replace before biological interpretation"
"ASV6680","Bacteria","Firmicutes","Clostridia","Lachnospirales","Lachnospiraceae","Coprococcus","comes","Coprococcus comes","Coprococcus comes ASV6680","Synthetic demo taxonomy in DADA2-compatible format; replace before biological interpretation"
"ASV6743","Bacteria","Firmicutes","Clostridia","Lachnospirales","Lachnospiraceae","Eubacterium","rectale","Eubacterium rectale","Eubacterium rectale ASV6743","Synthetic demo taxonomy in DADA2-compatible format; replace before biological interpretation"
"ASV6744","Bacteria","Firmicutes","Clostridia","Lachnospirales","Lachnospiraceae","Anaerostipes","hadrus","Anaerostipes hadrus","Anaerostipes hadrus ASV6744","Synthetic demo taxonomy in DADA2-compatible format; replace before biological interpretation"
"ASV6745","Bacteria","Firmicutes","Clostridia","Lachnospirales","Lachnospiraceae","Dorea","longicatena","Dorea longicatena","Dorea longicatena ASV6745","Synthetic demo taxonomy in DADA2-compatible format; replace before biological interpretation"
"ASV6826","Archaea","Methanobacteriota","Methanobacteria","Methanobacteriales","Methanobacteriaceae","Methanobrevibacter","smithii","Methanobrevibacter smithii","Methanobrevibacter smithii ASV6826","Synthetic demo taxonomy in DADA2-compatible format; replace before biological interpretation"
"ASV6827","Bacteria","Firmicutes","Clostridia","Christensenellales","Christensenellaceae","Christensenella","minuta","Christensenella minuta","Christensenella minuta ASV6827","Synthetic demo taxonomy in DADA2-compatible format; replace before biological interpretation"
"ASV6911","Bacteria","Bacteroidota","Bacteroidia","Bacteroidales","Bacteroidaceae","Bacteroides","vulgatus","Bacteroides vulgatus","Bacteroides vulgatus ASV6911","Synthetic demo taxonomy in DADA2-compatible format; replace before biological interpretation"
"ASV6912","Bacteria","Bacteroidota","Bacteroidia","Bacteroidales","Prevotellaceae","Prevotella","copri","Prevotella copri","Prevotella copri ASV6912","Synthetic demo taxonomy in DADA2-compatible format; replace before biological interpretation"
"ASV6913","Bacteria","Firmicutes","Clostridia","Oscillospirales","Ruminococcaceae","Faecalibacterium","prausnitzii","Faecalibacterium prausnitzii","Faecalibacterium prausnitzii ASV6913","Synthetic demo taxonomy in DADA2-compatible format; replace before biological interpretation"
"ASV6914","Bacteria","Firmicutes","Clostridia","Lachnospirales","Lachnospiraceae","Roseburia","intestinalis","Roseburia intestinalis","Roseburia intestinalis ASV6914","Synthetic demo taxonomy in DADA2-compatible format; replace before biological interpretation"
"ASV6915","Bacteria","Firmicutes","Clostridia","Lachnospirales","Lachnospiraceae","Blautia","obeum","Blautia obeum","Blautia obeum ASV6915","Synthetic demo taxonomy in DADA2-compatible format; replace before biological interpretation"
"ASV6916","Bacteria","Firmicutes","Clostridia","Oscillospirales","Ruminococcaceae","Ruminococcus","bromii","Ruminococcus bromii","Ruminococcus bromii ASV6916","Synthetic demo taxonomy in DADA2-compatible format; replace before biological interpretation"
"ASV6917","Bacteria","Verrucomicrobiota","Verrucomicrobiae","Verrucomicrobiales","Akkermansiaceae","Akkermansia","muciniphila","Akkermansia muciniphila","Akkermansia muciniphila ASV6917","Synthetic demo taxonomy in DADA2-compatible format; replace before biological interpretation"
"ASV7018","Bacteria","Actinobacteriota","Actinobacteria","Bifidobacteriales","Bifidobacteriaceae","Bifidobacterium","longum","Bifidobacterium longum","Bifidobacterium longum ASV7018","Synthetic demo taxonomy in DADA2-compatible format; replace before biological interpretation"
"ASV7019","Bacteria","Proteobacteria","Gammaproteobacteria","Enterobacterales","Enterobacteriaceae","Escherichia","coli","Escherichia coli","Escherichia coli ASV7019","Synthetic demo taxonomy in DADA2-compatible format; replace before biological interpretation"
"ASV7020","Bacteria","Proteobacteria","Gammaproteobacteria","Enterobacterales","Enterobacteriaceae","Klebsiella","pneumoniae","Klebsiella pneumoniae","Klebsiella pneumoniae ASV7020","Synthetic demo taxonomy in DADA2-compatible format; replace before biological interpretation"
"ASV7021","Bacteria","Firmicutes","Bacilli","Lactobacillales","Enterococcaceae","Enterococcus","faecalis","Enterococcus faecalis","Enterococcus faecalis ASV7021","Synthetic demo taxonomy in DADA2-compatible format; replace before biological interpretation"
"ASV7143","Bacteria","Firmicutes","Bacilli","Lactobacillales","Lactobacillaceae","Lactobacillus","gasseri","Lactobacillus gasseri","Lactobacillus gasseri ASV7143","Synthetic demo taxonomy in DADA2-compatible format; replace before biological interpretation"
"ASV7144","Bacteria","Firmicutes","Bacilli","Lactobacillales","Streptococcaceae","Streptococcus","salivarius","Streptococcus salivarius","Streptococcus salivarius ASV7144","Synthetic demo taxonomy in DADA2-compatible format; replace before biological interpretation"
"ASV7145","Bacteria","Firmicutes","Negativicutes","Veillonellales","Veillonellaceae","Veillonella","parvula","Veillonella parvula","Veillonella parvula ASV7145","Synthetic demo taxonomy in DADA2-compatible format; replace before biological interpretation"
"ASV7146","Bacteria","Fusobacteriota","Fusobacteriia","Fusobacteriales","Fusobacteriaceae","Fusobacterium","nucleatum","Fusobacterium nucleatum","Fusobacterium nucleatum ASV7146","Synthetic demo taxonomy in DADA2-compatible format; replace before biological interpretation"
"ASV7147","Bacteria","Bacteroidota","Bacteroidia","Bacteroidales","Rikenellaceae","Alistipes","putredinis","Alistipes putredinis","Alistipes putredinis ASV7147","Synthetic demo taxonomy in DADA2-compatible format; replace before biological interpretation"
"ASV7148","Bacteria","Bacteroidota","Bacteroidia","Bacteroidales","Tannerellaceae","Parabacteroides","distasonis","Parabacteroides distasonis","Parabacteroides distasonis ASV7148","Synthetic demo taxonomy in DADA2-compatible format; replace before biological interpretation"
"ASV7149","Bacteria","Actinobacteriota","Coriobacteriia","Coriobacteriales","Coriobacteriaceae","Collinsella","aerofaciens","Collinsella aerofaciens","Collinsella aerofaciens ASV7149","Synthetic demo taxonomy in DADA2-compatible format; replace before biological interpretation"
"ASV7150","Bacteria","Firmicutes","Clostridia","Lachnospirales","Lachnospiraceae","Coprococcus","comes","Coprococcus comes","Coprococcus comes ASV7150","Synthetic demo taxonomy in DADA2-compatible format; replace before biological interpretation"
"ASV7272","Bacteria","Firmicutes","Clostridia","Lachnospirales","Lachnospiraceae","Eubacterium","rectale","Eubacterium rectale","Eubacterium rectale ASV7272","Synthetic demo taxonomy in DADA2-compatible format; replace before biological interpretation"
"ASV7379","Bacteria","Firmicutes","Clostridia","Lachnospirales","Lachnospiraceae","Anaerostipes","hadrus","Anaerostipes hadrus","Anaerostipes hadrus ASV7379","Synthetic demo taxonomy in DADA2-compatible format; replace before biological interpretation"
"ASV7380","Bacteria","Firmicutes","Clostridia","Lachnospirales","Lachnospiraceae","Dorea","longicatena","Dorea longicatena","Dorea longicatena ASV7380","Synthetic demo taxonomy in DADA2-compatible format; replace before biological interpretation"
"ASV7381","Archaea","Methanobacteriota","Methanobacteria","Methanobacteriales","Methanobacteriaceae","Methanobrevibacter","smithii","Methanobrevibacter smithii","Methanobrevibacter smithii ASV7381","Synthetic demo taxonomy in DADA2-compatible format; replace before biological interpretation"
"ASV7382","Bacteria","Firmicutes","Clostridia","Christensenellales","Christensenellaceae","Christensenella","minuta","Christensenella minuta","Christensenella minuta ASV7382","Synthetic demo taxonomy in DADA2-compatible format; replace before biological interpretation"
"ASV7507","Bacteria","Bacteroidota","Bacteroidia","Bacteroidales","Bacteroidaceae","Bacteroides","vulgatus","Bacteroides vulgatus","Bacteroides vulgatus ASV7507","Synthetic demo taxonomy in DADA2-compatible format; replace before biological interpretation"
"ASV7508","Bacteria","Bacteroidota","Bacteroidia","Bacteroidales","Prevotellaceae","Prevotella","copri","Prevotella copri","Prevotella copri ASV7508","Synthetic demo taxonomy in DADA2-compatible format; replace before biological interpretation"
"ASV7509","Bacteria","Firmicutes","Clostridia","Oscillospirales","Ruminococcaceae","Faecalibacterium","prausnitzii","Faecalibacterium prausnitzii","Faecalibacterium prausnitzii ASV7509","Synthetic demo taxonomy in DADA2-compatible format; replace before biological interpretation"
"ASV7650","Bacteria","Firmicutes","Clostridia","Lachnospirales","Lachnospiraceae","Roseburia","intestinalis","Roseburia intestinalis","Roseburia intestinalis ASV7650","Synthetic demo taxonomy in DADA2-compatible format; replace before biological interpretation"
"ASV7651","Bacteria","Firmicutes","Clostridia","Lachnospirales","Lachnospiraceae","Blautia","obeum","Blautia obeum","Blautia obeum ASV7651","Synthetic demo taxonomy in DADA2-compatible format; replace before biological interpretation"
"ASV7652","Bacteria","Firmicutes","Clostridia","Oscillospirales","Ruminococcaceae","Ruminococcus","bromii","Ruminococcus bromii","Ruminococcus bromii ASV7652","Synthetic demo taxonomy in DADA2-compatible format; replace before biological interpretation"
"ASV7653","Bacteria","Verrucomicrobiota","Verrucomicrobiae","Verrucomicrobiales","Akkermansiaceae","Akkermansia","muciniphila","Akkermansia muciniphila","Akkermansia muciniphila ASV7653","Synthetic demo taxonomy in DADA2-compatible format; replace before biological interpretation"
"ASV7654","Bacteria","Actinobacteriota","Actinobacteria","Bifidobacteriales","Bifidobacteriaceae","Bifidobacterium","longum","Bifidobacterium longum","Bifidobacterium longum ASV7654","Synthetic demo taxonomy in DADA2-compatible format; replace before biological interpretation"
"ASV7655","Bacteria","Proteobacteria","Gammaproteobacteria","Enterobacterales","Enterobacteriaceae","Escherichia","coli","Escherichia coli","Escherichia coli ASV7655","Synthetic demo taxonomy in DADA2-compatible format; replace before biological interpretation"
"ASV7810","Bacteria","Proteobacteria","Gammaproteobacteria","Enterobacterales","Enterobacteriaceae","Klebsiella","pneumoniae","Klebsiella pneumoniae","Klebsiella pneumoniae ASV7810","Synthetic demo taxonomy in DADA2-compatible format; replace before biological interpretation"
"ASV7811","Bacteria","Firmicutes","Bacilli","Lactobacillales","Enterococcaceae","Enterococcus","faecalis","Enterococcus faecalis","Enterococcus faecalis ASV7811","Synthetic demo taxonomy in DADA2-compatible format; replace before biological interpretation"
"ASV7812","Bacteria","Firmicutes","Bacilli","Lactobacillales","Lactobacillaceae","Lactobacillus","gasseri","Lactobacillus gasseri","Lactobacillus gasseri ASV7812","Synthetic demo taxonomy in DADA2-compatible format; replace before biological interpretation"
"ASV7813","Bacteria","Firmicutes","Bacilli","Lactobacillales","Streptococcaceae","Streptococcus","salivarius","Streptococcus salivarius","Streptococcus salivarius ASV7813","Synthetic demo taxonomy in DADA2-compatible format; replace before biological interpretation"
"ASV7814","Bacteria","Firmicutes","Negativicutes","Veillonellales","Veillonellaceae","Veillonella","parvula","Veillonella parvula","Veillonella parvula ASV7814","Synthetic demo taxonomy in DADA2-compatible format; replace before biological interpretation"
"ASV7815","Bacteria","Fusobacteriota","Fusobacteriia","Fusobacteriales","Fusobacteriaceae","Fusobacterium","nucleatum","Fusobacterium nucleatum","Fusobacterium nucleatum ASV7815","Synthetic demo taxonomy in DADA2-compatible format; replace before biological interpretation"
"ASV7816","Bacteria","Bacteroidota","Bacteroidia","Bacteroidales","Rikenellaceae","Alistipes","putredinis","Alistipes putredinis","Alistipes putredinis ASV7816","Synthetic demo taxonomy in DADA2-compatible format; replace before biological interpretation"
"ASV7817","Bacteria","Bacteroidota","Bacteroidia","Bacteroidales","Tannerellaceae","Parabacteroides","distasonis","Parabacteroides distasonis","Parabacteroides distasonis ASV7817","Synthetic demo taxonomy in DADA2-compatible format; replace before biological interpretation"
"ASV7993","Bacteria","Actinobacteriota","Coriobacteriia","Coriobacteriales","Coriobacteriaceae","Collinsella","aerofaciens","Collinsella aerofaciens","Collinsella aerofaciens ASV7993","Synthetic demo taxonomy in DADA2-compatible format; replace before biological interpretation"
"ASV7994","Bacteria","Firmicutes","Clostridia","Lachnospirales","Lachnospiraceae","Coprococcus","comes","Coprococcus comes","Coprococcus comes ASV7994","Synthetic demo taxonomy in DADA2-compatible format; replace before biological interpretation"
"ASV7995","Bacteria","Firmicutes","Clostridia","Lachnospirales","Lachnospiraceae","Eubacterium","rectale","Eubacterium rectale","Eubacterium rectale ASV7995","Synthetic demo taxonomy in DADA2-compatible format; replace before biological interpretation"
"ASV7996","Bacteria","Firmicutes","Clostridia","Lachnospirales","Lachnospiraceae","Anaerostipes","hadrus","Anaerostipes hadrus","Anaerostipes hadrus ASV7996","Synthetic demo taxonomy in DADA2-compatible format; replace before biological interpretation"
"ASV7997","Bacteria","Firmicutes","Clostridia","Lachnospirales","Lachnospiraceae","Dorea","longicatena","Dorea longicatena","Dorea longicatena ASV7997","Synthetic demo taxonomy in DADA2-compatible format; replace before biological interpretation"
"ASV7998","Archaea","Methanobacteriota","Methanobacteria","Methanobacteriales","Methanobacteriaceae","Methanobrevibacter","smithii","Methanobrevibacter smithii","Methanobrevibacter smithii ASV7998","Synthetic demo taxonomy in DADA2-compatible format; replace before biological interpretation"
"ASV7999","Bacteria","Firmicutes","Clostridia","Christensenellales","Christensenellaceae","Christensenella","minuta","Christensenella minuta","Christensenella minuta ASV7999","Synthetic demo taxonomy in DADA2-compatible format; replace before biological interpretation"
"ASV8000","Bacteria","Bacteroidota","Bacteroidia","Bacteroidales","Bacteroidaceae","Bacteroides","vulgatus","Bacteroides vulgatus","Bacteroides vulgatus ASV8000","Synthetic demo taxonomy in DADA2-compatible format; replace before biological interpretation"
"ASV8001","Bacteria","Bacteroidota","Bacteroidia","Bacteroidales","Prevotellaceae","Prevotella","copri","Prevotella copri","Prevotella copri ASV8001","Synthetic demo taxonomy in DADA2-compatible format; replace before biological interpretation"
"ASV8198","Bacteria","Firmicutes","Clostridia","Oscillospirales","Ruminococcaceae","Faecalibacterium","prausnitzii","Faecalibacterium prausnitzii","Faecalibacterium prausnitzii ASV8198","Synthetic demo taxonomy in DADA2-compatible format; replace before biological interpretation"
"ASV8199","Bacteria","Firmicutes","Clostridia","Lachnospirales","Lachnospiraceae","Roseburia","intestinalis","Roseburia intestinalis","Roseburia intestinalis ASV8199","Synthetic demo taxonomy in DADA2-compatible format; replace before biological interpretation"
"ASV8200","Bacteria","Firmicutes","Clostridia","Lachnospirales","Lachnospiraceae","Blautia","obeum","Blautia obeum","Blautia obeum ASV8200","Synthetic demo taxonomy in DADA2-compatible format; replace before biological interpretation"
"ASV8201","Bacteria","Firmicutes","Clostridia","Oscillospirales","Ruminococcaceae","Ruminococcus","bromii","Ruminococcus bromii","Ruminococcus bromii ASV8201","Synthetic demo taxonomy in DADA2-compatible format; replace before biological interpretation"
"ASV8410","Bacteria","Verrucomicrobiota","Verrucomicrobiae","Verrucomicrobiales","Akkermansiaceae","Akkermansia","muciniphila","Akkermansia muciniphila","Akkermansia muciniphila ASV8410","Synthetic demo taxonomy in DADA2-compatible format; replace before biological interpretation"
"ASV8411","Bacteria","Actinobacteriota","Actinobacteria","Bifidobacteriales","Bifidobacteriaceae","Bifidobacterium","longum","Bifidobacterium longum","Bifidobacterium longum ASV8411","Synthetic demo taxonomy in DADA2-compatible format; replace before biological interpretation"
"ASV8412","Bacteria","Proteobacteria","Gammaproteobacteria","Enterobacterales","Enterobacteriaceae","Escherichia","coli","Escherichia coli","Escherichia coli ASV8412","Synthetic demo taxonomy in DADA2-compatible format; replace before biological interpretation"
"ASV8413","Bacteria","Proteobacteria","Gammaproteobacteria","Enterobacterales","Enterobacteriaceae","Klebsiella","pneumoniae","Klebsiella pneumoniae","Klebsiella pneumoniae ASV8413","Synthetic demo taxonomy in DADA2-compatible format; replace before biological interpretation"
"ASV8414","Bacteria","Firmicutes","Bacilli","Lactobacillales","Enterococcaceae","Enterococcus","faecalis","Enterococcus faecalis","Enterococcus faecalis ASV8414","Synthetic demo taxonomy in DADA2-compatible format; replace before biological interpretation"
"ASV8415","Bacteria","Firmicutes","Bacilli","Lactobacillales","Lactobacillaceae","Lactobacillus","gasseri","Lactobacillus gasseri","Lactobacillus gasseri ASV8415","Synthetic demo taxonomy in DADA2-compatible format; replace before biological interpretation"
"ASV8416","Bacteria","Firmicutes","Bacilli","Lactobacillales","Streptococcaceae","Streptococcus","salivarius","Streptococcus salivarius","Streptococcus salivarius ASV8416","Synthetic demo taxonomy in DADA2-compatible format; replace before biological interpretation"
"ASV8665","Bacteria","Firmicutes","Negativicutes","Veillonellales","Veillonellaceae","Veillonella","parvula","Veillonella parvula","Veillonella parvula ASV8665","Synthetic demo taxonomy in DADA2-compatible format; replace before biological interpretation"
"ASV8666","Bacteria","Fusobacteriota","Fusobacteriia","Fusobacteriales","Fusobacteriaceae","Fusobacterium","nucleatum","Fusobacterium nucleatum","Fusobacterium nucleatum ASV8666","Synthetic demo taxonomy in DADA2-compatible format; replace before biological interpretation"
"ASV8667","Bacteria","Bacteroidota","Bacteroidia","Bacteroidales","Rikenellaceae","Alistipes","putredinis","Alistipes putredinis","Alistipes putredinis ASV8667","Synthetic demo taxonomy in DADA2-compatible format; replace before biological interpretation"
"ASV8668","Bacteria","Bacteroidota","Bacteroidia","Bacteroidales","Tannerellaceae","Parabacteroides","distasonis","Parabacteroides distasonis","Parabacteroides distasonis ASV8668","Synthetic demo taxonomy in DADA2-compatible format; replace before biological interpretation"
"ASV8669","Bacteria","Actinobacteriota","Coriobacteriia","Coriobacteriales","Coriobacteriaceae","Collinsella","aerofaciens","Collinsella aerofaciens","Collinsella aerofaciens ASV8669","Synthetic demo taxonomy in DADA2-compatible format; replace before biological interpretation"
"ASV8670","Bacteria","Firmicutes","Clostridia","Lachnospirales","Lachnospiraceae","Coprococcus","comes","Coprococcus comes","Coprococcus comes ASV8670","Synthetic demo taxonomy in DADA2-compatible format; replace before biological interpretation"
"ASV8671","Bacteria","Firmicutes","Clostridia","Lachnospirales","Lachnospiraceae","Eubacterium","rectale","Eubacterium rectale","Eubacterium rectale ASV8671","Synthetic demo taxonomy in DADA2-compatible format; replace before biological interpretation"
"ASV8672","Bacteria","Firmicutes","Clostridia","Lachnospirales","Lachnospiraceae","Anaerostipes","hadrus","Anaerostipes hadrus","Anaerostipes hadrus ASV8672","Synthetic demo taxonomy in DADA2-compatible format; replace before biological interpretation"
"ASV8673","Bacteria","Firmicutes","Clostridia","Lachnospirales","Lachnospiraceae","Dorea","longicatena","Dorea longicatena","Dorea longicatena ASV8673","Synthetic demo taxonomy in DADA2-compatible format; replace before biological interpretation"
"ASV8674","Archaea","Methanobacteriota","Methanobacteria","Methanobacteriales","Methanobacteriaceae","Methanobrevibacter","smithii","Methanobrevibacter smithii","Methanobrevibacter smithii ASV8674","Synthetic demo taxonomy in DADA2-compatible format; replace before biological interpretation"
"ASV8986","Bacteria","Firmicutes","Clostridia","Christensenellales","Christensenellaceae","Christensenella","minuta","Christensenella minuta","Christensenella minuta ASV8986","Synthetic demo taxonomy in DADA2-compatible format; replace before biological interpretation"
"ASV8987","Bacteria","Bacteroidota","Bacteroidia","Bacteroidales","Bacteroidaceae","Bacteroides","vulgatus","Bacteroides vulgatus","Bacteroides vulgatus ASV8987","Synthetic demo taxonomy in DADA2-compatible format; replace before biological interpretation"
"ASV8988","Bacteria","Bacteroidota","Bacteroidia","Bacteroidales","Prevotellaceae","Prevotella","copri","Prevotella copri","Prevotella copri ASV8988","Synthetic demo taxonomy in DADA2-compatible format; replace before biological interpretation"
"ASV8989","Bacteria","Firmicutes","Clostridia","Oscillospirales","Ruminococcaceae","Faecalibacterium","prausnitzii","Faecalibacterium prausnitzii","Faecalibacterium prausnitzii ASV8989","Synthetic demo taxonomy in DADA2-compatible format; replace before biological interpretation"
"ASV8990","Bacteria","Firmicutes","Clostridia","Lachnospirales","Lachnospiraceae","Roseburia","intestinalis","Roseburia intestinalis","Roseburia intestinalis ASV8990","Synthetic demo taxonomy in DADA2-compatible format; replace before biological interpretation"
"ASV8991","Bacteria","Firmicutes","Clostridia","Lachnospirales","Lachnospiraceae","Blautia","obeum","Blautia obeum","Blautia obeum ASV8991","Synthetic demo taxonomy in DADA2-compatible format; replace before biological interpretation"
"ASV8992","Bacteria","Firmicutes","Clostridia","Oscillospirales","Ruminococcaceae","Ruminococcus","bromii","Ruminococcus bromii","Ruminococcus bromii ASV8992","Synthetic demo taxonomy in DADA2-compatible format; replace before biological interpretation"
"ASV8993","Bacteria","Verrucomicrobiota","Verrucomicrobiae","Verrucomicrobiales","Akkermansiaceae","Akkermansia","muciniphila","Akkermansia muciniphila","Akkermansia muciniphila ASV8993","Synthetic demo taxonomy in DADA2-compatible format; replace before biological interpretation"
"ASV9375","Bacteria","Actinobacteriota","Actinobacteria","Bifidobacteriales","Bifidobacteriaceae","Bifidobacterium","longum","Bifidobacterium longum","Bifidobacterium longum ASV9375","Synthetic demo taxonomy in DADA2-compatible format; replace before biological interpretation"
"ASV9376","Bacteria","Proteobacteria","Gammaproteobacteria","Enterobacterales","Enterobacteriaceae","Escherichia","coli","Escherichia coli","Escherichia coli ASV9376","Synthetic demo taxonomy in DADA2-compatible format; replace before biological interpretation"
"ASV9377","Bacteria","Proteobacteria","Gammaproteobacteria","Enterobacterales","Enterobacteriaceae","Klebsiella","pneumoniae","Klebsiella pneumoniae","Klebsiella pneumoniae ASV9377","Synthetic demo taxonomy in DADA2-compatible format; replace before biological interpretation"
"ASV9378","Bacteria","Firmicutes","Bacilli","Lactobacillales","Enterococcaceae","Enterococcus","faecalis","Enterococcus faecalis","Enterococcus faecalis ASV9378","Synthetic demo taxonomy in DADA2-compatible format; replace before biological interpretation"
"ASV9379","Bacteria","Firmicutes","Bacilli","Lactobacillales","Lactobacillaceae","Lactobacillus","gasseri","Lactobacillus gasseri","Lactobacillus gasseri ASV9379","Synthetic demo taxonomy in DADA2-compatible format; replace before biological interpretation"
"ASV9380","Bacteria","Firmicutes","Bacilli","Lactobacillales","Streptococcaceae","Streptococcus","salivarius","Streptococcus salivarius","Streptococcus salivarius ASV9380","Synthetic demo taxonomy in DADA2-compatible format; replace before biological interpretation"
"ASV9381","Bacteria","Firmicutes","Negativicutes","Veillonellales","Veillonellaceae","Veillonella","parvula","Veillonella parvula","Veillonella parvula ASV9381","Synthetic demo taxonomy in DADA2-compatible format; replace before biological interpretation"
"ASV9382","Bacteria","Fusobacteriota","Fusobacteriia","Fusobacteriales","Fusobacteriaceae","Fusobacterium","nucleatum","Fusobacterium nucleatum","Fusobacterium nucleatum ASV9382","Synthetic demo taxonomy in DADA2-compatible format; replace before biological interpretation"
"ASV9383","Bacteria","Bacteroidota","Bacteroidia","Bacteroidales","Rikenellaceae","Alistipes","putredinis","Alistipes putredinis","Alistipes putredinis ASV9383","Synthetic demo taxonomy in DADA2-compatible format; replace before biological interpretation"
"ASV9384","Bacteria","Bacteroidota","Bacteroidia","Bacteroidales","Tannerellaceae","Parabacteroides","distasonis","Parabacteroides distasonis","Parabacteroides distasonis ASV9384","Synthetic demo taxonomy in DADA2-compatible format; replace before biological interpretation"
"ASV9385","Bacteria","Actinobacteriota","Coriobacteriia","Coriobacteriales","Coriobacteriaceae","Collinsella","aerofaciens","Collinsella aerofaciens","Collinsella aerofaciens ASV9385","Synthetic demo taxonomy in DADA2-compatible format; replace before biological interpretation"
"ASV9824","Bacteria","Firmicutes","Clostridia","Lachnospirales","Lachnospiraceae","Coprococcus","comes","Coprococcus comes","Coprococcus comes ASV9824","Synthetic demo taxonomy in DADA2-compatible format; replace before biological interpretation"
"ASV9825","Bacteria","Firmicutes","Clostridia","Lachnospirales","Lachnospiraceae","Eubacterium","rectale","Eubacterium rectale","Eubacterium rectale ASV9825","Synthetic demo taxonomy in DADA2-compatible format; replace before biological interpretation"
"ASV9826","Bacteria","Firmicutes","Clostridia","Lachnospirales","Lachnospiraceae","Anaerostipes","hadrus","Anaerostipes hadrus","Anaerostipes hadrus ASV9826","Synthetic demo taxonomy in DADA2-compatible format; replace before biological interpretation"
"ASV9827","Bacteria","Firmicutes","Clostridia","Lachnospirales","Lachnospiraceae","Dorea","longicatena","Dorea longicatena","Dorea longicatena ASV9827","Synthetic demo taxonomy in DADA2-compatible format; replace before biological interpretation"
"ASV9828","Archaea","Methanobacteriota","Methanobacteria","Methanobacteriales","Methanobacteriaceae","Methanobrevibacter","smithii","Methanobrevibacter smithii","Methanobrevibacter smithii ASV9828","Synthetic demo taxonomy in DADA2-compatible format; replace before biological interpretation"
"ASV9829","Bacteria","Firmicutes","Clostridia","Christensenellales","Christensenellaceae","Christensenella","minuta","Christensenella minuta","Christensenella minuta ASV9829","Synthetic demo taxonomy in DADA2-compatible format; replace before biological interpretation"
"ASV9830","Bacteria","Bacteroidota","Bacteroidia","Bacteroidales","Bacteroidaceae","Bacteroides","vulgatus","Bacteroides vulgatus","Bacteroides vulgatus ASV9830","Synthetic demo taxonomy in DADA2-compatible format; replace before biological interpretation"
"ASV9831","Bacteria","Bacteroidota","Bacteroidia","Bacteroidales","Prevotellaceae","Prevotella","copri","Prevotella copri","Prevotella copri ASV9831","Synthetic demo taxonomy in DADA2-compatible format; replace before biological interpretation"
"ASV9832","Bacteria","Firmicutes","Clostridia","Oscillospirales","Ruminococcaceae","Faecalibacterium","prausnitzii","Faecalibacterium prausnitzii","Faecalibacterium prausnitzii ASV9832","Synthetic demo taxonomy in DADA2-compatible format; replace before biological interpretation"
"ASV9833","Bacteria","Firmicutes","Clostridia","Lachnospirales","Lachnospiraceae","Roseburia","intestinalis","Roseburia intestinalis","Roseburia intestinalis ASV9833","Synthetic demo taxonomy in DADA2-compatible format; replace before biological interpretation"
"ASV9834","Bacteria","Firmicutes","Clostridia","Lachnospirales","Lachnospiraceae","Blautia","obeum","Blautia obeum","Blautia obeum ASV9834","Synthetic demo taxonomy in DADA2-compatible format; replace before biological interpretation"
"ASV9835","Bacteria","Firmicutes","Clostridia","Oscillospirales","Ruminococcaceae","Ruminococcus","bromii","Ruminococcus bromii","Ruminococcus bromii ASV9835","Synthetic demo taxonomy in DADA2-compatible format; replace before biological interpretation"
"ASV9836","Bacteria","Verrucomicrobiota","Verrucomicrobiae","Verrucomicrobiales","Akkermansiaceae","Akkermansia","muciniphila","Akkermansia muciniphila","Akkermansia muciniphila ASV9836","Synthetic demo taxonomy in DADA2-compatible format; replace before biological interpretation"
"ASV9837","Bacteria","Actinobacteriota","Actinobacteria","Bifidobacteriales","Bifidobacteriaceae","Bifidobacterium","longum","Bifidobacterium longum","Bifidobacterium longum ASV9837","Synthetic demo taxonomy in DADA2-compatible format; replace before biological interpretation"
"ASV9838","Bacteria","Proteobacteria","Gammaproteobacteria","Enterobacterales","Enterobacteriaceae","Escherichia","coli","Escherichia coli","Escherichia coli ASV9838","Synthetic demo taxonomy in DADA2-compatible format; replace before biological interpretation"
"ASV10437","Bacteria","Proteobacteria","Gammaproteobacteria","Enterobacterales","Enterobacteriaceae","Klebsiella","pneumoniae","Klebsiella pneumoniae","Klebsiella pneumoniae ASV10437","Synthetic demo taxonomy in DADA2-compatible format; replace before biological interpretation"
"ASV10438","Bacteria","Firmicutes","Bacilli","Lactobacillales","Enterococcaceae","Enterococcus","faecalis","Enterococcus faecalis","Enterococcus faecalis ASV10438","Synthetic demo taxonomy in DADA2-compatible format; replace before biological interpretation"
"ASV10439","Bacteria","Firmicutes","Bacilli","Lactobacillales","Lactobacillaceae","Lactobacillus","gasseri","Lactobacillus gasseri","Lactobacillus gasseri ASV10439","Synthetic demo taxonomy in DADA2-compatible format; replace before biological interpretation"
"ASV10440","Bacteria","Firmicutes","Bacilli","Lactobacillales","Streptococcaceae","Streptococcus","salivarius","Streptococcus salivarius","Streptococcus salivarius ASV10440","Synthetic demo taxonomy in DADA2-compatible format; replace before biological interpretation"
"ASV10441","Bacteria","Firmicutes","Negativicutes","Veillonellales","Veillonellaceae","Veillonella","parvula","Veillonella parvula","Veillonella parvula ASV10441","Synthetic demo taxonomy in DADA2-compatible format; replace before biological interpretation"
"ASV10442","Bacteria","Fusobacteriota","Fusobacteriia","Fusobacteriales","Fusobacteriaceae","Fusobacterium","nucleatum","Fusobacterium nucleatum","Fusobacterium nucleatum ASV10442","Synthetic demo taxonomy in DADA2-compatible format; replace before biological interpretation"
"ASV10443","Bacteria","Bacteroidota","Bacteroidia","Bacteroidales","Rikenellaceae","Alistipes","putredinis","Alistipes putredinis","Alistipes putredinis ASV10443","Synthetic demo taxonomy in DADA2-compatible format; replace before biological interpretation"
"ASV10444","Bacteria","Bacteroidota","Bacteroidia","Bacteroidales","Tannerellaceae","Parabacteroides","distasonis","Parabacteroides distasonis","Parabacteroides distasonis ASV10444","Synthetic demo taxonomy in DADA2-compatible format; replace before biological interpretation"
"ASV10445","Bacteria","Actinobacteriota","Coriobacteriia","Coriobacteriales","Coriobacteriaceae","Collinsella","aerofaciens","Collinsella aerofaciens","Collinsella aerofaciens ASV10445","Synthetic demo taxonomy in DADA2-compatible format; replace before biological interpretation"
"ASV10446","Bacteria","Firmicutes","Clostridia","Lachnospirales","Lachnospiraceae","Coprococcus","comes","Coprococcus comes","Coprococcus comes ASV10446","Synthetic demo taxonomy in DADA2-compatible format; replace before biological interpretation"
"ASV10447","Bacteria","Firmicutes","Clostridia","Lachnospirales","Lachnospiraceae","Eubacterium","rectale","Eubacterium rectale","Eubacterium rectale ASV10447","Synthetic demo taxonomy in DADA2-compatible format; replace before biological interpretation"
"ASV10448","Bacteria","Firmicutes","Clostridia","Lachnospirales","Lachnospiraceae","Anaerostipes","hadrus","Anaerostipes hadrus","Anaerostipes hadrus ASV10448","Synthetic demo taxonomy in DADA2-compatible format; replace before biological interpretation"
"ASV10449","Bacteria","Firmicutes","Clostridia","Lachnospirales","Lachnospiraceae","Dorea","longicatena","Dorea longicatena","Dorea longicatena ASV10449","Synthetic demo taxonomy in DADA2-compatible format; replace before biological interpretation"
"ASV10450","Archaea","Methanobacteriota","Methanobacteria","Methanobacteriales","Methanobacteriaceae","Methanobrevibacter","smithii","Methanobrevibacter smithii","Methanobrevibacter smithii ASV10450","Synthetic demo taxonomy in DADA2-compatible format; replace before biological interpretation"
"ASV10451","Bacteria","Firmicutes","Clostridia","Christensenellales","Christensenellaceae","Christensenella","minuta","Christensenella minuta","Christensenella minuta ASV10451","Synthetic demo taxonomy in DADA2-compatible format; replace before biological interpretation"
"ASV10452","Bacteria","Bacteroidota","Bacteroidia","Bacteroidales","Bacteroidaceae","Bacteroides","vulgatus","Bacteroides vulgatus","Bacteroides vulgatus ASV10452","Synthetic demo taxonomy in DADA2-compatible format; replace before biological interpretation"
"ASV10453","Bacteria","Bacteroidota","Bacteroidia","Bacteroidales","Prevotellaceae","Prevotella","copri","Prevotella copri","Prevotella copri ASV10453","Synthetic demo taxonomy in DADA2-compatible format; replace before biological interpretation"
"ASV10454","Bacteria","Firmicutes","Clostridia","Oscillospirales","Ruminococcaceae","Faecalibacterium","prausnitzii","Faecalibacterium prausnitzii","Faecalibacterium prausnitzii ASV10454","Synthetic demo taxonomy in DADA2-compatible format; replace before biological interpretation"
"ASV10455","Bacteria","Firmicutes","Clostridia","Lachnospirales","Lachnospiraceae","Roseburia","intestinalis","Roseburia intestinalis","Roseburia intestinalis ASV10455","Synthetic demo taxonomy in DADA2-compatible format; replace before biological interpretation"
"ASV10456","Bacteria","Firmicutes","Clostridia","Lachnospirales","Lachnospiraceae","Blautia","obeum","Blautia obeum","Blautia obeum ASV10456","Synthetic demo taxonomy in DADA2-compatible format; replace before biological interpretation"
"ASV10457","Bacteria","Firmicutes","Clostridia","Oscillospirales","Ruminococcaceae","Ruminococcus","bromii","Ruminococcus bromii","Ruminococcus bromii ASV10457","Synthetic demo taxonomy in DADA2-compatible format; replace before biological interpretation"
"ASV10458","Bacteria","Verrucomicrobiota","Verrucomicrobiae","Verrucomicrobiales","Akkermansiaceae","Akkermansia","muciniphila","Akkermansia muciniphila","Akkermansia muciniphila ASV10458","Synthetic demo taxonomy in DADA2-compatible format; replace before biological interpretation"
"ASV10459","Bacteria","Actinobacteriota","Actinobacteria","Bifidobacteriales","Bifidobacteriaceae","Bifidobacterium","longum","Bifidobacterium longum","Bifidobacterium longum ASV10459","Synthetic demo taxonomy in DADA2-compatible format; replace before biological interpretation"
"ASV10460","Bacteria","Proteobacteria","Gammaproteobacteria","Enterobacterales","Enterobacteriaceae","Escherichia","coli","Escherichia coli","Escherichia coli ASV10460","Synthetic demo taxonomy in DADA2-compatible format; replace before biological interpretation"
"ASV10461","Bacteria","Proteobacteria","Gammaproteobacteria","Enterobacterales","Enterobacteriaceae","Klebsiella","pneumoniae","Klebsiella pneumoniae","Klebsiella pneumoniae ASV10461","Synthetic demo taxonomy in DADA2-compatible format; replace before biological interpretation"
"ASV11272","Bacteria","Firmicutes","Bacilli","Lactobacillales","Enterococcaceae","Enterococcus","faecalis","Enterococcus faecalis","Enterococcus faecalis ASV11272","Synthetic demo taxonomy in DADA2-compatible format; replace before biological interpretation"
"ASV11273","Bacteria","Firmicutes","Bacilli","Lactobacillales","Lactobacillaceae","Lactobacillus","gasseri","Lactobacillus gasseri","Lactobacillus gasseri ASV11273","Synthetic demo taxonomy in DADA2-compatible format; replace before biological interpretation"
"ASV11274","Bacteria","Firmicutes","Bacilli","Lactobacillales","Streptococcaceae","Streptococcus","salivarius","Streptococcus salivarius","Streptococcus salivarius ASV11274","Synthetic demo taxonomy in DADA2-compatible format; replace before biological interpretation"
"ASV11275","Bacteria","Firmicutes","Negativicutes","Veillonellales","Veillonellaceae","Veillonella","parvula","Veillonella parvula","Veillonella parvula ASV11275","Synthetic demo taxonomy in DADA2-compatible format; replace before biological interpretation"
"ASV11276","Bacteria","Fusobacteriota","Fusobacteriia","Fusobacteriales","Fusobacteriaceae","Fusobacterium","nucleatum","Fusobacterium nucleatum","Fusobacterium nucleatum ASV11276","Synthetic demo taxonomy in DADA2-compatible format; replace before biological interpretation"
"ASV11277","Bacteria","Bacteroidota","Bacteroidia","Bacteroidales","Rikenellaceae","Alistipes","putredinis","Alistipes putredinis","Alistipes putredinis ASV11277","Synthetic demo taxonomy in DADA2-compatible format; replace before biological interpretation"
"ASV11278","Bacteria","Bacteroidota","Bacteroidia","Bacteroidales","Tannerellaceae","Parabacteroides","distasonis","Parabacteroides distasonis","Parabacteroides distasonis ASV11278","Synthetic demo taxonomy in DADA2-compatible format; replace before biological interpretation"
"ASV11279","Bacteria","Actinobacteriota","Coriobacteriia","Coriobacteriales","Coriobacteriaceae","Collinsella","aerofaciens","Collinsella aerofaciens","Collinsella aerofaciens ASV11279","Synthetic demo taxonomy in DADA2-compatible format; replace before biological interpretation"
"ASV11280","Bacteria","Firmicutes","Clostridia","Lachnospirales","Lachnospiraceae","Coprococcus","comes","Coprococcus comes","Coprococcus comes ASV11280","Synthetic demo taxonomy in DADA2-compatible format; replace before biological interpretation"
"ASV11281","Bacteria","Firmicutes","Clostridia","Lachnospirales","Lachnospiraceae","Eubacterium","rectale","Eubacterium rectale","Eubacterium rectale ASV11281","Synthetic demo taxonomy in DADA2-compatible format; replace before biological interpretation"
"ASV11282","Bacteria","Firmicutes","Clostridia","Lachnospirales","Lachnospiraceae","Anaerostipes","hadrus","Anaerostipes hadrus","Anaerostipes hadrus ASV11282","Synthetic demo taxonomy in DADA2-compatible format; replace before biological interpretation"
"ASV11283","Bacteria","Firmicutes","Clostridia","Lachnospirales","Lachnospiraceae","Dorea","longicatena","Dorea longicatena","Dorea longicatena ASV11283","Synthetic demo taxonomy in DADA2-compatible format; replace before biological interpretation"
"ASV11284","Archaea","Methanobacteriota","Methanobacteria","Methanobacteriales","Methanobacteriaceae","Methanobrevibacter","smithii","Methanobrevibacter smithii","Methanobrevibacter smithii ASV11284","Synthetic demo taxonomy in DADA2-compatible format; replace before biological interpretation"
"ASV11285","Bacteria","Firmicutes","Clostridia","Christensenellales","Christensenellaceae","Christensenella","minuta","Christensenella minuta","Christensenella minuta ASV11285","Synthetic demo taxonomy in DADA2-compatible format; replace before biological interpretation"
"ASV11286","Bacteria","Bacteroidota","Bacteroidia","Bacteroidales","Bacteroidaceae","Bacteroides","vulgatus","Bacteroides vulgatus","Bacteroides vulgatus ASV11286","Synthetic demo taxonomy in DADA2-compatible format; replace before biological interpretation"
"ASV11287","Bacteria","Bacteroidota","Bacteroidia","Bacteroidales","Prevotellaceae","Prevotella","copri","Prevotella copri","Prevotella copri ASV11287","Synthetic demo taxonomy in DADA2-compatible format; replace before biological interpretation"
"ASV11288","Bacteria","Firmicutes","Clostridia","Oscillospirales","Ruminococcaceae","Faecalibacterium","prausnitzii","Faecalibacterium prausnitzii","Faecalibacterium prausnitzii ASV11288","Synthetic demo taxonomy in DADA2-compatible format; replace before biological interpretation"
"ASV11289","Bacteria","Firmicutes","Clostridia","Lachnospirales","Lachnospiraceae","Roseburia","intestinalis","Roseburia intestinalis","Roseburia intestinalis ASV11289","Synthetic demo taxonomy in DADA2-compatible format; replace before biological interpretation"
"ASV11290","Bacteria","Firmicutes","Clostridia","Lachnospirales","Lachnospiraceae","Blautia","obeum","Blautia obeum","Blautia obeum ASV11290","Synthetic demo taxonomy in DADA2-compatible format; replace before biological interpretation"
"ASV11291","Bacteria","Firmicutes","Clostridia","Oscillospirales","Ruminococcaceae","Ruminococcus","bromii","Ruminococcus bromii","Ruminococcus bromii ASV11291","Synthetic demo taxonomy in DADA2-compatible format; replace before biological interpretation"
"ASV11292","Bacteria","Verrucomicrobiota","Verrucomicrobiae","Verrucomicrobiales","Akkermansiaceae","Akkermansia","muciniphila","Akkermansia muciniphila","Akkermansia muciniphila ASV11292","Synthetic demo taxonomy in DADA2-compatible format; replace before biological interpretation"
"ASV11293","Bacteria","Actinobacteriota","Actinobacteria","Bifidobacteriales","Bifidobacteriaceae","Bifidobacterium","longum","Bifidobacterium longum","Bifidobacterium longum ASV11293","Synthetic demo taxonomy in DADA2-compatible format; replace before biological interpretation"
"ASV11294","Bacteria","Proteobacteria","Gammaproteobacteria","Enterobacterales","Enterobacteriaceae","Escherichia","coli","Escherichia coli","Escherichia coli ASV11294","Synthetic demo taxonomy in DADA2-compatible format; replace before biological interpretation"
"ASV11295","Bacteria","Proteobacteria","Gammaproteobacteria","Enterobacterales","Enterobacteriaceae","Klebsiella","pneumoniae","Klebsiella pneumoniae","Klebsiella pneumoniae ASV11295","Synthetic demo taxonomy in DADA2-compatible format; replace before biological interpretation"
"ASV11296","Bacteria","Firmicutes","Bacilli","Lactobacillales","Enterococcaceae","Enterococcus","faecalis","Enterococcus faecalis","Enterococcus faecalis ASV11296","Synthetic demo taxonomy in DADA2-compatible format; replace before biological interpretation"
"ASV11297","Bacteria","Firmicutes","Bacilli","Lactobacillales","Lactobacillaceae","Lactobacillus","gasseri","Lactobacillus gasseri","Lactobacillus gasseri ASV11297","Synthetic demo taxonomy in DADA2-compatible format; replace before biological interpretation"
"ASV11298","Bacteria","Firmicutes","Bacilli","Lactobacillales","Streptococcaceae","Streptococcus","salivarius","Streptococcus salivarius","Streptococcus salivarius ASV11298","Synthetic demo taxonomy in DADA2-compatible format; replace before biological interpretation"
"ASV11299","Bacteria","Firmicutes","Negativicutes","Veillonellales","Veillonellaceae","Veillonella","parvula","Veillonella parvula","Veillonella parvula ASV11299","Synthetic demo taxonomy in DADA2-compatible format; replace before biological interpretation"
"ASV11300","Bacteria","Fusobacteriota","Fusobacteriia","Fusobacteriales","Fusobacteriaceae","Fusobacterium","nucleatum","Fusobacterium nucleatum","Fusobacterium nucleatum ASV11300","Synthetic demo taxonomy in DADA2-compatible format; replace before biological interpretation"
"ASV11301","Bacteria","Bacteroidota","Bacteroidia","Bacteroidales","Rikenellaceae","Alistipes","putredinis","Alistipes putredinis","Alistipes putredinis ASV11301","Synthetic demo taxonomy in DADA2-compatible format; replace before biological interpretation"
"ASV11302","Bacteria","Bacteroidota","Bacteroidia","Bacteroidales","Tannerellaceae","Parabacteroides","distasonis","Parabacteroides distasonis","Parabacteroides distasonis ASV11302","Synthetic demo taxonomy in DADA2-compatible format; replace before biological interpretation"
"ASV11303","Bacteria","Actinobacteriota","Coriobacteriia","Coriobacteriales","Coriobacteriaceae","Collinsella","aerofaciens","Collinsella aerofaciens","Collinsella aerofaciens ASV11303","Synthetic demo taxonomy in DADA2-compatible format; replace before biological interpretation"
"ASV12278","Bacteria","Firmicutes","Clostridia","Lachnospirales","Lachnospiraceae","Coprococcus","comes","Coprococcus comes","Coprococcus comes ASV12278","Synthetic demo taxonomy in DADA2-compatible format; replace before biological interpretation"
"ASV12279","Bacteria","Firmicutes","Clostridia","Lachnospirales","Lachnospiraceae","Eubacterium","rectale","Eubacterium rectale","Eubacterium rectale ASV12279","Synthetic demo taxonomy in DADA2-compatible format; replace before biological interpretation"
"ASV12280","Bacteria","Firmicutes","Clostridia","Lachnospirales","Lachnospiraceae","Anaerostipes","hadrus","Anaerostipes hadrus","Anaerostipes hadrus ASV12280","Synthetic demo taxonomy in DADA2-compatible format; replace before biological interpretation"
"ASV12281","Bacteria","Firmicutes","Clostridia","Lachnospirales","Lachnospiraceae","Dorea","longicatena","Dorea longicatena","Dorea longicatena ASV12281","Synthetic demo taxonomy in DADA2-compatible format; replace before biological interpretation"
"ASV12282","Archaea","Methanobacteriota","Methanobacteria","Methanobacteriales","Methanobacteriaceae","Methanobrevibacter","smithii","Methanobrevibacter smithii","Methanobrevibacter smithii ASV12282","Synthetic demo taxonomy in DADA2-compatible format; replace before biological interpretation"
"ASV12283","Bacteria","Firmicutes","Clostridia","Christensenellales","Christensenellaceae","Christensenella","minuta","Christensenella minuta","Christensenella minuta ASV12283","Synthetic demo taxonomy in DADA2-compatible format; replace before biological interpretation"
"ASV12284","Bacteria","Bacteroidota","Bacteroidia","Bacteroidales","Bacteroidaceae","Bacteroides","vulgatus","Bacteroides vulgatus","Bacteroides vulgatus ASV12284","Synthetic demo taxonomy in DADA2-compatible format; replace before biological interpretation"
"ASV12285","Bacteria","Bacteroidota","Bacteroidia","Bacteroidales","Prevotellaceae","Prevotella","copri","Prevotella copri","Prevotella copri ASV12285","Synthetic demo taxonomy in DADA2-compatible format; replace before biological interpretation"
"ASV12286","Bacteria","Firmicutes","Clostridia","Oscillospirales","Ruminococcaceae","Faecalibacterium","prausnitzii","Faecalibacterium prausnitzii","Faecalibacterium prausnitzii ASV12286","Synthetic demo taxonomy in DADA2-compatible format; replace before biological interpretation"
"ASV12287","Bacteria","Firmicutes","Clostridia","Lachnospirales","Lachnospiraceae","Roseburia","intestinalis","Roseburia intestinalis","Roseburia intestinalis ASV12287","Synthetic demo taxonomy in DADA2-compatible format; replace before biological interpretation"
"ASV12288","Bacteria","Firmicutes","Clostridia","Lachnospirales","Lachnospiraceae","Blautia","obeum","Blautia obeum","Blautia obeum ASV12288","Synthetic demo taxonomy in DADA2-compatible format; replace before biological interpretation"
"ASV12289","Bacteria","Firmicutes","Clostridia","Oscillospirales","Ruminococcaceae","Ruminococcus","bromii","Ruminococcus bromii","Ruminococcus bromii ASV12289","Synthetic demo taxonomy in DADA2-compatible format; replace before biological interpretation"
"ASV12290","Bacteria","Verrucomicrobiota","Verrucomicrobiae","Verrucomicrobiales","Akkermansiaceae","Akkermansia","muciniphila","Akkermansia muciniphila","Akkermansia muciniphila ASV12290","Synthetic demo taxonomy in DADA2-compatible format; replace before biological interpretation"
"ASV12291","Bacteria","Actinobacteriota","Actinobacteria","Bifidobacteriales","Bifidobacteriaceae","Bifidobacterium","longum","Bifidobacterium longum","Bifidobacterium longum ASV12291","Synthetic demo taxonomy in DADA2-compatible format; replace before biological interpretation"
"ASV12292","Bacteria","Proteobacteria","Gammaproteobacteria","Enterobacterales","Enterobacteriaceae","Escherichia","coli","Escherichia coli","Escherichia coli ASV12292","Synthetic demo taxonomy in DADA2-compatible format; replace before biological interpretation"
"ASV12293","Bacteria","Proteobacteria","Gammaproteobacteria","Enterobacterales","Enterobacteriaceae","Klebsiella","pneumoniae","Klebsiella pneumoniae","Klebsiella pneumoniae ASV12293","Synthetic demo taxonomy in DADA2-compatible format; replace before biological interpretation"
"ASV12294","Bacteria","Firmicutes","Bacilli","Lactobacillales","Enterococcaceae","Enterococcus","faecalis","Enterococcus faecalis","Enterococcus faecalis ASV12294","Synthetic demo taxonomy in DADA2-compatible format; replace before biological interpretation"
"ASV12295","Bacteria","Firmicutes","Bacilli","Lactobacillales","Lactobacillaceae","Lactobacillus","gasseri","Lactobacillus gasseri","Lactobacillus gasseri ASV12295","Synthetic demo taxonomy in DADA2-compatible format; replace before biological interpretation"
"ASV12296","Bacteria","Firmicutes","Bacilli","Lactobacillales","Streptococcaceae","Streptococcus","salivarius","Streptococcus salivarius","Streptococcus salivarius ASV12296","Synthetic demo taxonomy in DADA2-compatible format; replace before biological interpretation"
"ASV12297","Bacteria","Firmicutes","Negativicutes","Veillonellales","Veillonellaceae","Veillonella","parvula","Veillonella parvula","Veillonella parvula ASV12297","Synthetic demo taxonomy in DADA2-compatible format; replace before biological interpretation"
"ASV12298","Bacteria","Fusobacteriota","Fusobacteriia","Fusobacteriales","Fusobacteriaceae","Fusobacterium","nucleatum","Fusobacterium nucleatum","Fusobacterium nucleatum ASV12298","Synthetic demo taxonomy in DADA2-compatible format; replace before biological interpretation"
"ASV12299","Bacteria","Bacteroidota","Bacteroidia","Bacteroidales","Rikenellaceae","Alistipes","putredinis","Alistipes putredinis","Alistipes putredinis ASV12299","Synthetic demo taxonomy in DADA2-compatible format; replace before biological interpretation"
"ASV12300","Bacteria","Bacteroidota","Bacteroidia","Bacteroidales","Tannerellaceae","Parabacteroides","distasonis","Parabacteroides distasonis","Parabacteroides distasonis ASV12300","Synthetic demo taxonomy in DADA2-compatible format; replace before biological interpretation"
"ASV12301","Bacteria","Actinobacteriota","Coriobacteriia","Coriobacteriales","Coriobacteriaceae","Collinsella","aerofaciens","Collinsella aerofaciens","Collinsella aerofaciens ASV12301","Synthetic demo taxonomy in DADA2-compatible format; replace before biological interpretation"
"ASV12302","Bacteria","Firmicutes","Clostridia","Lachnospirales","Lachnospiraceae","Coprococcus","comes","Coprococcus comes","Coprococcus comes ASV12302","Synthetic demo taxonomy in DADA2-compatible format; replace before biological interpretation"
"ASV12303","Bacteria","Firmicutes","Clostridia","Lachnospirales","Lachnospiraceae","Eubacterium","rectale","Eubacterium rectale","Eubacterium rectale ASV12303","Synthetic demo taxonomy in DADA2-compatible format; replace before biological interpretation"
"ASV12304","Bacteria","Firmicutes","Clostridia","Lachnospirales","Lachnospiraceae","Anaerostipes","hadrus","Anaerostipes hadrus","Anaerostipes hadrus ASV12304","Synthetic demo taxonomy in DADA2-compatible format; replace before biological interpretation"
"ASV12305","Bacteria","Firmicutes","Clostridia","Lachnospirales","Lachnospiraceae","Dorea","longicatena","Dorea longicatena","Dorea longicatena ASV12305","Synthetic demo taxonomy in DADA2-compatible format; replace before biological interpretation"
"ASV12306","Archaea","Methanobacteriota","Methanobacteria","Methanobacteriales","Methanobacteriaceae","Methanobrevibacter","smithii","Methanobrevibacter smithii","Methanobrevibacter smithii ASV12306","Synthetic demo taxonomy in DADA2-compatible format; replace before biological interpretation"
"ASV12307","Bacteria","Firmicutes","Clostridia","Christensenellales","Christensenellaceae","Christensenella","minuta","Christensenella minuta","Christensenella minuta ASV12307","Synthetic demo taxonomy in DADA2-compatible format; replace before biological interpretation"
"ASV12308","Bacteria","Bacteroidota","Bacteroidia","Bacteroidales","Bacteroidaceae","Bacteroides","vulgatus","Bacteroides vulgatus","Bacteroides vulgatus ASV12308","Synthetic demo taxonomy in DADA2-compatible format; replace before biological interpretation"
"ASV12309","Bacteria","Bacteroidota","Bacteroidia","Bacteroidales","Prevotellaceae","Prevotella","copri","Prevotella copri","Prevotella copri ASV12309","Synthetic demo taxonomy in DADA2-compatible format; replace before biological interpretation"
"ASV12310","Bacteria","Firmicutes","Clostridia","Oscillospirales","Ruminococcaceae","Faecalibacterium","prausnitzii","Faecalibacterium prausnitzii","Faecalibacterium prausnitzii ASV12310","Synthetic demo taxonomy in DADA2-compatible format; replace before biological interpretation"
"ASV12311","Bacteria","Firmicutes","Clostridia","Lachnospirales","Lachnospiraceae","Roseburia","intestinalis","Roseburia intestinalis","Roseburia intestinalis ASV12311","Synthetic demo taxonomy in DADA2-compatible format; replace before biological interpretation"
"ASV12312","Bacteria","Firmicutes","Clostridia","Lachnospirales","Lachnospiraceae","Blautia","obeum","Blautia obeum","Blautia obeum ASV12312","Synthetic demo taxonomy in DADA2-compatible format; replace before biological interpretation"
"ASV12313","Bacteria","Firmicutes","Clostridia","Oscillospirales","Ruminococcaceae","Ruminococcus","bromii","Ruminococcus bromii","Ruminococcus bromii ASV12313","Synthetic demo taxonomy in DADA2-compatible format; replace before biological interpretation"
"ASV12314","Bacteria","Verrucomicrobiota","Verrucomicrobiae","Verrucomicrobiales","Akkermansiaceae","Akkermansia","muciniphila","Akkermansia muciniphila","Akkermansia muciniphila ASV12314","Synthetic demo taxonomy in DADA2-compatible format; replace before biological interpretation"
"ASV12315","Bacteria","Actinobacteriota","Actinobacteria","Bifidobacteriales","Bifidobacteriaceae","Bifidobacterium","longum","Bifidobacterium longum","Bifidobacterium longum ASV12315","Synthetic demo taxonomy in DADA2-compatible format; replace before biological interpretation"
"ASV12316","Bacteria","Proteobacteria","Gammaproteobacteria","Enterobacterales","Enterobacteriaceae","Escherichia","coli","Escherichia coli","Escherichia coli ASV12316","Synthetic demo taxonomy in DADA2-compatible format; replace before biological interpretation"
"ASV12317","Bacteria","Proteobacteria","Gammaproteobacteria","Enterobacterales","Enterobacteriaceae","Klebsiella","pneumoniae","Klebsiella pneumoniae","Klebsiella pneumoniae ASV12317","Synthetic demo taxonomy in DADA2-compatible format; replace before biological interpretation"
"ASV12318","Bacteria","Firmicutes","Bacilli","Lactobacillales","Enterococcaceae","Enterococcus","faecalis","Enterococcus faecalis","Enterococcus faecalis ASV12318","Synthetic demo taxonomy in DADA2-compatible format; replace before biological interpretation"
"ASV12319","Bacteria","Firmicutes","Bacilli","Lactobacillales","Lactobacillaceae","Lactobacillus","gasseri","Lactobacillus gasseri","Lactobacillus gasseri ASV12319","Synthetic demo taxonomy in DADA2-compatible format; replace before biological interpretation"
"ASV12320","Bacteria","Firmicutes","Bacilli","Lactobacillales","Streptococcaceae","Streptococcus","salivarius","Streptococcus salivarius","Streptococcus salivarius ASV12320","Synthetic demo taxonomy in DADA2-compatible format; replace before biological interpretation"
"ASV12321","Bacteria","Firmicutes","Negativicutes","Veillonellales","Veillonellaceae","Veillonella","parvula","Veillonella parvula","Veillonella parvula ASV12321","Synthetic demo taxonomy in DADA2-compatible format; replace before biological interpretation"
"ASV12322","Bacteria","Fusobacteriota","Fusobacteriia","Fusobacteriales","Fusobacteriaceae","Fusobacterium","nucleatum","Fusobacterium nucleatum","Fusobacterium nucleatum ASV12322","Synthetic demo taxonomy in DADA2-compatible format; replace before biological interpretation"
"ASV12323","Bacteria","Bacteroidota","Bacteroidia","Bacteroidales","Rikenellaceae","Alistipes","putredinis","Alistipes putredinis","Alistipes putredinis ASV12323","Synthetic demo taxonomy in DADA2-compatible format; replace before biological interpretation"
"ASV12324","Bacteria","Bacteroidota","Bacteroidia","Bacteroidales","Tannerellaceae","Parabacteroides","distasonis","Parabacteroides distasonis","Parabacteroides distasonis ASV12324","Synthetic demo taxonomy in DADA2-compatible format; replace before biological interpretation"
"ASV12325","Bacteria","Actinobacteriota","Coriobacteriia","Coriobacteriales","Coriobacteriaceae","Collinsella","aerofaciens","Collinsella aerofaciens","Collinsella aerofaciens ASV12325","Synthetic demo taxonomy in DADA2-compatible format; replace before biological interpretation"
"ASV13739","Bacteria","Firmicutes","Clostridia","Lachnospirales","Lachnospiraceae","Coprococcus","comes","Coprococcus comes","Coprococcus comes ASV13739","Synthetic demo taxonomy in DADA2-compatible format; replace before biological interpretation"
"ASV13740","Bacteria","Firmicutes","Clostridia","Lachnospirales","Lachnospiraceae","Eubacterium","rectale","Eubacterium rectale","Eubacterium rectale ASV13740","Synthetic demo taxonomy in DADA2-compatible format; replace before biological interpretation"
"ASV13741","Bacteria","Firmicutes","Clostridia","Lachnospirales","Lachnospiraceae","Anaerostipes","hadrus","Anaerostipes hadrus","Anaerostipes hadrus ASV13741","Synthetic demo taxonomy in DADA2-compatible format; replace before biological interpretation"
"ASV13742","Bacteria","Firmicutes","Clostridia","Lachnospirales","Lachnospiraceae","Dorea","longicatena","Dorea longicatena","Dorea longicatena ASV13742","Synthetic demo taxonomy in DADA2-compatible format; replace before biological interpretation"
"ASV13743","Archaea","Methanobacteriota","Methanobacteria","Methanobacteriales","Methanobacteriaceae","Methanobrevibacter","smithii","Methanobrevibacter smithii","Methanobrevibacter smithii ASV13743","Synthetic demo taxonomy in DADA2-compatible format; replace before biological interpretation"
"ASV13744","Bacteria","Firmicutes","Clostridia","Christensenellales","Christensenellaceae","Christensenella","minuta","Christensenella minuta","Christensenella minuta ASV13744","Synthetic demo taxonomy in DADA2-compatible format; replace before biological interpretation"
"ASV13745","Bacteria","Bacteroidota","Bacteroidia","Bacteroidales","Bacteroidaceae","Bacteroides","vulgatus","Bacteroides vulgatus","Bacteroides vulgatus ASV13745","Synthetic demo taxonomy in DADA2-compatible format; replace before biological interpretation"
"ASV13746","Bacteria","Bacteroidota","Bacteroidia","Bacteroidales","Prevotellaceae","Prevotella","copri","Prevotella copri","Prevotella copri ASV13746","Synthetic demo taxonomy in DADA2-compatible format; replace before biological interpretation"
"ASV13747","Bacteria","Firmicutes","Clostridia","Oscillospirales","Ruminococcaceae","Faecalibacterium","prausnitzii","Faecalibacterium prausnitzii","Faecalibacterium prausnitzii ASV13747","Synthetic demo taxonomy in DADA2-compatible format; replace before biological interpretation"
"ASV13748","Bacteria","Firmicutes","Clostridia","Lachnospirales","Lachnospiraceae","Roseburia","intestinalis","Roseburia intestinalis","Roseburia intestinalis ASV13748","Synthetic demo taxonomy in DADA2-compatible format; replace before biological interpretation"
"ASV13749","Bacteria","Firmicutes","Clostridia","Lachnospirales","Lachnospiraceae","Blautia","obeum","Blautia obeum","Blautia obeum ASV13749","Synthetic demo taxonomy in DADA2-compatible format; replace before biological interpretation"
"ASV13750","Bacteria","Firmicutes","Clostridia","Oscillospirales","Ruminococcaceae","Ruminococcus","bromii","Ruminococcus bromii","Ruminococcus bromii ASV13750","Synthetic demo taxonomy in DADA2-compatible format; replace before biological interpretation"
"ASV13751","Bacteria","Verrucomicrobiota","Verrucomicrobiae","Verrucomicrobiales","Akkermansiaceae","Akkermansia","muciniphila","Akkermansia muciniphila","Akkermansia muciniphila ASV13751","Synthetic demo taxonomy in DADA2-compatible format; replace before biological interpretation"
"ASV13752","Bacteria","Actinobacteriota","Actinobacteria","Bifidobacteriales","Bifidobacteriaceae","Bifidobacterium","longum","Bifidobacterium longum","Bifidobacterium longum ASV13752","Synthetic demo taxonomy in DADA2-compatible format; replace before biological interpretation"
"ASV13753","Bacteria","Proteobacteria","Gammaproteobacteria","Enterobacterales","Enterobacteriaceae","Escherichia","coli","Escherichia coli","Escherichia coli ASV13753","Synthetic demo taxonomy in DADA2-compatible format; replace before biological interpretation"
"ASV13754","Bacteria","Proteobacteria","Gammaproteobacteria","Enterobacterales","Enterobacteriaceae","Klebsiella","pneumoniae","Klebsiella pneumoniae","Klebsiella pneumoniae ASV13754","Synthetic demo taxonomy in DADA2-compatible format; replace before biological interpretation"
"ASV13755","Bacteria","Firmicutes","Bacilli","Lactobacillales","Enterococcaceae","Enterococcus","faecalis","Enterococcus faecalis","Enterococcus faecalis ASV13755","Synthetic demo taxonomy in DADA2-compatible format; replace before biological interpretation"
"ASV13756","Bacteria","Firmicutes","Bacilli","Lactobacillales","Lactobacillaceae","Lactobacillus","gasseri","Lactobacillus gasseri","Lactobacillus gasseri ASV13756","Synthetic demo taxonomy in DADA2-compatible format; replace before biological interpretation"
"ASV13757","Bacteria","Firmicutes","Bacilli","Lactobacillales","Streptococcaceae","Streptococcus","salivarius","Streptococcus salivarius","Streptococcus salivarius ASV13757","Synthetic demo taxonomy in DADA2-compatible format; replace before biological interpretation"
"ASV13758","Bacteria","Firmicutes","Negativicutes","Veillonellales","Veillonellaceae","Veillonella","parvula","Veillonella parvula","Veillonella parvula ASV13758","Synthetic demo taxonomy in DADA2-compatible format; replace before biological interpretation"
"ASV13759","Bacteria","Fusobacteriota","Fusobacteriia","Fusobacteriales","Fusobacteriaceae","Fusobacterium","nucleatum","Fusobacterium nucleatum","Fusobacterium nucleatum ASV13759","Synthetic demo taxonomy in DADA2-compatible format; replace before biological interpretation"
"ASV13760","Bacteria","Bacteroidota","Bacteroidia","Bacteroidales","Rikenellaceae","Alistipes","putredinis","Alistipes putredinis","Alistipes putredinis ASV13760","Synthetic demo taxonomy in DADA2-compatible format; replace before biological interpretation"
"ASV13761","Bacteria","Bacteroidota","Bacteroidia","Bacteroidales","Tannerellaceae","Parabacteroides","distasonis","Parabacteroides distasonis","Parabacteroides distasonis ASV13761","Synthetic demo taxonomy in DADA2-compatible format; replace before biological interpretation"
"ASV13762","Bacteria","Actinobacteriota","Coriobacteriia","Coriobacteriales","Coriobacteriaceae","Collinsella","aerofaciens","Collinsella aerofaciens","Collinsella aerofaciens ASV13762","Synthetic demo taxonomy in DADA2-compatible format; replace before biological interpretation"
"ASV13763","Bacteria","Firmicutes","Clostridia","Lachnospirales","Lachnospiraceae","Coprococcus","comes","Coprococcus comes","Coprococcus comes ASV13763","Synthetic demo taxonomy in DADA2-compatible format; replace before biological interpretation"
"ASV13764","Bacteria","Firmicutes","Clostridia","Lachnospirales","Lachnospiraceae","Eubacterium","rectale","Eubacterium rectale","Eubacterium rectale ASV13764","Synthetic demo taxonomy in DADA2-compatible format; replace before biological interpretation"
"ASV13765","Bacteria","Firmicutes","Clostridia","Lachnospirales","Lachnospiraceae","Anaerostipes","hadrus","Anaerostipes hadrus","Anaerostipes hadrus ASV13765","Synthetic demo taxonomy in DADA2-compatible format; replace before biological interpretation"
"ASV13766","Bacteria","Firmicutes","Clostridia","Lachnospirales","Lachnospiraceae","Dorea","longicatena","Dorea longicatena","Dorea longicatena ASV13766","Synthetic demo taxonomy in DADA2-compatible format; replace before biological interpretation"
"ASV13767","Archaea","Methanobacteriota","Methanobacteria","Methanobacteriales","Methanobacteriaceae","Methanobrevibacter","smithii","Methanobrevibacter smithii","Methanobrevibacter smithii ASV13767","Synthetic demo taxonomy in DADA2-compatible format; replace before biological interpretation"
"ASV13768","Bacteria","Firmicutes","Clostridia","Christensenellales","Christensenellaceae","Christensenella","minuta","Christensenella minuta","Christensenella minuta ASV13768","Synthetic demo taxonomy in DADA2-compatible format; replace before biological interpretation"
"ASV13769","Bacteria","Bacteroidota","Bacteroidia","Bacteroidales","Bacteroidaceae","Bacteroides","vulgatus","Bacteroides vulgatus","Bacteroides vulgatus ASV13769","Synthetic demo taxonomy in DADA2-compatible format; replace before biological interpretation"
"ASV13770","Bacteria","Bacteroidota","Bacteroidia","Bacteroidales","Prevotellaceae","Prevotella","copri","Prevotella copri","Prevotella copri ASV13770","Synthetic demo taxonomy in DADA2-compatible format; replace before biological interpretation"
"ASV13771","Bacteria","Firmicutes","Clostridia","Oscillospirales","Ruminococcaceae","Faecalibacterium","prausnitzii","Faecalibacterium prausnitzii","Faecalibacterium prausnitzii ASV13771","Synthetic demo taxonomy in DADA2-compatible format; replace before biological interpretation"
"ASV13772","Bacteria","Firmicutes","Clostridia","Lachnospirales","Lachnospiraceae","Roseburia","intestinalis","Roseburia intestinalis","Roseburia intestinalis ASV13772","Synthetic demo taxonomy in DADA2-compatible format; replace before biological interpretation"
"ASV13773","Bacteria","Firmicutes","Clostridia","Lachnospirales","Lachnospiraceae","Blautia","obeum","Blautia obeum","Blautia obeum ASV13773","Synthetic demo taxonomy in DADA2-compatible format; replace before biological interpretation"
"ASV13774","Bacteria","Firmicutes","Clostridia","Oscillospirales","Ruminococcaceae","Ruminococcus","bromii","Ruminococcus bromii","Ruminococcus bromii ASV13774","Synthetic demo taxonomy in DADA2-compatible format; replace before biological interpretation"
"ASV13775","Bacteria","Verrucomicrobiota","Verrucomicrobiae","Verrucomicrobiales","Akkermansiaceae","Akkermansia","muciniphila","Akkermansia muciniphila","Akkermansia muciniphila ASV13775","Synthetic demo taxonomy in DADA2-compatible format; replace before biological interpretation"
"ASV13776","Bacteria","Actinobacteriota","Actinobacteria","Bifidobacteriales","Bifidobacteriaceae","Bifidobacterium","longum","Bifidobacterium longum","Bifidobacterium longum ASV13776","Synthetic demo taxonomy in DADA2-compatible format; replace before biological interpretation"
"ASV13777","Bacteria","Proteobacteria","Gammaproteobacteria","Enterobacterales","Enterobacteriaceae","Escherichia","coli","Escherichia coli","Escherichia coli ASV13777","Synthetic demo taxonomy in DADA2-compatible format; replace before biological interpretation"
"ASV13778","Bacteria","Proteobacteria","Gammaproteobacteria","Enterobacterales","Enterobacteriaceae","Klebsiella","pneumoniae","Klebsiella pneumoniae","Klebsiella pneumoniae ASV13778","Synthetic demo taxonomy in DADA2-compatible format; replace before biological interpretation"
"ASV13779","Bacteria","Firmicutes","Bacilli","Lactobacillales","Enterococcaceae","Enterococcus","faecalis","Enterococcus faecalis","Enterococcus faecalis ASV13779","Synthetic demo taxonomy in DADA2-compatible format; replace before biological interpretation"
"ASV13780","Bacteria","Firmicutes","Bacilli","Lactobacillales","Lactobacillaceae","Lactobacillus","gasseri","Lactobacillus gasseri","Lactobacillus gasseri ASV13780","Synthetic demo taxonomy in DADA2-compatible format; replace before biological interpretation"
"ASV13781","Bacteria","Firmicutes","Bacilli","Lactobacillales","Streptococcaceae","Streptococcus","salivarius","Streptococcus salivarius","Streptococcus salivarius ASV13781","Synthetic demo taxonomy in DADA2-compatible format; replace before biological interpretation"
"ASV13782","Bacteria","Firmicutes","Negativicutes","Veillonellales","Veillonellaceae","Veillonella","parvula","Veillonella parvula","Veillonella parvula ASV13782","Synthetic demo taxonomy in DADA2-compatible format; replace before biological interpretation"
"ASV13783","Bacteria","Fusobacteriota","Fusobacteriia","Fusobacteriales","Fusobacteriaceae","Fusobacterium","nucleatum","Fusobacterium nucleatum","Fusobacterium nucleatum ASV13783","Synthetic demo taxonomy in DADA2-compatible format; replace before biological interpretation"
"ASV13784","Bacteria","Bacteroidota","Bacteroidia","Bacteroidales","Rikenellaceae","Alistipes","putredinis","Alistipes putredinis","Alistipes putredinis ASV13784","Synthetic demo taxonomy in DADA2-compatible format; replace before biological interpretation"
"ASV13785","Bacteria","Bacteroidota","Bacteroidia","Bacteroidales","Tannerellaceae","Parabacteroides","distasonis","Parabacteroides distasonis","Parabacteroides distasonis ASV13785","Synthetic demo taxonomy in DADA2-compatible format; replace before biological interpretation"
"ASV13786","Bacteria","Actinobacteriota","Coriobacteriia","Coriobacteriales","Coriobacteriaceae","Collinsella","aerofaciens","Collinsella aerofaciens","Collinsella aerofaciens ASV13786","Synthetic demo taxonomy in DADA2-compatible format; replace before biological interpretation"
"ASV13787","Bacteria","Firmicutes","Clostridia","Lachnospirales","Lachnospiraceae","Coprococcus","comes","Coprococcus comes","Coprococcus comes ASV13787","Synthetic demo taxonomy in DADA2-compatible format; replace before biological interpretation"
"ASV13788","Bacteria","Firmicutes","Clostridia","Lachnospirales","Lachnospiraceae","Eubacterium","rectale","Eubacterium rectale","Eubacterium rectale ASV13788","Synthetic demo taxonomy in DADA2-compatible format; replace before biological interpretation"
"ASV13789","Bacteria","Firmicutes","Clostridia","Lachnospirales","Lachnospiraceae","Anaerostipes","hadrus","Anaerostipes hadrus","Anaerostipes hadrus ASV13789","Synthetic demo taxonomy in DADA2-compatible format; replace before biological interpretation"
"ASV13790","Bacteria","Firmicutes","Clostridia","Lachnospirales","Lachnospiraceae","Dorea","longicatena","Dorea longicatena","Dorea longicatena ASV13790","Synthetic demo taxonomy in DADA2-compatible format; replace before biological interpretation"
"ASV13791","Archaea","Methanobacteriota","Methanobacteria","Methanobacteriales","Methanobacteriaceae","Methanobrevibacter","smithii","Methanobrevibacter smithii","Methanobrevibacter smithii ASV13791","Synthetic demo taxonomy in DADA2-compatible format; replace before biological interpretation"
"ASV13792","Bacteria","Firmicutes","Clostridia","Christensenellales","Christensenellaceae","Christensenella","minuta","Christensenella minuta","Christensenella minuta ASV13792","Synthetic demo taxonomy in DADA2-compatible format; replace before biological interpretation"
"ASV13793","Bacteria","Bacteroidota","Bacteroidia","Bacteroidales","Bacteroidaceae","Bacteroides","vulgatus","Bacteroides vulgatus","Bacteroides vulgatus ASV13793","Synthetic demo taxonomy in DADA2-compatible format; replace before biological interpretation"
"ASV13794","Bacteria","Bacteroidota","Bacteroidia","Bacteroidales","Prevotellaceae","Prevotella","copri","Prevotella copri","Prevotella copri ASV13794","Synthetic demo taxonomy in DADA2-compatible format; replace before biological interpretation"
"ASV13795","Bacteria","Firmicutes","Clostridia","Oscillospirales","Ruminococcaceae","Faecalibacterium","prausnitzii","Faecalibacterium prausnitzii","Faecalibacterium prausnitzii ASV13795","Synthetic demo taxonomy in DADA2-compatible format; replace before biological interpretation"
"ASV13796","Bacteria","Firmicutes","Clostridia","Lachnospirales","Lachnospiraceae","Roseburia","intestinalis","Roseburia intestinalis","Roseburia intestinalis ASV13796","Synthetic demo taxonomy in DADA2-compatible format; replace before biological interpretation"
"ASV13797","Bacteria","Firmicutes","Clostridia","Lachnospirales","Lachnospiraceae","Blautia","obeum","Blautia obeum","Blautia obeum ASV13797","Synthetic demo taxonomy in DADA2-compatible format; replace before biological interpretation"
"ASV13798","Bacteria","Firmicutes","Clostridia","Oscillospirales","Ruminococcaceae","Ruminococcus","bromii","Ruminococcus bromii","Ruminococcus bromii ASV13798","Synthetic demo taxonomy in DADA2-compatible format; replace before biological interpretation"
"ASV13799","Bacteria","Verrucomicrobiota","Verrucomicrobiae","Verrucomicrobiales","Akkermansiaceae","Akkermansia","muciniphila","Akkermansia muciniphila","Akkermansia muciniphila ASV13799","Synthetic demo taxonomy in DADA2-compatible format; replace before biological interpretation"
"ASV13800","Bacteria","Actinobacteriota","Actinobacteria","Bifidobacteriales","Bifidobacteriaceae","Bifidobacterium","longum","Bifidobacterium longum","Bifidobacterium longum ASV13800","Synthetic demo taxonomy in DADA2-compatible format; replace before biological interpretation"
"ASV13801","Bacteria","Proteobacteria","Gammaproteobacteria","Enterobacterales","Enterobacteriaceae","Escherichia","coli","Escherichia coli","Escherichia coli ASV13801","Synthetic demo taxonomy in DADA2-compatible format; replace before biological interpretation"
"ASV13802","Bacteria","Proteobacteria","Gammaproteobacteria","Enterobacterales","Enterobacteriaceae","Klebsiella","pneumoniae","Klebsiella pneumoniae","Klebsiella pneumoniae ASV13802","Synthetic demo taxonomy in DADA2-compatible format; replace before biological interpretation"
"ASV13803","Bacteria","Firmicutes","Bacilli","Lactobacillales","Enterococcaceae","Enterococcus","faecalis","Enterococcus faecalis","Enterococcus faecalis ASV13803","Synthetic demo taxonomy in DADA2-compatible format; replace before biological interpretation"
"ASV13804","Bacteria","Firmicutes","Bacilli","Lactobacillales","Lactobacillaceae","Lactobacillus","gasseri","Lactobacillus gasseri","Lactobacillus gasseri ASV13804","Synthetic demo taxonomy in DADA2-compatible format; replace before biological interpretation"
"ASV13805","Bacteria","Firmicutes","Bacilli","Lactobacillales","Streptococcaceae","Streptococcus","salivarius","Streptococcus salivarius","Streptococcus salivarius ASV13805","Synthetic demo taxonomy in DADA2-compatible format; replace before biological interpretation"
"ASV13806","Bacteria","Firmicutes","Negativicutes","Veillonellales","Veillonellaceae","Veillonella","parvula","Veillonella parvula","Veillonella parvula ASV13806","Synthetic demo taxonomy in DADA2-compatible format; replace before biological interpretation"
"ASV13807","Bacteria","Fusobacteriota","Fusobacteriia","Fusobacteriales","Fusobacteriaceae","Fusobacterium","nucleatum","Fusobacterium nucleatum","Fusobacterium nucleatum ASV13807","Synthetic demo taxonomy in DADA2-compatible format; replace before biological interpretation"
"ASV13808","Bacteria","Bacteroidota","Bacteroidia","Bacteroidales","Rikenellaceae","Alistipes","putredinis","Alistipes putredinis","Alistipes putredinis ASV13808","Synthetic demo taxonomy in DADA2-compatible format; replace before biological interpretation"
"ASV13809","Bacteria","Bacteroidota","Bacteroidia","Bacteroidales","Tannerellaceae","Parabacteroides","distasonis","Parabacteroides distasonis","Parabacteroides distasonis ASV13809","Synthetic demo taxonomy in DADA2-compatible format; replace before biological interpretation"
"ASV13810","Bacteria","Actinobacteriota","Coriobacteriia","Coriobacteriales","Coriobacteriaceae","Collinsella","aerofaciens","Collinsella aerofaciens","Collinsella aerofaciens ASV13810","Synthetic demo taxonomy in DADA2-compatible format; replace before biological interpretation"
"ASV13811","Bacteria","Firmicutes","Clostridia","Lachnospirales","Lachnospiraceae","Coprococcus","comes","Coprococcus comes","Coprococcus comes ASV13811","Synthetic demo taxonomy in DADA2-compatible format; replace before biological interpretation"
"ASV13812","Bacteria","Firmicutes","Clostridia","Lachnospirales","Lachnospiraceae","Eubacterium","rectale","Eubacterium rectale","Eubacterium rectale ASV13812","Synthetic demo taxonomy in DADA2-compatible format; replace before biological interpretation"
"ASV13813","Bacteria","Firmicutes","Clostridia","Lachnospirales","Lachnospiraceae","Anaerostipes","hadrus","Anaerostipes hadrus","Anaerostipes hadrus ASV13813","Synthetic demo taxonomy in DADA2-compatible format; replace before biological interpretation"
"ASV13814","Bacteria","Firmicutes","Clostridia","Lachnospirales","Lachnospiraceae","Dorea","longicatena","Dorea longicatena","Dorea longicatena ASV13814","Synthetic demo taxonomy in DADA2-compatible format; replace before biological interpretation"
"ASV13815","Archaea","Methanobacteriota","Methanobacteria","Methanobacteriales","Methanobacteriaceae","Methanobrevibacter","smithii","Methanobrevibacter smithii","Methanobrevibacter smithii ASV13815","Synthetic demo taxonomy in DADA2-compatible format; replace before biological interpretation"
"ASV13816","Bacteria","Firmicutes","Clostridia","Christensenellales","Christensenellaceae","Christensenella","minuta","Christensenella minuta","Christensenella minuta ASV13816","Synthetic demo taxonomy in DADA2-compatible format; replace before biological interpretation"
"ASV13817","Bacteria","Bacteroidota","Bacteroidia","Bacteroidales","Bacteroidaceae","Bacteroides","vulgatus","Bacteroides vulgatus","Bacteroides vulgatus ASV13817","Synthetic demo taxonomy in DADA2-compatible format; replace before biological interpretation"
"ASV13818","Bacteria","Bacteroidota","Bacteroidia","Bacteroidales","Prevotellaceae","Prevotella","copri","Prevotella copri","Prevotella copri ASV13818","Synthetic demo taxonomy in DADA2-compatible format; replace before biological interpretation"
"ASV13819","Bacteria","Firmicutes","Clostridia","Oscillospirales","Ruminococcaceae","Faecalibacterium","prausnitzii","Faecalibacterium prausnitzii","Faecalibacterium prausnitzii ASV13819","Synthetic demo taxonomy in DADA2-compatible format; replace before biological interpretation"
"ASV13820","Bacteria","Firmicutes","Clostridia","Lachnospirales","Lachnospiraceae","Roseburia","intestinalis","Roseburia intestinalis","Roseburia intestinalis ASV13820","Synthetic demo taxonomy in DADA2-compatible format; replace before biological interpretation"
"ASV13821","Bacteria","Firmicutes","Clostridia","Lachnospirales","Lachnospiraceae","Blautia","obeum","Blautia obeum","Blautia obeum ASV13821","Synthetic demo taxonomy in DADA2-compatible format; replace before biological interpretation"
"ASV13822","Bacteria","Firmicutes","Clostridia","Oscillospirales","Ruminococcaceae","Ruminococcus","bromii","Ruminococcus bromii","Ruminococcus bromii ASV13822","Synthetic demo taxonomy in DADA2-compatible format; replace before biological interpretation"
"ASV13823","Bacteria","Verrucomicrobiota","Verrucomicrobiae","Verrucomicrobiales","Akkermansiaceae","Akkermansia","muciniphila","Akkermansia muciniphila","Akkermansia muciniphila ASV13823","Synthetic demo taxonomy in DADA2-compatible format; replace before biological interpretation"
"ASV13824","Bacteria","Actinobacteriota","Actinobacteria","Bifidobacteriales","Bifidobacteriaceae","Bifidobacterium","longum","Bifidobacterium longum","Bifidobacterium longum ASV13824","Synthetic demo taxonomy in DADA2-compatible format; replace before biological interpretation"
"ASV13825","Bacteria","Proteobacteria","Gammaproteobacteria","Enterobacterales","Enterobacteriaceae","Escherichia","coli","Escherichia coli","Escherichia coli ASV13825","Synthetic demo taxonomy in DADA2-compatible format; replace before biological interpretation"
"ASV13826","Bacteria","Proteobacteria","Gammaproteobacteria","Enterobacterales","Enterobacteriaceae","Klebsiella","pneumoniae","Klebsiella pneumoniae","Klebsiella pneumoniae ASV13826","Synthetic demo taxonomy in DADA2-compatible format; replace before biological interpretation"
"ASV13827","Bacteria","Firmicutes","Bacilli","Lactobacillales","Enterococcaceae","Enterococcus","faecalis","Enterococcus faecalis","Enterococcus faecalis ASV13827","Synthetic demo taxonomy in DADA2-compatible format; replace before biological interpretation"
"ASV13828","Bacteria","Firmicutes","Bacilli","Lactobacillales","Lactobacillaceae","Lactobacillus","gasseri","Lactobacillus gasseri","Lactobacillus gasseri ASV13828","Synthetic demo taxonomy in DADA2-compatible format; replace before biological interpretation"
"ASV13829","Bacteria","Firmicutes","Bacilli","Lactobacillales","Streptococcaceae","Streptococcus","salivarius","Streptococcus salivarius","Streptococcus salivarius ASV13829","Synthetic demo taxonomy in DADA2-compatible format; replace before biological interpretation"
"ASV13830","Bacteria","Firmicutes","Negativicutes","Veillonellales","Veillonellaceae","Veillonella","parvula","Veillonella parvula","Veillonella parvula ASV13830","Synthetic demo taxonomy in DADA2-compatible format; replace before biological interpretation"
"ASV13831","Bacteria","Fusobacteriota","Fusobacteriia","Fusobacteriales","Fusobacteriaceae","Fusobacterium","nucleatum","Fusobacterium nucleatum","Fusobacterium nucleatum ASV13831","Synthetic demo taxonomy in DADA2-compatible format; replace before biological interpretation"
"ASV13832","Bacteria","Bacteroidota","Bacteroidia","Bacteroidales","Rikenellaceae","Alistipes","putredinis","Alistipes putredinis","Alistipes putredinis ASV13832","Synthetic demo taxonomy in DADA2-compatible format; replace before biological interpretation"
"ASV13833","Bacteria","Bacteroidota","Bacteroidia","Bacteroidales","Tannerellaceae","Parabacteroides","distasonis","Parabacteroides distasonis","Parabacteroides distasonis ASV13833","Synthetic demo taxonomy in DADA2-compatible format; replace before biological interpretation"
"ASV13834","Bacteria","Actinobacteriota","Coriobacteriia","Coriobacteriales","Coriobacteriaceae","Collinsella","aerofaciens","Collinsella aerofaciens","Collinsella aerofaciens ASV13834","Synthetic demo taxonomy in DADA2-compatible format; replace before biological interpretation"
"ASV13835","Bacteria","Firmicutes","Clostridia","Lachnospirales","Lachnospiraceae","Coprococcus","comes","Coprococcus comes","Coprococcus comes ASV13835","Synthetic demo taxonomy in DADA2-compatible format; replace before biological interpretation"
"ASV13836","Bacteria","Firmicutes","Clostridia","Lachnospirales","Lachnospiraceae","Eubacterium","rectale","Eubacterium rectale","Eubacterium rectale ASV13836","Synthetic demo taxonomy in DADA2-compatible format; replace before biological interpretation"
"ASV16445","Bacteria","Firmicutes","Clostridia","Lachnospirales","Lachnospiraceae","Anaerostipes","hadrus","Anaerostipes hadrus","Anaerostipes hadrus ASV16445","Synthetic demo taxonomy in DADA2-compatible format; replace before biological interpretation"
"ASV16446","Bacteria","Firmicutes","Clostridia","Lachnospirales","Lachnospiraceae","Dorea","longicatena","Dorea longicatena","Dorea longicatena ASV16446","Synthetic demo taxonomy in DADA2-compatible format; replace before biological interpretation"
"ASV16447","Archaea","Methanobacteriota","Methanobacteria","Methanobacteriales","Methanobacteriaceae","Methanobrevibacter","smithii","Methanobrevibacter smithii","Methanobrevibacter smithii ASV16447","Synthetic demo taxonomy in DADA2-compatible format; replace before biological interpretation"
"ASV16448","Bacteria","Firmicutes","Clostridia","Christensenellales","Christensenellaceae","Christensenella","minuta","Christensenella minuta","Christensenella minuta ASV16448","Synthetic demo taxonomy in DADA2-compatible format; replace before biological interpretation"
"ASV16449","Bacteria","Bacteroidota","Bacteroidia","Bacteroidales","Bacteroidaceae","Bacteroides","vulgatus","Bacteroides vulgatus","Bacteroides vulgatus ASV16449","Synthetic demo taxonomy in DADA2-compatible format; replace before biological interpretation"
"ASV16450","Bacteria","Bacteroidota","Bacteroidia","Bacteroidales","Prevotellaceae","Prevotella","copri","Prevotella copri","Prevotella copri ASV16450","Synthetic demo taxonomy in DADA2-compatible format; replace before biological interpretation"
"ASV16451","Bacteria","Firmicutes","Clostridia","Oscillospirales","Ruminococcaceae","Faecalibacterium","prausnitzii","Faecalibacterium prausnitzii","Faecalibacterium prausnitzii ASV16451","Synthetic demo taxonomy in DADA2-compatible format; replace before biological interpretation"
"ASV16452","Bacteria","Firmicutes","Clostridia","Lachnospirales","Lachnospiraceae","Roseburia","intestinalis","Roseburia intestinalis","Roseburia intestinalis ASV16452","Synthetic demo taxonomy in DADA2-compatible format; replace before biological interpretation"
"ASV16453","Bacteria","Firmicutes","Clostridia","Lachnospirales","Lachnospiraceae","Blautia","obeum","Blautia obeum","Blautia obeum ASV16453","Synthetic demo taxonomy in DADA2-compatible format; replace before biological interpretation"
"ASV16454","Bacteria","Firmicutes","Clostridia","Oscillospirales","Ruminococcaceae","Ruminococcus","bromii","Ruminococcus bromii","Ruminococcus bromii ASV16454","Synthetic demo taxonomy in DADA2-compatible format; replace before biological interpretation"
"ASV16455","Bacteria","Verrucomicrobiota","Verrucomicrobiae","Verrucomicrobiales","Akkermansiaceae","Akkermansia","muciniphila","Akkermansia muciniphila","Akkermansia muciniphila ASV16455","Synthetic demo taxonomy in DADA2-compatible format; replace before biological interpretation"
"ASV16456","Bacteria","Actinobacteriota","Actinobacteria","Bifidobacteriales","Bifidobacteriaceae","Bifidobacterium","longum","Bifidobacterium longum","Bifidobacterium longum ASV16456","Synthetic demo taxonomy in DADA2-compatible format; replace before biological interpretation"
"ASV16457","Bacteria","Proteobacteria","Gammaproteobacteria","Enterobacterales","Enterobacteriaceae","Escherichia","coli","Escherichia coli","Escherichia coli ASV16457","Synthetic demo taxonomy in DADA2-compatible format; replace before biological interpretation"
"ASV16458","Bacteria","Proteobacteria","Gammaproteobacteria","Enterobacterales","Enterobacteriaceae","Klebsiella","pneumoniae","Klebsiella pneumoniae","Klebsiella pneumoniae ASV16458","Synthetic demo taxonomy in DADA2-compatible format; replace before biological interpretation"
"ASV16459","Bacteria","Firmicutes","Bacilli","Lactobacillales","Enterococcaceae","Enterococcus","faecalis","Enterococcus faecalis","Enterococcus faecalis ASV16459","Synthetic demo taxonomy in DADA2-compatible format; replace before biological interpretation"
"ASV16460","Bacteria","Firmicutes","Bacilli","Lactobacillales","Lactobacillaceae","Lactobacillus","gasseri","Lactobacillus gasseri","Lactobacillus gasseri ASV16460","Synthetic demo taxonomy in DADA2-compatible format; replace before biological interpretation"
"ASV16461","Bacteria","Firmicutes","Bacilli","Lactobacillales","Streptococcaceae","Streptococcus","salivarius","Streptococcus salivarius","Streptococcus salivarius ASV16461","Synthetic demo taxonomy in DADA2-compatible format; replace before biological interpretation"
"ASV16462","Bacteria","Firmicutes","Negativicutes","Veillonellales","Veillonellaceae","Veillonella","parvula","Veillonella parvula","Veillonella parvula ASV16462","Synthetic demo taxonomy in DADA2-compatible format; replace before biological interpretation"
"ASV16463","Bacteria","Fusobacteriota","Fusobacteriia","Fusobacteriales","Fusobacteriaceae","Fusobacterium","nucleatum","Fusobacterium nucleatum","Fusobacterium nucleatum ASV16463","Synthetic demo taxonomy in DADA2-compatible format; replace before biological interpretation"
"ASV16464","Bacteria","Bacteroidota","Bacteroidia","Bacteroidales","Rikenellaceae","Alistipes","putredinis","Alistipes putredinis","Alistipes putredinis ASV16464","Synthetic demo taxonomy in DADA2-compatible format; replace before biological interpretation"
"ASV16465","Bacteria","Bacteroidota","Bacteroidia","Bacteroidales","Tannerellaceae","Parabacteroides","distasonis","Parabacteroides distasonis","Parabacteroides distasonis ASV16465","Synthetic demo taxonomy in DADA2-compatible format; replace before biological interpretation"
"ASV16466","Bacteria","Actinobacteriota","Coriobacteriia","Coriobacteriales","Coriobacteriaceae","Collinsella","aerofaciens","Collinsella aerofaciens","Collinsella aerofaciens ASV16466","Synthetic demo taxonomy in DADA2-compatible format; replace before biological interpretation"
"ASV16467","Bacteria","Firmicutes","Clostridia","Lachnospirales","Lachnospiraceae","Coprococcus","comes","Coprococcus comes","Coprococcus comes ASV16467","Synthetic demo taxonomy in DADA2-compatible format; replace before biological interpretation"
"ASV16468","Bacteria","Firmicutes","Clostridia","Lachnospirales","Lachnospiraceae","Eubacterium","rectale","Eubacterium rectale","Eubacterium rectale ASV16468","Synthetic demo taxonomy in DADA2-compatible format; replace before biological interpretation"
"ASV16469","Bacteria","Firmicutes","Clostridia","Lachnospirales","Lachnospiraceae","Anaerostipes","hadrus","Anaerostipes hadrus","Anaerostipes hadrus ASV16469","Synthetic demo taxonomy in DADA2-compatible format; replace before biological interpretation"
"ASV16470","Bacteria","Firmicutes","Clostridia","Lachnospirales","Lachnospiraceae","Dorea","longicatena","Dorea longicatena","Dorea longicatena ASV16470","Synthetic demo taxonomy in DADA2-compatible format; replace before biological interpretation"
"ASV16471","Archaea","Methanobacteriota","Methanobacteria","Methanobacteriales","Methanobacteriaceae","Methanobrevibacter","smithii","Methanobrevibacter smithii","Methanobrevibacter smithii ASV16471","Synthetic demo taxonomy in DADA2-compatible format; replace before biological interpretation"
"ASV16472","Bacteria","Firmicutes","Clostridia","Christensenellales","Christensenellaceae","Christensenella","minuta","Christensenella minuta","Christensenella minuta ASV16472","Synthetic demo taxonomy in DADA2-compatible format; replace before biological interpretation"
"ASV16473","Bacteria","Bacteroidota","Bacteroidia","Bacteroidales","Bacteroidaceae","Bacteroides","vulgatus","Bacteroides vulgatus","Bacteroides vulgatus ASV16473","Synthetic demo taxonomy in DADA2-compatible format; replace before biological interpretation"
"ASV16474","Bacteria","Bacteroidota","Bacteroidia","Bacteroidales","Prevotellaceae","Prevotella","copri","Prevotella copri","Prevotella copri ASV16474","Synthetic demo taxonomy in DADA2-compatible format; replace before biological interpretation"
"ASV16475","Bacteria","Firmicutes","Clostridia","Oscillospirales","Ruminococcaceae","Faecalibacterium","prausnitzii","Faecalibacterium prausnitzii","Faecalibacterium prausnitzii ASV16475","Synthetic demo taxonomy in DADA2-compatible format; replace before biological interpretation"
"ASV16476","Bacteria","Firmicutes","Clostridia","Lachnospirales","Lachnospiraceae","Roseburia","intestinalis","Roseburia intestinalis","Roseburia intestinalis ASV16476","Synthetic demo taxonomy in DADA2-compatible format; replace before biological interpretation"
"ASV16477","Bacteria","Firmicutes","Clostridia","Lachnospirales","Lachnospiraceae","Blautia","obeum","Blautia obeum","Blautia obeum ASV16477","Synthetic demo taxonomy in DADA2-compatible format; replace before biological interpretation"
"ASV16478","Bacteria","Firmicutes","Clostridia","Oscillospirales","Ruminococcaceae","Ruminococcus","bromii","Ruminococcus bromii","Ruminococcus bromii ASV16478","Synthetic demo taxonomy in DADA2-compatible format; replace before biological interpretation"
"ASV16479","Bacteria","Verrucomicrobiota","Verrucomicrobiae","Verrucomicrobiales","Akkermansiaceae","Akkermansia","muciniphila","Akkermansia muciniphila","Akkermansia muciniphila ASV16479","Synthetic demo taxonomy in DADA2-compatible format; replace before biological interpretation"
"ASV16480","Bacteria","Actinobacteriota","Actinobacteria","Bifidobacteriales","Bifidobacteriaceae","Bifidobacterium","longum","Bifidobacterium longum","Bifidobacterium longum ASV16480","Synthetic demo taxonomy in DADA2-compatible format; replace before biological interpretation"
"ASV16481","Bacteria","Proteobacteria","Gammaproteobacteria","Enterobacterales","Enterobacteriaceae","Escherichia","coli","Escherichia coli","Escherichia coli ASV16481","Synthetic demo taxonomy in DADA2-compatible format; replace before biological interpretation"
"ASV16482","Bacteria","Proteobacteria","Gammaproteobacteria","Enterobacterales","Enterobacteriaceae","Klebsiella","pneumoniae","Klebsiella pneumoniae","Klebsiella pneumoniae ASV16482","Synthetic demo taxonomy in DADA2-compatible format; replace before biological interpretation"
"ASV16483","Bacteria","Firmicutes","Bacilli","Lactobacillales","Enterococcaceae","Enterococcus","faecalis","Enterococcus faecalis","Enterococcus faecalis ASV16483","Synthetic demo taxonomy in DADA2-compatible format; replace before biological interpretation"
"ASV16484","Bacteria","Firmicutes","Bacilli","Lactobacillales","Lactobacillaceae","Lactobacillus","gasseri","Lactobacillus gasseri","Lactobacillus gasseri ASV16484","Synthetic demo taxonomy in DADA2-compatible format; replace before biological interpretation"
"ASV16485","Bacteria","Firmicutes","Bacilli","Lactobacillales","Streptococcaceae","Streptococcus","salivarius","Streptococcus salivarius","Streptococcus salivarius ASV16485","Synthetic demo taxonomy in DADA2-compatible format; replace before biological interpretation"
"ASV16486","Bacteria","Firmicutes","Negativicutes","Veillonellales","Veillonellaceae","Veillonella","parvula","Veillonella parvula","Veillonella parvula ASV16486","Synthetic demo taxonomy in DADA2-compatible format; replace before biological interpretation"
"ASV16487","Bacteria","Fusobacteriota","Fusobacteriia","Fusobacteriales","Fusobacteriaceae","Fusobacterium","nucleatum","Fusobacterium nucleatum","Fusobacterium nucleatum ASV16487","Synthetic demo taxonomy in DADA2-compatible format; replace before biological interpretation"
"ASV16488","Bacteria","Bacteroidota","Bacteroidia","Bacteroidales","Rikenellaceae","Alistipes","putredinis","Alistipes putredinis","Alistipes putredinis ASV16488","Synthetic demo taxonomy in DADA2-compatible format; replace before biological interpretation"
"ASV16489","Bacteria","Bacteroidota","Bacteroidia","Bacteroidales","Tannerellaceae","Parabacteroides","distasonis","Parabacteroides distasonis","Parabacteroides distasonis ASV16489","Synthetic demo taxonomy in DADA2-compatible format; replace before biological interpretation"
"ASV16490","Bacteria","Actinobacteriota","Coriobacteriia","Coriobacteriales","Coriobacteriaceae","Collinsella","aerofaciens","Collinsella aerofaciens","Collinsella aerofaciens ASV16490","Synthetic demo taxonomy in DADA2-compatible format; replace before biological interpretation"
"ASV16491","Bacteria","Firmicutes","Clostridia","Lachnospirales","Lachnospiraceae","Coprococcus","comes","Coprococcus comes","Coprococcus comes ASV16491","Synthetic demo taxonomy in DADA2-compatible format; replace before biological interpretation"
"ASV16492","Bacteria","Firmicutes","Clostridia","Lachnospirales","Lachnospiraceae","Eubacterium","rectale","Eubacterium rectale","Eubacterium rectale ASV16492","Synthetic demo taxonomy in DADA2-compatible format; replace before biological interpretation"
"ASV16493","Bacteria","Firmicutes","Clostridia","Lachnospirales","Lachnospiraceae","Anaerostipes","hadrus","Anaerostipes hadrus","Anaerostipes hadrus ASV16493","Synthetic demo taxonomy in DADA2-compatible format; replace before biological interpretation"
"ASV16494","Bacteria","Firmicutes","Clostridia","Lachnospirales","Lachnospiraceae","Dorea","longicatena","Dorea longicatena","Dorea longicatena ASV16494","Synthetic demo taxonomy in DADA2-compatible format; replace before biological interpretation"
"ASV16495","Archaea","Methanobacteriota","Methanobacteria","Methanobacteriales","Methanobacteriaceae","Methanobrevibacter","smithii","Methanobrevibacter smithii","Methanobrevibacter smithii ASV16495","Synthetic demo taxonomy in DADA2-compatible format; replace before biological interpretation"
"ASV16496","Bacteria","Firmicutes","Clostridia","Christensenellales","Christensenellaceae","Christensenella","minuta","Christensenella minuta","Christensenella minuta ASV16496","Synthetic demo taxonomy in DADA2-compatible format; replace before biological interpretation"
"ASV16497","Bacteria","Bacteroidota","Bacteroidia","Bacteroidales","Bacteroidaceae","Bacteroides","vulgatus","Bacteroides vulgatus","Bacteroides vulgatus ASV16497","Synthetic demo taxonomy in DADA2-compatible format; replace before biological interpretation"
"ASV16498","Bacteria","Bacteroidota","Bacteroidia","Bacteroidales","Prevotellaceae","Prevotella","copri","Prevotella copri","Prevotella copri ASV16498","Synthetic demo taxonomy in DADA2-compatible format; replace before biological interpretation"
"ASV16499","Bacteria","Firmicutes","Clostridia","Oscillospirales","Ruminococcaceae","Faecalibacterium","prausnitzii","Faecalibacterium prausnitzii","Faecalibacterium prausnitzii ASV16499","Synthetic demo taxonomy in DADA2-compatible format; replace before biological interpretation"
"ASV16500","Bacteria","Firmicutes","Clostridia","Lachnospirales","Lachnospiraceae","Roseburia","intestinalis","Roseburia intestinalis","Roseburia intestinalis ASV16500","Synthetic demo taxonomy in DADA2-compatible format; replace before biological interpretation"
"ASV16501","Bacteria","Firmicutes","Clostridia","Lachnospirales","Lachnospiraceae","Blautia","obeum","Blautia obeum","Blautia obeum ASV16501","Synthetic demo taxonomy in DADA2-compatible format; replace before biological interpretation"
"ASV16502","Bacteria","Firmicutes","Clostridia","Oscillospirales","Ruminococcaceae","Ruminococcus","bromii","Ruminococcus bromii","Ruminococcus bromii ASV16502","Synthetic demo taxonomy in DADA2-compatible format; replace before biological interpretation"
"ASV16503","Bacteria","Verrucomicrobiota","Verrucomicrobiae","Verrucomicrobiales","Akkermansiaceae","Akkermansia","muciniphila","Akkermansia muciniphila","Akkermansia muciniphila ASV16503","Synthetic demo taxonomy in DADA2-compatible format; replace before biological interpretation"
"ASV16504","Bacteria","Actinobacteriota","Actinobacteria","Bifidobacteriales","Bifidobacteriaceae","Bifidobacterium","longum","Bifidobacterium longum","Bifidobacterium longum ASV16504","Synthetic demo taxonomy in DADA2-compatible format; replace before biological interpretation"
"ASV16505","Bacteria","Proteobacteria","Gammaproteobacteria","Enterobacterales","Enterobacteriaceae","Escherichia","coli","Escherichia coli","Escherichia coli ASV16505","Synthetic demo taxonomy in DADA2-compatible format; replace before biological interpretation"
"ASV16506","Bacteria","Proteobacteria","Gammaproteobacteria","Enterobacterales","Enterobacteriaceae","Klebsiella","pneumoniae","Klebsiella pneumoniae","Klebsiella pneumoniae ASV16506","Synthetic demo taxonomy in DADA2-compatible format; replace before biological interpretation"
"ASV16507","Bacteria","Firmicutes","Bacilli","Lactobacillales","Enterococcaceae","Enterococcus","faecalis","Enterococcus faecalis","Enterococcus faecalis ASV16507","Synthetic demo taxonomy in DADA2-compatible format; replace before biological interpretation"
"ASV16508","Bacteria","Firmicutes","Bacilli","Lactobacillales","Lactobacillaceae","Lactobacillus","gasseri","Lactobacillus gasseri","Lactobacillus gasseri ASV16508","Synthetic demo taxonomy in DADA2-compatible format; replace before biological interpretation"
"ASV16509","Bacteria","Firmicutes","Bacilli","Lactobacillales","Streptococcaceae","Streptococcus","salivarius","Streptococcus salivarius","Streptococcus salivarius ASV16509","Synthetic demo taxonomy in DADA2-compatible format; replace before biological interpretation"
"ASV16510","Bacteria","Firmicutes","Negativicutes","Veillonellales","Veillonellaceae","Veillonella","parvula","Veillonella parvula","Veillonella parvula ASV16510","Synthetic demo taxonomy in DADA2-compatible format; replace before biological interpretation"
"ASV16511","Bacteria","Fusobacteriota","Fusobacteriia","Fusobacteriales","Fusobacteriaceae","Fusobacterium","nucleatum","Fusobacterium nucleatum","Fusobacterium nucleatum ASV16511","Synthetic demo taxonomy in DADA2-compatible format; replace before biological interpretation"
"ASV16512","Bacteria","Bacteroidota","Bacteroidia","Bacteroidales","Rikenellaceae","Alistipes","putredinis","Alistipes putredinis","Alistipes putredinis ASV16512","Synthetic demo taxonomy in DADA2-compatible format; replace before biological interpretation"
"ASV16513","Bacteria","Bacteroidota","Bacteroidia","Bacteroidales","Tannerellaceae","Parabacteroides","distasonis","Parabacteroides distasonis","Parabacteroides distasonis ASV16513","Synthetic demo taxonomy in DADA2-compatible format; replace before biological interpretation"
"ASV16514","Bacteria","Actinobacteriota","Coriobacteriia","Coriobacteriales","Coriobacteriaceae","Collinsella","aerofaciens","Collinsella aerofaciens","Collinsella aerofaciens ASV16514","Synthetic demo taxonomy in DADA2-compatible format; replace before biological interpretation"
"ASV16515","Bacteria","Firmicutes","Clostridia","Lachnospirales","Lachnospiraceae","Coprococcus","comes","Coprococcus comes","Coprococcus comes ASV16515","Synthetic demo taxonomy in DADA2-compatible format; replace before biological interpretation"
"ASV16516","Bacteria","Firmicutes","Clostridia","Lachnospirales","Lachnospiraceae","Eubacterium","rectale","Eubacterium rectale","Eubacterium rectale ASV16516","Synthetic demo taxonomy in DADA2-compatible format; replace before biological interpretation"
"ASV16517","Bacteria","Firmicutes","Clostridia","Lachnospirales","Lachnospiraceae","Anaerostipes","hadrus","Anaerostipes hadrus","Anaerostipes hadrus ASV16517","Synthetic demo taxonomy in DADA2-compatible format; replace before biological interpretation"
"ASV16518","Bacteria","Firmicutes","Clostridia","Lachnospirales","Lachnospiraceae","Dorea","longicatena","Dorea longicatena","Dorea longicatena ASV16518","Synthetic demo taxonomy in DADA2-compatible format; replace before biological interpretation"
"ASV16519","Archaea","Methanobacteriota","Methanobacteria","Methanobacteriales","Methanobacteriaceae","Methanobrevibacter","smithii","Methanobrevibacter smithii","Methanobrevibacter smithii ASV16519","Synthetic demo taxonomy in DADA2-compatible format; replace before biological interpretation"
"ASV16520","Bacteria","Firmicutes","Clostridia","Christensenellales","Christensenellaceae","Christensenella","minuta","Christensenella minuta","Christensenella minuta ASV16520","Synthetic demo taxonomy in DADA2-compatible format; replace before biological interpretation"
"ASV16521","Bacteria","Bacteroidota","Bacteroidia","Bacteroidales","Bacteroidaceae","Bacteroides","vulgatus","Bacteroides vulgatus","Bacteroides vulgatus ASV16521","Synthetic demo taxonomy in DADA2-compatible format; replace before biological interpretation"
"ASV16522","Bacteria","Bacteroidota","Bacteroidia","Bacteroidales","Prevotellaceae","Prevotella","copri","Prevotella copri","Prevotella copri ASV16522","Synthetic demo taxonomy in DADA2-compatible format; replace before biological interpretation"
"ASV16523","Bacteria","Firmicutes","Clostridia","Oscillospirales","Ruminococcaceae","Faecalibacterium","prausnitzii","Faecalibacterium prausnitzii","Faecalibacterium prausnitzii ASV16523","Synthetic demo taxonomy in DADA2-compatible format; replace before biological interpretation"
"ASV16524","Bacteria","Firmicutes","Clostridia","Lachnospirales","Lachnospiraceae","Roseburia","intestinalis","Roseburia intestinalis","Roseburia intestinalis ASV16524","Synthetic demo taxonomy in DADA2-compatible format; replace before biological interpretation"
"ASV16525","Bacteria","Firmicutes","Clostridia","Lachnospirales","Lachnospiraceae","Blautia","obeum","Blautia obeum","Blautia obeum ASV16525","Synthetic demo taxonomy in DADA2-compatible format; replace before biological interpretation"
"ASV16526","Bacteria","Firmicutes","Clostridia","Oscillospirales","Ruminococcaceae","Ruminococcus","bromii","Ruminococcus bromii","Ruminococcus bromii ASV16526","Synthetic demo taxonomy in DADA2-compatible format; replace before biological interpretation"
"ASV16527","Bacteria","Verrucomicrobiota","Verrucomicrobiae","Verrucomicrobiales","Akkermansiaceae","Akkermansia","muciniphila","Akkermansia muciniphila","Akkermansia muciniphila ASV16527","Synthetic demo taxonomy in DADA2-compatible format; replace before biological interpretation"
"ASV16528","Bacteria","Actinobacteriota","Actinobacteria","Bifidobacteriales","Bifidobacteriaceae","Bifidobacterium","longum","Bifidobacterium longum","Bifidobacterium longum ASV16528","Synthetic demo taxonomy in DADA2-compatible format; replace before biological interpretation"
"ASV16529","Bacteria","Proteobacteria","Gammaproteobacteria","Enterobacterales","Enterobacteriaceae","Escherichia","coli","Escherichia coli","Escherichia coli ASV16529","Synthetic demo taxonomy in DADA2-compatible format; replace before biological interpretation"
"ASV16530","Bacteria","Proteobacteria","Gammaproteobacteria","Enterobacterales","Enterobacteriaceae","Klebsiella","pneumoniae","Klebsiella pneumoniae","Klebsiella pneumoniae ASV16530","Synthetic demo taxonomy in DADA2-compatible format; replace before biological interpretation"
"ASV16531","Bacteria","Firmicutes","Bacilli","Lactobacillales","Enterococcaceae","Enterococcus","faecalis","Enterococcus faecalis","Enterococcus faecalis ASV16531","Synthetic demo taxonomy in DADA2-compatible format; replace before biological interpretation"
"ASV16532","Bacteria","Firmicutes","Bacilli","Lactobacillales","Lactobacillaceae","Lactobacillus","gasseri","Lactobacillus gasseri","Lactobacillus gasseri ASV16532","Synthetic demo taxonomy in DADA2-compatible format; replace before biological interpretation"
"ASV16533","Bacteria","Firmicutes","Bacilli","Lactobacillales","Streptococcaceae","Streptococcus","salivarius","Streptococcus salivarius","Streptococcus salivarius ASV16533","Synthetic demo taxonomy in DADA2-compatible format; replace before biological interpretation"
"ASV16534","Bacteria","Firmicutes","Negativicutes","Veillonellales","Veillonellaceae","Veillonella","parvula","Veillonella parvula","Veillonella parvula ASV16534","Synthetic demo taxonomy in DADA2-compatible format; replace before biological interpretation"
"ASV16535","Bacteria","Fusobacteriota","Fusobacteriia","Fusobacteriales","Fusobacteriaceae","Fusobacterium","nucleatum","Fusobacterium nucleatum","Fusobacterium nucleatum ASV16535","Synthetic demo taxonomy in DADA2-compatible format; replace before biological interpretation"
"ASV16536","Bacteria","Bacteroidota","Bacteroidia","Bacteroidales","Rikenellaceae","Alistipes","putredinis","Alistipes putredinis","Alistipes putredinis ASV16536","Synthetic demo taxonomy in DADA2-compatible format; replace before biological interpretation"
"ASV16537","Bacteria","Bacteroidota","Bacteroidia","Bacteroidales","Tannerellaceae","Parabacteroides","distasonis","Parabacteroides distasonis","Parabacteroides distasonis ASV16537","Synthetic demo taxonomy in DADA2-compatible format; replace before biological interpretation"
"ASV16538","Bacteria","Actinobacteriota","Coriobacteriia","Coriobacteriales","Coriobacteriaceae","Collinsella","aerofaciens","Collinsella aerofaciens","Collinsella aerofaciens ASV16538","Synthetic demo taxonomy in DADA2-compatible format; replace before biological interpretation"
"ASV16539","Bacteria","Firmicutes","Clostridia","Lachnospirales","Lachnospiraceae","Coprococcus","comes","Coprococcus comes","Coprococcus comes ASV16539","Synthetic demo taxonomy in DADA2-compatible format; replace before biological interpretation"
"ASV16540","Bacteria","Firmicutes","Clostridia","Lachnospirales","Lachnospiraceae","Eubacterium","rectale","Eubacterium rectale","Eubacterium rectale ASV16540","Synthetic demo taxonomy in DADA2-compatible format; replace before biological interpretation"
"ASV16541","Bacteria","Firmicutes","Clostridia","Lachnospirales","Lachnospiraceae","Anaerostipes","hadrus","Anaerostipes hadrus","Anaerostipes hadrus ASV16541","Synthetic demo taxonomy in DADA2-compatible format; replace before biological interpretation"
"ASV16542","Bacteria","Firmicutes","Clostridia","Lachnospirales","Lachnospiraceae","Dorea","longicatena","Dorea longicatena","Dorea longicatena ASV16542","Synthetic demo taxonomy in DADA2-compatible format; replace before biological interpretation"
"ASV16543","Archaea","Methanobacteriota","Methanobacteria","Methanobacteriales","Methanobacteriaceae","Methanobrevibacter","smithii","Methanobrevibacter smithii","Methanobrevibacter smithii ASV16543","Synthetic demo taxonomy in DADA2-compatible format; replace before biological interpretation"
"ASV16544","Bacteria","Firmicutes","Clostridia","Christensenellales","Christensenellaceae","Christensenella","minuta","Christensenella minuta","Christensenella minuta ASV16544","Synthetic demo taxonomy in DADA2-compatible format; replace before biological interpretation"
"ASV19003","Bacteria","Bacteroidota","Bacteroidia","Bacteroidales","Bacteroidaceae","Bacteroides","vulgatus","Bacteroides vulgatus","Bacteroides vulgatus ASV19003","Synthetic demo taxonomy in DADA2-compatible format; replace before biological interpretation"
"ASV19004","Bacteria","Bacteroidota","Bacteroidia","Bacteroidales","Prevotellaceae","Prevotella","copri","Prevotella copri","Prevotella copri ASV19004","Synthetic demo taxonomy in DADA2-compatible format; replace before biological interpretation"
"ASV19005","Bacteria","Firmicutes","Clostridia","Oscillospirales","Ruminococcaceae","Faecalibacterium","prausnitzii","Faecalibacterium prausnitzii","Faecalibacterium prausnitzii ASV19005","Synthetic demo taxonomy in DADA2-compatible format; replace before biological interpretation"
"ASV19006","Bacteria","Firmicutes","Clostridia","Lachnospirales","Lachnospiraceae","Roseburia","intestinalis","Roseburia intestinalis","Roseburia intestinalis ASV19006","Synthetic demo taxonomy in DADA2-compatible format; replace before biological interpretation"
